natural,leisure,garmin:description,height,leaf_type,brand:wikidata,description,hoops,lit,surface,ref,mapillary,location,residential,fenced,denotation,species,species:en,level:ref,reservation,access,garden:type,operator:type,barrier,golf:course,golf:par,place,wikidata,wikimedia_commons,wikipedia,tourism,architect,construction,shop,is_in:city,is_in:village,operator:wikidata,operator:wikipedia,power,substation,voltage,golf,water,building,building:levels,mobile,industrial,construction:amenity,demolished:building,events_venue,was:leisure,addr:village,duplicate,self_service,mapillary:name,drive_through,addr:state,second_hand,planned:landuse,planned:residential,traffic_calming,construction:building,covered,swimming_pool,developer,length,congregation,admin_level,type,name:it,dispensing,healthcare,geometry
tree,,,,,,,,,,,,,,,,,,,,,,,,,,,,,,,,,,,,,,,,,,,,,,,,,,,,,,,,,,,,,,,,,,,,,,,,POINT (121.0344974 14.5549703)
,sports_centre,,,,,,,,,,,,,,,,,,,,,,,,,,,,,,,,,,,,,,,,,,,,,,,,,,,,,,,,,,,,,,,,,,,,,,,POINT (121.0077967 14.5600596)
,fitness_centre,,,,,,,,,,,,,,,,,,,,,,,,,,,,,,,,,,,,,,,,,,,,,,,,,,,,,,,,,,,,,,,,,,,,,,,POINT (121.0206416 14.5575096)
,pitch,,,,,,,,,,,,,,,,,,,,,,,,,,,,,,,,,,,,,,,,,,,,,,,,,,,,,,,,,,,,,,,,,,,,,,,POINT (121.0231914 14.5318988)
,fitness_centre,,,,,,,,,,,,,,,,,,,,,,,,,,,,,,,,,,,,,,,,,,,,,,,,,,,,,,,,,,,,,,,,,,,,,,,POINT (121.0280844 14.5626489)
,pitch,sports,,,,,,,,,,,,,,,,,,,,,,,,,,,,,,,,,,,,,,,,,,,,,,,,,,,,,,,,,,,,,,,,,,,,,,POINT (121.0153014 14.5474198)
,fitness_centre,,,,,,,,,,,,,,,,,,,,,,,,,,,,,,,,,,,,,,,,,,,,,,,,,,,,,,,,,,,,,,,,,,,,,,,POINT (121.0151871 14.5574848)
tree,,,,,,,,,,,,,,,,,,,,,,,,,,,,,,,,,,,,,,,,,,,,,,,,,,,,,,,,,,,,,,,,,,,,,,,,POINT (121.0341303 14.5549655)
tree,,,,,,,,,,,,,,,,,,,,,,,,,,,,,,,,,,,,,,,,,,,,,,,,,,,,,,,,,,,,,,,,,,,,,,,,POINT (121.0314571 14.5469093)
,fitness_centre,,,,,,,,,,,,,,,,,,,,,,,,,,,,,,,,,,,,,,,,,,,,,,,,,,,,,,,,,,,,,,,,,,,,,,,POINT (121.0102891 14.5463366)
,fitness_centre,,,,,,,,,,,,,,,,,,,,,,,,,,,,,,,,,,,,,,,,,,,,,,,,,,,,,,,,,,,,,,,,,,,,,,,POINT (121.0101824 14.5508797)
,spa,,,,,,,,,,,,,,,,,,,,,,,,,,,,,,,,,,,,,,,,,,,,,,,,,,,,,,,,,,,,,,,,,,,,,,,POINT (121.0208271 14.5547672)
,sports_centre,,,,,,,,,,,,,,,,,,,,,,,,,,,,,,,,,,,,,,,,,,,,,,,,,,,,,,,,,,,,,,,,,,,,,,,POINT (121.0194684 14.5627886)
,fitness_centre,,,,,,,,,,,,,,,,,,,,,,,,,,,,,,,,,,,,,,,,,,,,,,,,,,,,,,,,,,,,,,,,,,,,,,,POINT (121.0246015 14.5521252)
tree,,,3,broadleaved,,,,,,,,,,,,,,,,,,,,,,,,,,,,,,,,,,,,,,,,,,,,,,,,,,,,,,,,,,,,,,,,,,,,POINT (121.0267932 14.5509099)
tree,,,3,broadleaved,,,,,,,,,,,,,,,,,,,,,,,,,,,,,,,,,,,,,,,,,,,,,,,,,,,,,,,,,,,,,,,,,,,,POINT (121.0267452 14.550965)
tree,,,3,broadleaved,,,,,,,,,,,,,,,,,,,,,,,,,,,,,,,,,,,,,,,,,,,,,,,,,,,,,,,,,,,,,,,,,,,,POINT (121.026805 14.5510175)
tree,,,3,broadleaved,,,,,,,,,,,,,,,,,,,,,,,,,,,,,,,,,,,,,,,,,,,,,,,,,,,,,,,,,,,,,,,,,,,,POINT (121.0267522 14.5510727)
tree,,,3,broadleaved,,,,,,,,,,,,,,,,,,,,,,,,,,,,,,,,,,,,,,,,,,,,,,,,,,,,,,,,,,,,,,,,,,,,POINT (121.026805 14.5511245)
tree,,,3,broadleaved,,,,,,,,,,,,,,,,,,,,,,,,,,,,,,,,,,,,,,,,,,,,,,,,,,,,,,,,,,,,,,,,,,,,POINT (121.0267 14.5511272)
tree,,,3,broadleaved,,,,,,,,,,,,,,,,,,,,,,,,,,,,,,,,,,,,,,,,,,,,,,,,,,,,,,,,,,,,,,,,,,,,POINT (121.0268676 14.551177)
tree,,,3,broadleaved,,,,,,,,,,,,,,,,,,,,,,,,,,,,,,,,,,,,,,,,,,,,,,,,,,,,,,,,,,,,,,,,,,,,POINT (121.0267605 14.5511817)
tree,,,3,broadleaved,,,,,,,,,,,,,,,,,,,,,,,,,,,,,,,,,,,,,,,,,,,,,,,,,,,,,,,,,,,,,,,,,,,,POINT (121.0267626 14.5512826)
tree,,,3,broadleaved,,,,,,,,,,,,,,,,,,,,,,,,,,,,,,,,,,,,,,,,,,,,,,,,,,,,,,,,,,,,,,,,,,,,POINT (121.0268745 14.5512833)
tree,,,5,palm,,,,,,,,,,,,,,,,,,,,,,,,,,,,,,,,,,,,,,,,,,,,,,,,,,,,,,,,,,,,,,,,,,,,POINT (121.0272649 14.5513313)
tree,,,3,broadleaved,,,,,,,,,,,,,,,,,,,,,,,,,,,,,,,,,,,,,,,,,,,,,,,,,,,,,,,,,,,,,,,,,,,,POINT (121.0268189 14.5513338)
tree,,,5,palm,,,,,,,,,,,,,,,,,,,,,,,,,,,,,,,,,,,,,,,,,,,,,,,,,,,,,,,,,,,,,,,,,,,,POINT (121.0269127 14.5513378)
tree,,,3,broadleaved,,,,,,,,,,,,,,,,,,,,,,,,,,,,,,,,,,,,,,,,,,,,,,,,,,,,,,,,,,,,,,,,,,,,POINT (121.0267091 14.5513405)
tree,,,5,palm,,,,,,,,,,,,,,,,,,,,,,,,,,,,,,,,,,,,,,,,,,,,,,,,,,,,,,,,,,,,,,,,,,,,POINT (121.0272181 14.5513788)
tree,,,3,broadleaved,,,,,,,,,,,,,,,,,,,,,,,,,,,,,,,,,,,,,,,,,,,,,,,,,,,,,,,,,,,,,,,,,,,,POINT (121.0267661 14.5513923)
tree,,,5,palm,,,,,,,,,,,,,,,,,,,,,,,,,,,,,,,,,,,,,,,,,,,,,,,,,,,,,,,,,,,,,,,,,,,,POINT (121.0271713 14.5514262)
tree,,,3,broadleaved,,,,,,,,,,,,,,,,,,,,,,,,,,,,,,,,,,,,,,,,,,,,,,,,,,,,,,,,,,,,,,,,,,,,POINT (121.0268265 14.5514434)
tree,,,3,broadleaved,,,,,,,,,,,,,,,,,,,,,,,,,,,,,,,,,,,,,,,,,,,,,,,,,,,,,,,,,,,,,,,,,,,,POINT (121.0267153 14.5514448)
tree,,,5,palm,,,,,,,,,,,,,,,,,,,,,,,,,,,,,,,,,,,,,,,,,,,,,,,,,,,,,,,,,,,,,,,,,,,,POINT (121.0271244 14.5514737)
tree,,,3,broadleaved,,,,,,,,,,,,,,,,,,,,,,,,,,,,,,,,,,,,,,,,,,,,,,,,,,,,,,,,,,,,,,,,,,,,POINT (121.0267737 14.5515006)
tree,,,5,palm,,,,,,,,,,,,,,,,,,,,,,,,,,,,,,,,,,,,,,,,,,,,,,,,,,,,,,,,,,,,,,,,,,,,POINT (121.0270776 14.5515212)
tree,,,3,broadleaved,,,,,,,,,,,,,,,,,,,,,,,,,,,,,,,,,,,,,,,,,,,,,,,,,,,,,,,,,,,,,,,,,,,,POINT (121.0267209 14.5515545)
tree,,,5,palm,,,,,,,,,,,,,,,,,,,,,,,,,,,,,,,,,,,,,,,,,,,,,,,,,,,,,,,,,,,,,,,,,,,,POINT (121.0270308 14.5515686)
tree,,,5,palm,,,,,,,,,,,,,,,,,,,,,,,,,,,,,,,,,,,,,,,,,,,,,,,,,,,,,,,,,,,,,,,,,,,,POINT (121.026984 14.5516161)
tree,,,5,palm,,,,,,,,,,,,,,,,,,,,,,,,,,,,,,,,,,,,,,,,,,,,,,,,,,,,,,,,,,,,,,,,,,,,POINT (121.0269372 14.5516635)
tree,,,10,palm,,,,,,,,,,,,,,,,,,,,,,,,,,,,,,,,,,,,,,,,,,,,,,,,,,,,,,,,,,,,,,,,,,,,POINT (121.0268903 14.551711)
,fitness_centre,,,,,,,,,,,,,,,,,,,,,,,,,,,,,,,,,,,,,,,,,,,,,,,,,,,,,,,,,,,,,,,,,,,,,,,POINT (121.0197598 14.5377426)
,escape_game,,,,,,,,,,,,,,,,,,,,,,,,,,,,,,,,,,,,,,,,,,,,,,,,,,,,,,,,,,,,,,,,,,,,,,,POINT (121.0225483 14.5625612)
,fitness_centre,,,,Q127120,,,,,,,,,,,,,,,,,,,,,,,,,,,,,,,,,,,,,,,,,,,,,,,,,,,,,,,,,,,,,,,,,,,POINT (121.0161988 14.5610832)
,karaoke,,,,,,,,,,,,,,,,,,,,,,,,,,,,,,,,,,,,,,,,,,,,,,,,,,,,,,,,,,,,,,,,,,,,,,,POINT (121.0249824 14.5630847)
tree,,,,,,,,,,,,,,,,,,,,,,,,,,,,,,,,,,,,,,,,,,,,,,,,,,,,,,,,,,,,,,,,,,,,,,,,POINT (121.0156952 14.5462189)
tree,,,,,,,,,,,,,,,,,,,,,,,,,,,,,,,,,,,,,,,,,,,,,,,,,,,,,,,,,,,,,,,,,,,,,,,,POINT (121.0289989 14.5641916)
,pitch,,,,,Barangay Sta Cruz Basketball Court,2,yes,wood,,,,,,,,,,,,,,,,,,,,,,,,,,,,,,,,,,,,,,,,,,,,,,,,,,,,,,,,,,,,,,,POINT (121.0149648 14.56747)
,playground,,,,,,,,,,,,,,,,,,,,,,,,,,,,,,,,,,,,,,,,,,,,,,,,,,,,,,,,,,,,,,,,,,,,,,,POINT (121.0135553 14.5599324)
tree,,,,,,,,,,,,,,,,,,,,,,,,,,,,,,,,,,,,,,,,,,,,,,,,,,,,,,,,,,,,,,,,,,,,,,,,POINT (121.0410359 14.554302)
tree,,,,,,,,,,,,,,,,,,,,,,,,,,,,,,,,,,,,,,,,,,,,,,,,,,,,,,,,,,,,,,,,,,,,,,,,POINT (121.0410773 14.5542567)
tree,,,,,,,,,,,,,,,,,,,,,,,,,,,,,,,,,,,,,,,,,,,,,,,,,,,,,,,,,,,,,,,,,,,,,,,,POINT (121.0410945 14.5542354)
tree,,,,,,,,,,,,,,,,,,,,,,,,,,,,,,,,,,,,,,,,,,,,,,,,,,,,,,,,,,,,,,,,,,,,,,,,POINT (121.041109 14.5541709)
tree,,,,,,,,,,,,,,,,,,,,,,,,,,,,,,,,,,,,,,,,,,,,,,,,,,,,,,,,,,,,,,,,,,,,,,,,POINT (121.0410735 14.5541668)
tree,,,,,,,,,,,,,,,,,,,,,,,,,,,,,,,,,,,,,,,,,,,,,,,,,,,,,,,,,,,,,,,,,,,,,,,,POINT (121.0410537 14.5541444)
tree,,,,,,,,,,,,,,,,,,,,,,,,,,,,,,,,,,,,,,,,,,,,,,,,,,,,,,,,,,,,,,,,,,,,,,,,POINT (121.0410853 14.554147)
tree,,,,,,,,,,,,,,,,,,,,,,,,,,,,,,,,,,,,,,,,,,,,,,,,,,,,,,,,,,,,,,,,,,,,,,,,POINT (121.0411095 14.5541553)
tree,,,,,,,,,,,,,,,,,,,,,,,,,,,,,,,,,,,,,,,,,,,,,,,,,,,,,,,,,,,,,,,,,,,,,,,,POINT (121.0410982 14.5541065)
tree,,,,,,,,,,,,,,,,,,,,,,,,,,,,,,,,,,,,,,,,,,,,,,,,,,,,,,,,,,,,,,,,,,,,,,,,POINT (121.0422221 14.551607)
tree,,,,,,,,,,,,,,,,,,,,,,,,,,,,,,,,,,,,,,,,,,,,,,,,,,,,,,,,,,,,,,,,,,,,,,,,POINT (121.0421848 14.5515823)
tree,,,,,,,,,,,,,,,,,,,,,,,,,,,,,,,,,,,,,,,,,,,,,,,,,,,,,,,,,,,,,,,,,,,,,,,,POINT (121.0421584 14.5515515)
tree,,,,,,,,,,,,,,,,,,,,,,,,,,,,,,,,,,,,,,,,,,,,,,,,,,,,,,,,,,,,,,,,,,,,,,,,POINT (121.0421748 14.5515145)
tree,,,,,,,,,,,,,,,,,,,,,,,,,,,,,,,,,,,,,,,,,,,,,,,,,,,,,,,,,,,,,,,,,,,,,,,,POINT (121.0422194 14.5515586)
tree,,,,,,,,,,,,,,,,,,,,,,,,,,,,,,,,,,,,,,,,,,,,,,,,,,,,,,,,,,,,,,,,,,,,,,,,POINT (121.0422703 14.5515489)
tree,,,,,,,,,,,,,,,,,,,,,,,,,,,,,,,,,,,,,,,,,,,,,,,,,,,,,,,,,,,,,,,,,,,,,,,,POINT (121.0421912 14.551482)
tree,,,,,,,,,,,,,,,,,,,,,,,,,,,,,,,,,,,,,,,,,,,,,,,,,,,,,,,,,,,,,,,,,,,,,,,,POINT (121.0421875 14.551445)
tree,,,,,,,,,,,,,,,,,,,,,,,,,,,,,,,,,,,,,,,,,,,,,,,,,,,,,,,,,,,,,,,,,,,,,,,,POINT (121.0422194 14.55143)
tree,,,,,,,,,,,,,,,,,,,,,,,,,,,,,,,,,,,,,,,,,,,,,,,,,,,,,,,,,,,,,,,,,,,,,,,,POINT (121.0422457 14.5514159)
tree,,,,,,,,,,,,,,,,,,,,,,,,,,,,,,,,,,,,,,,,,,,,,,,,,,,,,,,,,,,,,,,,,,,,,,,,POINT (121.0422867 14.5514071)
tree,,,,,,,,,,,,,,,,,,,,,,,,,,,,,,,,,,,,,,,,,,,,,,,,,,,,,,,,,,,,,,,,,,,,,,,,POINT (121.0423503 14.5514864)
tree,,,,,,,,,,,,,,,,,,,,,,,,,,,,,,,,,,,,,,,,,,,,,,,,,,,,,,,,,,,,,,,,,,,,,,,,POINT (121.0423076 14.5515348)
tree,,,,,,,,,,,,,,,,,,,,,,,,,,,,,,,,,,,,,,,,,,,,,,,,,,,,,,,,,,,,,,,,,,,,,,,,POINT (121.0422166 14.5515277)
tree,,,,,,,,,,,,,,,,,,,,,,,,,,,,,,,,,,,,,,,,,,,,,,,,,,,,,,,,,,,,,,,,,,,,,,,,POINT (121.0422285 14.5514934)
tree,,,,,,,,,,,,,,,,,,,,,,,,,,,,,,,,,,,,,,,,,,,,,,,,,,,,,,,,,,,,,,,,,,,,,,,,POINT (121.0422812 14.5515119)
tree,,,,,,,,,,,,,,,,,,,,,,,,,,,,,,,,,,,,,,,,,,,,,,,,,,,,,,,,,,,,,,,,,,,,,,,,POINT (121.0423485 14.5516)
tree,,,,,,,,,,,,,,,,,,,,,,,,,,,,,,,,,,,,,,,,,,,,,,,,,,,,,,,,,,,,,,,,,,,,,,,,POINT (121.0422685 14.551467)
tree,,,,,,,,,,,,,,,,,,,,,,,,,,,,,,,,,,,,,,,,,,,,,,,,,,,,,,,,,,,,,,,,,,,,,,,,POINT (121.0423103 14.5514811)
tree,,,,,,,,,,,,,,,,,,,,,,,,,,,,,,,,,,,,,,,,,,,,,,,,,,,,,,,,,,,,,,,,,,,,,,,,POINT (121.0422767 14.5514467)
,fitness_centre,,,,,,,,,,,,,,,,,,,,,,,,,,,,,,,,,,,,,,,,,,,,,,,,,,,,,,,,,,,,,,,,,,,,,,,POINT (121.0026296 14.5616426)
tree,,,,,,,,,,,,,,,,,,,,,,,,,,,,,,,,,,,,,,,,,,,,,,,,,,,,,,,,,,,,,,,,,,,,,,,,POINT (121.0402338 14.5541102)
tree,,,,,,,,,,,,,,,,,,,,,,,,,,,,,,,,,,,,,,,,,,,,,,,,,,,,,,,,,,,,,,,,,,,,,,,,POINT (121.0402286 14.5540956)
tree,,,,,,,,,,,,,,,,,,,,,,,,,,,,,,,,,,,,,,,,,,,,,,,,,,,,,,,,,,,,,,,,,,,,,,,,POINT (121.040225 14.5540828)
,sauna,,,,,,,,,,,,,,,,,,,,,,,,,,,,,,,,,,,,,,,,,,,,,,,,,,,,,,,,,,,,,,,,,,,,,,,POINT (121.0069986 14.5581096)
,sauna,,,,,,,,,,,,,,,,,,,,,,,,,,,,,,,,,,,,,,,,,,,,,,,,,,,,,,,,,,,,,,,,,,,,,,,POINT (121.0124545 14.5591896)
,playground,,,,,,,,,,,,,,,,,,,,,,,,,,,,,,,,,,,,,,,,,,,,,,,,,,,,,,,,,,,,,,,,,,,,,,,POINT (121.0354314 14.5607295)
tree,,,,,,,,,,,,,,,,,,,,,,,,,,,,,,,,,,,,,,,,,,,,,,,,,,,,,,,,,,,,,,,,,,,,,,,,POINT (121.0233426 14.552693)
tree,,,,,,,,,,,,,,,,,,,,,,,,,,,,,,,,,,,,,,,,,,,,,,,,,,,,,,,,,,,,,,,,,,,,,,,,POINT (121.0233896 14.5527982)
tree,,,,,,,,,,,,,,,,,,,,,,,,,,,,,,,,,,,,,,,,,,,,,,,,,,,,,,,,,,,,,,,,,,,,,,,,POINT (121.0230878 14.5522114)
tree,,,,,,,,,,,,,,,,,,,,,,,,,,,,,,,,,,,,,,,,,,,,,,,,,,,,,,,,,,,,,,,,,,,,,,,,POINT (121.0231243 14.5522735)
tree,,,,,,,,,,,,,,,,,,,,,,,,,,,,,,,,,,,,,,,,,,,,,,,,,,,,,,,,,,,,,,,,,,,,,,,,POINT (121.0230707 14.5521567)
tree,,,,,,,,,,,,,,,,,,,,,,,,,,,,,,,,,,,,,,,,,,,,,,,,,,,,,,,,,,,,,,,,,,,,,,,,POINT (121.02369 14.553353)
tree,,,,,,,,,,,,,,,,,,,,,,,,,,,,,,,,,,,,,,,,,,,,,,,,,,,,,,,,,,,,,,,,,,,,,,,,POINT (121.0237222 14.5534192)
tree,,,,,,,,,,,,,,,,,,,,,,,,,,,,,,,,,,,,,,,,,,,,,,,,,,,,,,,,,,,,,,,,,,,,,,,,POINT (121.0237463 14.5534711)
tree,,,,,,,,,,,,,,,,,,,,,,,,,,,,,,,,,,,,,,,,,,,,,,,,,,,,,,,,,,,,,,,,,,,,,,,,POINT (121.0237691 14.5535256)
tree,,,,,,,,,,,,,,,,,,,,,,,,,,,,,,,,,,,,,,,,,,,,,,,,,,,,,,,,,,,,,,,,,,,,,,,,POINT (121.0237999 14.5535775)
tree,,,,,,,,,,,,,,,,,,,,,,,,,,,,,,,,,,,,,,,,,,,,,,,,,,,,,,,,,,,,,,,,,,,,,,,,POINT (121.0238281 14.5536321)
tree,,,,,,,,,,,,,,,,,,,,,,,,,,,,,,,,,,,,,,,,,,,,,,,,,,,,,,,,,,,,,,,,,,,,,,,,POINT (121.0238603 14.5536918)
tree,,,,,,,,,,,,,,,,,,,,,,,,,,,,,,,,,,,,,,,,,,,,,,,,,,,,,,,,,,,,,,,,,,,,,,,,POINT (121.0238898 14.5537541)
tree,,,,,,,,,,,,,,,,,,,,,,,,,,,,,,,,,,,,,,,,,,,,,,,,,,,,,,,,,,,,,,,,,,,,,,,,POINT (121.0239408 14.5538151)
tree,,,,,,,,,,,,,,,,,,,,,,,,,,,,,,,,,,,,,,,,,,,,,,,,,,,,,,,,,,,,,,,,,,,,,,,,POINT (121.0251737 14.5541712)
tree,,,,,,,,,,,,,,,,,,,,,,,,,,,,,,,,,,,,,,,,,,,,,,,,,,,,,,,,,,,,,,,,,,,,,,,,POINT (121.0253078 14.5540803)
tree,,,,,,,,,,,,,,,,,,,,,,,,,,,,,,,,,,,,,,,,,,,,,,,,,,,,,,,,,,,,,,,,,,,,,,,,POINT (121.0254178 14.5540089)
tree,,,,,,,,,,,,,,,,,,,,,,,,,,,,,,,,,,,,,,,,,,,,,,,,,,,,,,,,,,,,,,,,,,,,,,,,POINT (121.025521 14.5539466)
tree,,,,,,,,,,,,,,,,,,,,,,,,,,,,,,,,,,,,,,,,,,,,,,,,,,,,,,,,,,,,,,,,,,,,,,,,POINT (121.0257866 14.5537532)
tree,,,,,,,,,,,,,,,,,,,,,,,,,,,,,,,,,,,,,,,,,,,,,,,,,,,,,,,,,,,,,,,,,,,,,,,,POINT (121.0256699 14.5538428)
tree,,,,,,,,,,,,,,,,,,,,,,,,,,,,,,,,,,,,,,,,,,,,,,,,,,,,,,,,,,,,,,,,,,,,,,,,POINT (121.0258831 14.5536844)
tree,,,,,,,,,,,,,,,,,,,,,,,,,,,,,,,,,,,,,,,,,,,,,,,,,,,,,,,,,,,,,,,,,,,,,,,,POINT (121.0259743 14.5536156)
tree,,,,,,,,,,,,,,,,,,,,,,,,,,,,,,,,,,,,,,,,,,,,,,,,,,,,,,,,,,,,,,,,,,,,,,,,POINT (121.0260696 14.5535248)
tree,,,,,,,,,,,,,,,,,,,,,,,,,,,,,,,,,,,,,,,,,,,,,,,,,,,,,,,,,,,,,,,,,,,,,,,,POINT (121.0261728 14.5534482)
tree,,,,,,,,,,,,,,,,,,,,,,,,,,,,,,,,,,,,,,,,,,,,,,,,,,,,,,,,,,,,,,,,,,,,,,,,POINT (121.0258013 14.5527381)
tree,,,,,,,,,,,,,,,,,,,,,,,,,,,,,,,,,,,,,,,,,,,,,,,,,,,,,,,,,,,,,,,,,,,,,,,,POINT (121.0258805 14.5528134)
tree,,,,,,,,,,,,,,,,,,,,,,,,,,,,,,,,,,,,,,,,,,,,,,,,,,,,,,,,,,,,,,,,,,,,,,,,POINT (121.025973 14.5529004)
tree,,,,,,,,,,,,,,,,,,,,,,,,,,,,,,,,,,,,,,,,,,,,,,,,,,,,,,,,,,,,,,,,,,,,,,,,POINT (121.026032 14.552951)
tree,,,,,,,,,,,,,,,,,,,,,,,,,,,,,,,,,,,,,,,,,,,,,,,,,,,,,,,,,,,,,,,,,,,,,,,,POINT (121.0260991 14.5530159)
tree,,,,,,,,,,,,,,,,,,,,,,,,,,,,,,,,,,,,,,,,,,,,,,,,,,,,,,,,,,,,,,,,,,,,,,,,POINT (121.024762 14.5530016)
tree,,,,,,,,,,,,,,,,,,,,,,,,,,,,,,,,,,,,,,,,,,,,,,,,,,,,,,,,,,,,,,,,,,,,,,,,POINT (121.0248572 14.5531301)
tree,,,,,,,,,,,,,,,,,,,,,,,,,,,,,,,,,,,,,,,,,,,,,,,,,,,,,,,,,,,,,,,,,,,,,,,,POINT (121.0247379 14.5531691)
tree,,,,,,,,,,,,,,,,,,,,,,,,,,,,,,,,,,,,,,,,,,,,,,,,,,,,,,,,,,,,,,,,,,,,,,,,POINT (121.0248559 14.5532054)
tree,,,,,,,,,,,,,,,,,,,,,,,,,,,,,,,,,,,,,,,,,,,,,,,,,,,,,,,,,,,,,,,,,,,,,,,,POINT (121.0250168 14.5531392)
tree,,,,,,,,,,,,,,,,,,,,,,,,,,,,,,,,,,,,,,,,,,,,,,,,,,,,,,,,,,,,,,,,,,,,,,,,POINT (121.0246467 14.552951)
tree,,,,,,,,,,,,,,,,,,,,,,,,,,,,,,,,,,,,,,,,,,,,,,,,,,,,,,,,,,,,,,,,,,,,,,,,POINT (121.0245555 14.5530237)
tree,,,,,,,,,,,,,,,,,,,,,,,,,,,,,,,,,,,,,,,,,,,,,,,,,,,,,,,,,,,,,,,,,,,,,,,,POINT (121.0250195 14.5532339)
tree,,,,,,,,,,,,,,,,,,,,,,,,,,,,,,,,,,,,,,,,,,,,,,,,,,,,,,,,,,,,,,,,,,,,,,,,POINT (121.0251013 14.5532067)
tree,,,,,,,,,,,,,,,,,,,,,,,,,,,,,,,,,,,,,,,,,,,,,,,,,,,,,,,,,,,,,,,,,,,,,,,,POINT (121.0240506 14.5511923)
tree,,,,,,,,,,,,,,,,,,,,,,,,,,,,,,,,,,,,,,,,,,,,,,,,,,,,,,,,,,,,,,,,,,,,,,,,POINT (121.0241646 14.5511351)
tree,,,,,,,,,,,,,,,,,,,,,,,,,,,,,,,,,,,,,,,,,,,,,,,,,,,,,,,,,,,,,,,,,,,,,,,,POINT (121.0242384 14.5510806)
tree,,,,,,,,,,,,,,,,,,,,,,,,,,,,,,,,,,,,,,,,,,,,,,,,,,,,,,,,,,,,,,,,,,,,,,,,POINT (121.0242987 14.5509729)
tree,,,,,,,,,,,,,,,,,,,,,,,,,,,,,,,,,,,,,,,,,,,,,,,,,,,,,,,,,,,,,,,,,,,,,,,,POINT (121.0243511 14.5508937)
tree,,,,,,,,,,,,,,,,,,,,,,,,,,,,,,,,,,,,,,,,,,,,,,,,,,,,,,,,,,,,,,,,,,,,,,,,POINT (121.0244208 14.5508145)
tree,,,,,,,,,,,,,,,,,,,,,,,,,,,,,,,,,,,,,,,,,,,,,,,,,,,,,,,,,,,,,,,,,,,,,,,,POINT (121.0244744 14.5507457)
tree,,,,,,,,,,,,,,,,,,,,,,,,,,,,,,,,,,,,,,,,,,,,,,,,,,,,,,,,,,,,,,,,,,,,,,,,POINT (121.0245254 14.5506782)
tree,,,,,,,,,,,,,,,,,,,,,,,,,,,,,,,,,,,,,,,,,,,,,,,,,,,,,,,,,,,,,,,,,,,,,,,,POINT (121.0245871 14.5506302)
tree,,,,,,,,,,,,,,,,,,,,,,,,,,,,,,,,,,,,,,,,,,,,,,,,,,,,,,,,,,,,,,,,,,,,,,,,POINT (121.0246649 14.5505666)
tree,,,,,,,,,,,,,,,,,,,,,,,,,,,,,,,,,,,,,,,,,,,,,,,,,,,,,,,,,,,,,,,,,,,,,,,,POINT (121.0247292 14.5505276)
tree,,,,,,,,,,,,,,,,,,,,,,,,,,,,,,,,,,,,,,,,,,,,,,,,,,,,,,,,,,,,,,,,,,,,,,,,POINT (121.0248191 14.5504588)
tree,,,,,,,,,,,,,,,,,,,,,,,,,,,,,,,,,,,,,,,,,,,,,,,,,,,,,,,,,,,,,,,,,,,,,,,,POINT (121.024917 14.5503978)
tree,,,,,,,,,,,,,,,,,,,,,,,,,,,,,,,,,,,,,,,,,,,,,,,,,,,,,,,,,,,,,,,,,,,,,,,,POINT (121.0250122 14.5503511)
tree,,,,,,,,,,,,,,,,,,,,,,,,,,,,,,,,,,,,,,,,,,,,,,,,,,,,,,,,,,,,,,,,,,,,,,,,POINT (121.0251021 14.5503083)
tree,,,,,,,,,,,,,,,,,,,,,,,,,,,,,,,,,,,,,,,,,,,,,,,,,,,,,,,,,,,,,,,,,,,,,,,,POINT (121.0251933 14.550268)
tree,,,,,,,,,,,,,,,,,,,,,,,,,,,,,,,,,,,,,,,,,,,,,,,,,,,,,,,,,,,,,,,,,,,,,,,,POINT (121.0253073 14.5502356)
tree,,,,,,,,,,,,,,,,,,,,,,,,,,,,,,,,,,,,,,,,,,,,,,,,,,,,,,,,,,,,,,,,,,,,,,,,POINT (121.0253891 14.5501992)
tree,,,,,,,,,,,,,,,,,,,,,,,,,,,,,,,,,,,,,,,,,,,,,,,,,,,,,,,,,,,,,,,,,,,,,,,,POINT (121.0244262 14.5542103)
tree,,,,,,,,,,,,,,,,,,,,,,,,,,,,,,,,,,,,,,,,,,,,,,,,,,,,,,,,,,,,,,,,,,,,,,,,POINT (121.0244811 14.5542596)
tree,,,,,,,,,,,,,,,,,,,,,,,,,,,,,,,,,,,,,,,,,,,,,,,,,,,,,,,,,,,,,,,,,,,,,,,,POINT (121.0245643 14.5542505)
tree,,,,,,,,,,,,,,,,,,,,,,,,,,,,,,,,,,,,,,,,,,,,,,,,,,,,,,,,,,,,,,,,,,,,,,,,POINT (121.0246622 14.5542142)
tree,,,,,,,,,,,,,,,,,,,,,,,,,,,,,,,,,,,,,,,,,,,,,,,,,,,,,,,,,,,,,,,,,,,,,,,,POINT (121.0247333 14.5541597)
tree,,,,,,,,,,,,,,,,,,,,,,,,,,,,,,,,,,,,,,,,,,,,,,,,,,,,,,,,,,,,,,,,,,,,,,,,POINT (121.0243229 14.5540857)
tree,,,,,,,,,,,,,,,,,,,,,,,,,,,,,,,,,,,,,,,,,,,,,,,,,,,,,,,,,,,,,,,,,,,,,,,,POINT (121.0243685 14.5541441)
tree,,,,,,,,,,,,,,,,,,,,,,,,,,,,,,,,,,,,,,,,,,,,,,,,,,,,,,,,,,,,,,,,,,,,,,,,POINT (121.0242827 14.5540286)
tree,,,,,,,,,,,,,,,,,,,,,,,,,,,,,,,,,,,,,,,,,,,,,,,,,,,,,,,,,,,,,,,,,,,,,,,,POINT (121.0242558 14.5539494)
tree,,,,,,,,,,,,,,,,,,,,,,,,,,,,,,,,,,,,,,,,,,,,,,,,,,,,,,,,,,,,,,,,,,,,,,,,POINT (121.0248097 14.554122)
tree,,,,,,,,,,,,,,,,,,,,,,,,,,,,,,,,,,,,,,,,,,,,,,,,,,,,,,,,,,,,,,,,,,,,,,,,POINT (121.0248727 14.554074)
tree,,,,,,,,,,,,,,,,,,,,,,,,,,,,,,,,,,,,,,,,,,,,,,,,,,,,,,,,,,,,,,,,,,,,,,,,POINT (121.0249371 14.5540337)
tree,,,,,,,,,,,,,,,,,,,,,,,,,,,,,,,,,,,,,,,,,,,,,,,,,,,,,,,,,,,,,,,,,,,,,,,,POINT (121.0242076 14.5539091)
tree,,,,,,,,,,,,,,,,,,,,,,,,,,,,,,,,,,,,,,,,,,,,,,,,,,,,,,,,,,,,,,,,,,,,,,,,POINT (121.0241593 14.5538377)
tree,,,,,,,,,,,,,,,,,,,,,,,,,,,,,,,,,,,,,,,,,,,,,,,,,,,,,,,,,,,,,,,,,,,,,,,,POINT (121.0244034 14.5551916)
tree,,,,,,,,,,,,,,,,,,,,,,,,,,,,,,,,,,,,,,,,,,,,,,,,,,,,,,,,,,,,,,,,,,,,,,,,POINT (121.0244624 14.5553033)
tree,,,,,,,,,,,,,,,,,,,,,,,,,,,,,,,,,,,,,,,,,,,,,,,,,,,,,,,,,,,,,,,,,,,,,,,,POINT (121.0245026 14.5553798)
tree,,,,,,,,,,,,,,,,,,,,,,,,,,,,,,,,,,,,,,,,,,,,,,,,,,,,,,,,,,,,,,,,,,,,,,,,POINT (121.0241687 14.5552864)
tree,,,,,,,,,,,,,,,,,,,,,,,,,,,,,,,,,,,,,,,,,,,,,,,,,,,,,,,,,,,,,,,,,,,,,,,,POINT (121.0248178 14.5555681)
tree,,,,,,,,,,,,,,,,,,,,,,,,,,,,,,,,,,,,,,,,,,,,,,,,,,,,,,,,,,,,,,,,,,,,,,,,POINT (121.0249009 14.5556927)
tree,,,,,,,,,,,,,,,,,,,,,,,,,,,,,,,,,,,,,,,,,,,,,,,,,,,,,,,,,,,,,,,,,,,,,,,,POINT (121.0249452 14.5557965)
tree,,,,,,,,,,,,,,,,,,,,,,,,,,,,,,,,,,,,,,,,,,,,,,,,,,,,,,,,,,,,,,,,,,,,,,,,POINT (121.0249814 14.55589)
tree,,,,,,,,,,,,,,,,,,,,,,,,,,,,,,,,,,,,,,,,,,,,,,,,,,,,,,,,,,,,,,,,,,,,,,,,POINT (121.0250381 14.5560001)
tree,,,,,,,,,,,,,,,,,,,,,,,,,,,,,,,,,,,,,,,,,,,,,,,,,,,,,,,,,,,,,,,,,,,,,,,,POINT (121.0250887 14.556086)
tree,,,,,,,,,,,,,,,,,,,,,,,,,,,,,,,,,,,,,,,,,,,,,,,,,,,,,,,,,,,,,,,,,,,,,,,,POINT (121.0251233 14.5561653)
tree,,,,,,,,,,,,,,,,,,,,,,,,,,,,,,,,,,,,,,,,,,,,,,,,,,,,,,,,,,,,,,,,,,,,,,,,POINT (121.0252228 14.5563144)
tree,,,,,,,,,,,,,,,,,,,,,,,,,,,,,,,,,,,,,,,,,,,,,,,,,,,,,,,,,,,,,,,,,,,,,,,,POINT (121.0252984 14.556505)
tree,,,,,,,,,,,,,,,,,,,,,,,,,,,,,,,,,,,,,,,,,,,,,,,,,,,,,,,,,,,,,,,,,,,,,,,,POINT (121.0253498 14.5566047)
tree,,,,,,,,,,,,,,,,,,,,,,,,,,,,,,,,,,,,,,,,,,,,,,,,,,,,,,,,,,,,,,,,,,,,,,,,POINT (121.0253983 14.5566988)
tree,,,,,,,,,,,,,,,,,,,,,,,,,,,,,,,,,,,,,,,,,,,,,,,,,,,,,,,,,,,,,,,,,,,,,,,,POINT (121.0254601 14.5568025)
tree,,,,,,,,,,,,,,,,,,,,,,,,,,,,,,,,,,,,,,,,,,,,,,,,,,,,,,,,,,,,,,,,,,,,,,,,POINT (121.025503 14.5569019)
tree,,,,,,,,,,,,,,,,,,,,,,,,,,,,,,,,,,,,,,,,,,,,,,,,,,,,,,,,,,,,,,,,,,,,,,,,POINT (121.0255436 14.5569808)
tree,,,,,,,,,,,,,,,,,,,,,,,,,,,,,,,,,,,,,,,,,,,,,,,,,,,,,,,,,,,,,,,,,,,,,,,,POINT (121.0256264 14.5571413)
tree,,,,,,,,,,,,,,,,,,,,,,,,,,,,,,,,,,,,,,,,,,,,,,,,,,,,,,,,,,,,,,,,,,,,,,,,POINT (121.0255889 14.5570686)
tree,,,,,,,,,,,,,,,,,,,,,,,,,,,,,,,,,,,,,,,,,,,,,,,,,,,,,,,,,,,,,,,,,,,,,,,,POINT (121.0256989 14.5549086)
tree,,,,,,,,,,,,,,,,,,,,,,,,,,,,,,,,,,,,,,,,,,,,,,,,,,,,,,,,,,,,,,,,,,,,,,,,POINT (121.0256211 14.5551786)
tree,,,,,,,,,,,,,,,,,,,,,,,,,,,,,,,,,,,,,,,,,,,,,,,,,,,,,,,,,,,,,,,,,,,,,,,,POINT (121.0254172 14.5552397)
tree,,,,,,,,,,,,,,,,,,,,,,,,,,,,,,,,,,,,,,,,,,,,,,,,,,,,,,,,,,,,,,,,,,,,,,,,POINT (121.0258129 14.5546659)
tree,,,,,,,,,,,,,,,,,,,,,,,,,,,,,,,,,,,,,,,,,,,,,,,,,,,,,,,,,,,,,,,,,,,,,,,,POINT (121.026061 14.5544686)
tree,,,,,,,,,,,,,,,,,,,,,,,,,,,,,,,,,,,,,,,,,,,,,,,,,,,,,,,,,,,,,,,,,,,,,,,,POINT (121.0258893 14.5544271)
tree,,,,,,,,,,,,,,,,,,,,,,,,,,,,,,,,,,,,,,,,,,,,,,,,,,,,,,,,,,,,,,,,,,,,,,,,POINT (121.0259993 14.5543531)
tree,,,,,,,,,,,,,,,,,,,,,,,,,,,,,,,,,,,,,,,,,,,,,,,,,,,,,,,,,,,,,,,,,,,,,,,,POINT (121.025947 14.5545737)
tree,,,,,,,,,,,,,,,,,,,,,,,,,,,,,,,,,,,,,,,,,,,,,,,,,,,,,,,,,,,,,,,,,,,,,,,,POINT (121.0257002 14.5554551)
tree,,,,,,,,,,,,,,,,,,,,,,,,,,,,,,,,,,,,,,,,,,,,,,,,,,,,,,,,,,,,,,,,,,,,,,,,POINT (121.0257927 14.5557952)
tree,,,,,,,,,,,,,,,,,,,,,,,,,,,,,,,,,,,,,,,,,,,,,,,,,,,,,,,,,,,,,,,,,,,,,,,,POINT (121.0256036 14.555912)
tree,,,,,,,,,,,,,,,,,,,,,,,,,,,,,,,,,,,,,,,,,,,,,,,,,,,,,,,,,,,,,,,,,,,,,,,,POINT (121.0257538 14.5556979)
tree,,,,,,,,,,,,,,,,,,,,,,,,,,,,,,,,,,,,,,,,,,,,,,,,,,,,,,,,,,,,,,,,,,,,,,,,POINT (121.0257243 14.5556005)
tree,,,,,,,,,,,,,,,,,,,,,,,,,,,,,,,,,,,,,,,,,,,,,,,,,,,,,,,,,,,,,,,,,,,,,,,,POINT (121.0257136 14.5555343)
tree,,,,,,,,,,,,,,,,,,,,,,,,,,,,,,,,,,,,,,,,,,,,,,,,,,,,,,,,,,,,,,,,,,,,,,,,POINT (121.0235142 14.5552591)
tree,,,,,,,,,,,,,,,,,,,,,,,,,,,,,,,,,,,,,,,,,,,,,,,,,,,,,,,,,,,,,,,,,,,,,,,,POINT (121.023415 14.5553253)
tree,,,,,,,,,,,,,,,,,,,,,,,,,,,,,,,,,,,,,,,,,,,,,,,,,,,,,,,,,,,,,,,,,,,,,,,,POINT (121.0233157 14.5553863)
tree,,,,,,,,,,,,,,,,,,,,,,,,,,,,,,,,,,,,,,,,,,,,,,,,,,,,,,,,,,,,,,,,,,,,,,,,POINT (121.0231964 14.5554616)
tree,,,,,,,,,,,,,,,,,,,,,,,,,,,,,,,,,,,,,,,,,,,,,,,,,,,,,,,,,,,,,,,,,,,,,,,,POINT (121.0230985 14.5555239)
tree,,,,,,,,,,,,,,,,,,,,,,,,,,,,,,,,,,,,,,,,,,,,,,,,,,,,,,,,,,,,,,,,,,,,,,,,POINT (121.0229818 14.5556122)
tree,,,,,,,,,,,,,,,,,,,,,,,,,,,,,,,,,,,,,,,,,,,,,,,,,,,,,,,,,,,,,,,,,,,,,,,,POINT (121.0226304 14.5558329)
tree,,,,,,,,,,,,,,,,,,,,,,,,,,,,,,,,,,,,,,,,,,,,,,,,,,,,,,,,,,,,,,,,,,,,,,,,POINT (121.0225137 14.5559146)
tree,,,,,,,,,,,,,,,,,,,,,,,,,,,,,,,,,,,,,,,,,,,,,,,,,,,,,,,,,,,,,,,,,,,,,,,,POINT (121.0224453 14.5559601)
tree,,,,,,,,,,,,,,,,,,,,,,,,,,,,,,,,,,,,,,,,,,,,,,,,,,,,,,,,,,,,,,,,,,,,,,,,POINT (121.0223313 14.5560444)
tree,,,,,,,,,,,,,,,,,,,,,,,,,,,,,,,,,,,,,,,,,,,,,,,,,,,,,,,,,,,,,,,,,,,,,,,,POINT (121.0222308 14.5561068)
tree,,,,,,,,,,,,,,,,,,,,,,,,,,,,,,,,,,,,,,,,,,,,,,,,,,,,,,,,,,,,,,,,,,,,,,,,POINT (121.0221288 14.5561769)
tree,,,,,,,,,,,,,,,,,,,,,,,,,,,,,,,,,,,,,,,,,,,,,,,,,,,,,,,,,,,,,,,,,,,,,,,,POINT (121.0220122 14.5562664)
tree,,,,,,,,,,,,,,,,,,,,,,,,,,,,,,,,,,,,,,,,,,,,,,,,,,,,,,,,,,,,,,,,,,,,,,,,POINT (121.021921 14.5563235)
tree,,,,,,,,,,,,,,,,,,,,,,,,,,,,,,,,,,,,,,,,,,,,,,,,,,,,,,,,,,,,,,,,,,,,,,,,POINT (121.0217989 14.5563806)
tree,,,,,,,,,,,,,,,,,,,,,,,,,,,,,,,,,,,,,,,,,,,,,,,,,,,,,,,,,,,,,,,,,,,,,,,,POINT (121.0216863 14.5564702)
tree,,,,,,,,,,,,,,,,,,,,,,,,,,,,,,,,,,,,,,,,,,,,,,,,,,,,,,,,,,,,,,,,,,,,,,,,POINT (121.0215897 14.5565234)
tree,,,,,,,,,,,,,,,,,,,,,,,,,,,,,,,,,,,,,,,,,,,,,,,,,,,,,,,,,,,,,,,,,,,,,,,,POINT (121.0218311 14.5566493)
tree,,,,,,,,,,,,,,,,,,,,,,,,,,,,,,,,,,,,,,,,,,,,,,,,,,,,,,,,,,,,,,,,,,,,,,,,POINT (121.021807 14.5567285)
tree,,,,,,,,,,,,,,,,,,,,,,,,,,,,,,,,,,,,,,,,,,,,,,,,,,,,,,,,,,,,,,,,,,,,,,,,POINT (121.0218888 14.5567675)
tree,,,,,,,,,,,,,,,,,,,,,,,,,,,,,,,,,,,,,,,,,,,,,,,,,,,,,,,,,,,,,,,,,,,,,,,,POINT (121.0226653 14.5572756)
tree,,,,,,,,,,,,,,,,,,,,,,,,,,,,,,,,,,,,,,,,,,,,,,,,,,,,,,,,,,,,,,,,,,,,,,,,POINT (121.0225456 14.5572412)
tree,,,,,,,,,,,,,,,,,,,,,,,,,,,,,,,,,,,,,,,,,,,,,,,,,,,,,,,,,,,,,,,,,,,,,,,,POINT (121.0224125 14.5572029)
tree,,,,,,,,,,,,,,,,,,,,,,,,,,,,,,,,,,,,,,,,,,,,,,,,,,,,,,,,,,,,,,,,,,,,,,,,POINT (121.0222866 14.5571667)
tree,,,,,,,,,,,,,,,,,,,,,,,,,,,,,,,,,,,,,,,,,,,,,,,,,,,,,,,,,,,,,,,,,,,,,,,,POINT (121.0221557 14.557129)
tree,,,,,,,,,,,,,,,,,,,,,,,,,,,,,,,,,,,,,,,,,,,,,,,,,,,,,,,,,,,,,,,,,,,,,,,,POINT (121.0220417 14.5570608)
tree,,,,,,,,,,,,,,,,,,,,,,,,,,,,,,,,,,,,,,,,,,,,,,,,,,,,,,,,,,,,,,,,,,,,,,,,POINT (121.0260678 14.5478921)
tree,,,,,,,,,,,,,,,,,,,,,,,,,,,,,,,,,,,,,,,,,,,,,,,,,,,,,,,,,,,,,,,,,,,,,,,,POINT (121.025994 14.5479051)
tree,,,,,,,,,,,,,,,,,,,,,,,,,,,,,,,,,,,,,,,,,,,,,,,,,,,,,,,,,,,,,,,,,,,,,,,,POINT (121.0259203 14.5481517)
tree,,,,,,,,,,,,,,,,,,,,,,,,,,,,,,,,,,,,,,,,,,,,,,,,,,,,,,,,,,,,,,,,,,,,,,,,POINT (121.0257727 14.5481089)
tree,,,,,,,,,,,,,,,,,,,,,,,,,,,,,,,,,,,,,,,,,,,,,,,,,,,,,,,,,,,,,,,,,,,,,,,,POINT (121.0259444 14.5479233)
tree,,,,,,,,,,,,,,,,,,,,,,,,,,,,,,,,,,,,,,,,,,,,,,,,,,,,,,,,,,,,,,,,,,,,,,,,POINT (121.025695 14.5487268)
tree,,,,,,,,,,,,,,,,,,,,,,,,,,,,,,,,,,,,,,,,,,,,,,,,,,,,,,,,,,,,,,,,,,,,,,,,POINT (121.0258283 14.5488285)
tree,,,,,,,,,,,,,,,,,,,,,,,,,,,,,,,,,,,,,,,,,,,,,,,,,,,,,,,,,,,,,,,,,,,,,,,,POINT (121.0259337 14.5489306)
tree,,,,,,,,,,,,,,,,,,,,,,,,,,,,,,,,,,,,,,,,,,,,,,,,,,,,,,,,,,,,,,,,,,,,,,,,POINT (121.023694 14.5513697)
tree,,,,,,,,,,,,,,,,,,,,,,,,,,,,,,,,,,,,,,,,,,,,,,,,,,,,,,,,,,,,,,,,,,,,,,,,POINT (121.0236055 14.5514113)
tree,,,,,,,,,,,,,,,,,,,,,,,,,,,,,,,,,,,,,,,,,,,,,,,,,,,,,,,,,,,,,,,,,,,,,,,,POINT (121.0235331 14.5514528)
tree,,,,,,,,,,,,,,,,,,,,,,,,,,,,,,,,,,,,,,,,,,,,,,,,,,,,,,,,,,,,,,,,,,,,,,,,POINT (121.023458 14.5514982)
tree,,,,,,,,,,,,,,,,,,,,,,,,,,,,,,,,,,,,,,,,,,,,,,,,,,,,,,,,,,,,,,,,,,,,,,,,POINT (121.0233306 14.551554)
tree,,,,,,,,,,,,,,,,,,,,,,,,,,,,,,,,,,,,,,,,,,,,,,,,,,,,,,,,,,,,,,,,,,,,,,,,POINT (121.0232635 14.5515891)
tree,,,,,,,,,,,,,,,,,,,,,,,,,,,,,,,,,,,,,,,,,,,,,,,,,,,,,,,,,,,,,,,,,,,,,,,,POINT (121.0231844 14.5516332)
tree,,,,,,,,,,,,,,,,,,,,,,,,,,,,,,,,,,,,,,,,,,,,,,,,,,,,,,,,,,,,,,,,,,,,,,,,POINT (121.0231241 14.5516683)
tree,,,,,,,,,,,,,,,,,,,,,,,,,,,,,,,,,,,,,,,,,,,,,,,,,,,,,,,,,,,,,,,,,,,,,,,,POINT (121.0230396 14.5517085)
tree,,,,,,,,,,,,,,,,,,,,,,,,,,,,,,,,,,,,,,,,,,,,,,,,,,,,,,,,,,,,,,,,,,,,,,,,POINT (121.0248394 14.5532766)
tree,,,,,,,,,,,,,,,,,,,,,,,,,,,,,,,,,,,,,,,,,,,,,,,,,,,,,,,,,,,,,,,,,,,,,,,,POINT (121.0246811 14.5532)
tree,,,,,,,,,,,,,,,,,,,,,,,,,,,,,,,,,,,,,,,,,,,,,,,,,,,,,,,,,,,,,,,,,,,,,,,,POINT (121.0251451 14.5532883)
tree,,,,,,,,,,,,,,,,,,,,,,,,,,,,,,,,,,,,,,,,,,,,,,,,,,,,,,,,,,,,,,,,,,,,,,,,POINT (121.0251961 14.5539879)
tree,,,,,,,,,,,,,,,,,,,,,,,,,,,,,,,,,,,,,,,,,,,,,,,,,,,,,,,,,,,,,,,,,,,,,,,,POINT (121.0252752 14.5539256)
tree,,,,,,,,,,,,,,,,,,,,,,,,,,,,,,,,,,,,,,,,,,,,,,,,,,,,,,,,,,,,,,,,,,,,,,,,POINT (121.0254629 14.5537971)
tree,,,,,,,,,,,,,,,,,,,,,,,,,,,,,,,,,,,,,,,,,,,,,,,,,,,,,,,,,,,,,,,,,,,,,,,,POINT (121.0253677 14.5538646)
tree,,,,,,,,,,,,,,,,,,,,,,,,,,,,,,,,,,,,,,,,,,,,,,,,,,,,,,,,,,,,,,,,,,,,,,,,POINT (121.0255474 14.5537452)
tree,,,,,,,,,,,,,,,,,,,,,,,,,,,,,,,,,,,,,,,,,,,,,,,,,,,,,,,,,,,,,,,,,,,,,,,,POINT (121.0250754 14.5540593)
tree,,,,,,,,,,,,,,,,,,,,,,,,,,,,,,,,,,,,,,,,,,,,,,,,,,,,,,,,,,,,,,,,,,,,,,,,POINT (121.0249399 14.5541424)
tree,,,,,,,,,,,,,,,,,,,,,,,,,,,,,,,,,,,,,,,,,,,,,,,,,,,,,,,,,,,,,,,,,,,,,,,,POINT (121.0247294 14.5543073)
tree,,,,,,,,,,,,,,,,,,,,,,,,,,,,,,,,,,,,,,,,,,,,,,,,,,,,,,,,,,,,,,,,,,,,,,,,POINT (121.0248138 14.5542398)
tree,,,,,,,,,,,,,,,,,,,,,,,,,,,,,,,,,,,,,,,,,,,,,,,,,,,,,,,,,,,,,,,,,,,,,,,,POINT (121.0247039 14.5546292)
tree,,,,,,,,,,,,,,,,,,,,,,,,,,,,,,,,,,,,,,,,,,,,,,,,,,,,,,,,,,,,,,,,,,,,,,,,POINT (121.0248903 14.5545163)
tree,,,,,,,,,,,,,,,,,,,,,,,,,,,,,,,,,,,,,,,,,,,,,,,,,,,,,,,,,,,,,,,,,,,,,,,,POINT (121.0249869 14.5544695)
tree,,,,,,,,,,,,,,,,,,,,,,,,,,,,,,,,,,,,,,,,,,,,,,,,,,,,,,,,,,,,,,,,,,,,,,,,POINT (121.025129 14.5543735)
tree,,,,,,,,,,,,,,,,,,,,,,,,,,,,,,,,,,,,,,,,,,,,,,,,,,,,,,,,,,,,,,,,,,,,,,,,POINT (121.0251827 14.5543332)
tree,,,,,,,,,,,,,,,,,,,,,,,,,,,,,,,,,,,,,,,,,,,,,,,,,,,,,,,,,,,,,,,,,,,,,,,,POINT (121.0255059 14.5541281)
tree,,,,,,,,,,,,,,,,,,,,,,,,,,,,,,,,,,,,,,,,,,,,,,,,,,,,,,,,,,,,,,,,,,,,,,,,POINT (121.025581 14.5540775)
tree,,,,,,,,,,,,,,,,,,,,,,,,,,,,,,,,,,,,,,,,,,,,,,,,,,,,,,,,,,,,,,,,,,,,,,,,POINT (121.0257834 14.5535674)
tree,,,,,,,,,,,,,,,,,,,,,,,,,,,,,,,,,,,,,,,,,,,,,,,,,,,,,,,,,,,,,,,,,,,,,,,,POINT (121.0256869 14.5536401)
tree,,,,,,,,,,,,,,,,,,,,,,,,,,,,,,,,,,,,,,,,,,,,,,,,,,,,,,,,,,,,,,,,,,,,,,,,POINT (121.0264071 14.5529625)
tree,,,,,,,,,,,,,,,,,,,,,,,,,,,,,,,,,,,,,,,,,,,,,,,,,,,,,,,,,,,,,,,,,,,,,,,,POINT (121.0264862 14.5528846)
tree,,,,,,,,,,,,,,,,,,,,,,,,,,,,,,,,,,,,,,,,,,,,,,,,,,,,,,,,,,,,,,,,,,,,,,,,POINT (121.0275001 14.5524835)
tree,,,,,,,,,,,,,,,,,,,,,,,,,,,,,,,,,,,,,,,,,,,,,,,,,,,,,,,,,,,,,,,,,,,,,,,,POINT (121.0272627 14.5526821)
,fitness_centre,,,,,,,,,Crossfit Mad Minute,,,,,,,,,,,,,,,,,,,,,,,,,,,,,,,,,,,,,,,,,,,,,,,,,,,,,,,,,,,,,,POINT (121.0077033 14.5599588)
tree,,,,,,,,,,,,,,,,,,,,,,,,,,,,,,,,,,,,,,,,,,,,,,,,,,,,,,,,,,,,,,,,,,,,,,,,POINT (121.0341705 14.554934)
tree,,,,,,,,,,,,,,,,,,,,,,,,,,,,,,,,,,,,,,,,,,,,,,,,,,,,,,,,,,,,,,,,,,,,,,,,POINT (121.0340069 14.5547478)
,fitness_centre,,,,,,,,,,,,,,,,,,,,,,,,,,,,,,,,,,,,,,,,,,,,,,,,,,,,,,,,,,,,,,,,,,,,,,,POINT (121.026356 14.5628773)
,fitness_centre,,,,,,,,,,,,,,,,,,,,,,,,,,,,,,,,,,,,,,,,,,,,,,,,,,,,,,,,,,,,,,,,,,,,,,,POINT (121.0340994 14.5629966)
,fitness_centre,,,,,,,,,,,,,,,,,,,,,,,,,,,,,,,,,,,,,,,,,,,,,,,,,,,,,,,,,,,,,,,,,,,,,,,POINT (121.0054618 14.5589779)
,fitness_centre,,,,Q4778364,,,,,,,,,,,,,,,,,,,,,,,,,,,,,,,,,,,,,,,,,,,,,,,,,,,,,,,,,,,,,,,,,,,POINT (121.0273413 14.5519594)
,fitness_centre,,,,,,,,,,,,,,,,,,,,,,,,,,,,,,,,,,,,,,,,,,,,,,,,,,,,,,,,,,,,,,,,,,,,,,,POINT (121.0250518 14.5696092)
,fitness_centre,,,,,,,,,,,,,,,,,,,,,,,,,,,,,,,,,,,,,,,,,,,,,,,,,,,,,,,,,,,,,,,,,,,,,,,POINT (121.0150761 14.5766602)
,fitness_centre,,,,,,,,,,,,,,,,,,,,,,,,,,,,,,,,,,,,,,,,,,,,,,,,,,,,,,,,,,,,,,,,,,,,,,,POINT (121.0311513 14.5596482)
,fitness_centre,,,,,,,,,,,,,,,,,,,,,,,,,,,,,,,,,,,,,,,,,,,,,,,,,,,,,,,,,,,,,,,,,,,,,,,POINT (121.0175757 14.5513906)
,garden,,,,,,,,,,,,,,,,,,,,,,,,,,,,,,,,,,,,,,,,,,,,,,,,,,,,,,,,,,,,,,,,,,,,,,,POINT (121.0060747 14.5514588)
,garden,,,,,,,,,,,,,,,,,,,,,,,,,,,,,,,,,,,,,,,,,,,,,,,,,,,,,,,,,,,,,,,,,,,,,,,POINT (121.0054917 14.5519385)
,playground,,,,,,,,,,2967287050215015,,,,,,,,,,,,,,,,,,,,,,,,,,,,,,,,,,,,,,,,,,,,,,,,,,,,,,,,,,,,,POINT (121.0048487 14.552434)
tree,,,,,,,,,,,,,,,,,,,,,,,,,,,,,,,,,,,,,,,,,,,,,,,,,,,,,,,,,,,,,,,,,,,,,,,,POINT (121.0298109 14.5613655)
,fitness_centre,,,,,,,,,,,,,,,,,,,,,,,,,,,,,,,,,,,,,,,,,,,,,,,,,,,,,,,,,,,,,,,,,,,,,,,POINT (121.0110589 14.5451241)
tree,,,,,,,,,,,,,,,,,,,,,,,,,,,,,,,,,,,,,,,,,,,,,,,,,,,,,,,,,,,,,,,,,,,,,,,,POINT (121.0120191 14.5413563)
,dance,,,,,,,,,,,,,,,,,,,,,,,,,,,,,,,,,,,,,,,,,,,,,,,,,,,,,,,,,,,,,,,,,,,,,,,POINT (121.0315887 14.563007)
,fitness_centre,,,,,,,,,,,,,,,,,,,,,,,,,,,,,,,,,,,,,,,,,,,,,,,,,,,,,,,,,,,,,,,,,,,,,,,POINT (121.022579 14.5338716)
tree,,,,,,,,,,,,,,,,,,,,,,,,,,,,,,,,,,,,,,,,,,,,,,,,,,,,,,,,,,,,,,,,,,,,,,,,POINT (121.0242744 14.5507492)
tree,,,,,,,,,,,,,,,,,,,,,,,,,,,,,,,,,,,,,,,,,,,,,,,,,,,,,,,,,,,,,,,,,,,,,,,,POINT (121.0243101 14.5507066)
tree,,,,,,,,,,,,,,,,,,,,,,,,,,,,,,,,,,,,,,,,,,,,,,,,,,,,,,,,,,,,,,,,,,,,,,,,POINT (121.0243541 14.5506615)
tree,,,,,,,,,,,,,,,,,,,,,,,,,,,,,,,,,,,,,,,,,,,,,,,,,,,,,,,,,,,,,,,,,,,,,,,,POINT (121.0243892 14.5506214)
tree,,,,,,,,,,,,,,,,,,,,,,,,,,,,,,,,,,,,,,,,,,,,,,,,,,,,,,,,,,,,,,,,,,,,,,,,POINT (121.0244281 14.5505818)
tree,,,,,,,,,,,,,,,,,,,,,,,,,,,,,,,,,,,,,,,,,,,,,,,,,,,,,,,,,,,,,,,,,,,,,,,,POINT (121.0244657 14.5505411)
tree,,,,,,,,,,,,,,,,,,,,,,,,,,,,,,,,,,,,,,,,,,,,,,,,,,,,,,,,,,,,,,,,,,,,,,,,POINT (121.0245047 14.5505028)
tree,,,,,,,,,,,,,,,,,,,,,,,,,,,,,,,,,,,,,,,,,,,,,,,,,,,,,,,,,,,,,,,,,,,,,,,,POINT (121.0245436 14.5504688)
,pitch,,,,,,,,,,,roof,,,,,,,,,,,,,,,,,,,,,,,,,,,,,,,,,,,,,,,,,,,,,,,,,,,,,,,,,,,,POINT (121.0100403 14.5596321)
,outdoor_seating,,,,,,,,,,,,,,,,,,,,,,,,,,,,,,,,,,,,,,,,,,,,,,,,,,,,,,,,,,,,,,,,,,,,,,,POINT (121.0348413 14.5471273)
,fitness_station,,,,,,,,,,,,,,,,,,,,,,,,,,,,,,,,,,,,,,,,,,,,,,,,,,,,,,,,,,,,,,,,,,,,,,,POINT (121.0133006 14.5557821)
,sports_hall,,,,,,,,,,,,,,,,,,,,,,,,,,,,,,,,,,,,,,,,,,,,,,,,,,,,,,,,,,,,,,,,,,,,,,,POINT (121.0050189 14.5591357)
tree,,,,,,,,,,,,,,,,,,,,,,,,,,,,,,,,,,,,,,,,,,,,,,,,,,,,,,,,,,,,,,,,,,,,,,,,POINT (121.0337449 14.547183)
tree,,,,,,,,,,,,,,,,,,,,,,,,,,,,,,,,,,,,,,,,,,,,,,,,,,,,,,,,,,,,,,,,,,,,,,,,POINT (121.0338984 14.5471424)
tree,,,,,,,,,,,,,,,,,,,,,,,,,,,,,,,,,,,,,,,,,,,,,,,,,,,,,,,,,,,,,,,,,,,,,,,,POINT (121.0339517 14.5470675)
,,,,,,,,,,,,,apartments,,,,,,,,,,,,,,,,,,,,,,,,,,,,,,,,,,,,,,,,,,,,,,,,,,,,,,,,,,,POINT (121.0453703 14.5636402)
,dog_park,,,,,,,,,,,,,yes,,,,,,,,,,,,,,,,,,,,,,,,,,,,,,,,,,,,,,,,,,,,,,,,,,,,,,,,,,POINT (121.0208334 14.5768271)
tree,,,,,,,,,,,,,,,,,,,,,,,,,,,,,,,,,,,,,,,,,,,,,,,,,,,,,,,,,,,,,,,,,,,,,,,,POINT (121.025981 14.5626506)
,sports_centre,,,,,,,,,,,,,,,,,,,,,,,,,,,,,,,,,,,,,,,,,,,,,,,,,,,,,,,,,,,,,,,,,,,,,,,POINT (121.0197908 14.5757738)
tree,,,,needleleaved,,,,,,,,,,,agricultural,mango,,,,,,,,,,,,,,,,,,,,,,,,,,,,,,,,,,,,,,,,,,,,,,,,,,,,,,,,POINT (121.0072375 14.5689219)
tree,,,,needleleaved,,,,,,,,,,,agricultural,Cocos nucifera,Coconut,,,,,,,,,,,,,,,,,,,,,,,,,,,,,,,,,,,,,,,,,,,,,,,,,,,,,,,POINT (121.0073264 14.568929)
tree,,,,broadleaved,,,,,,,,,,,agricultural,,,,,,,,,,,,,,,,,,,,,,,,,,,,,,,,,,,,,,,,,,,,,,,,,,,,,,,,,POINT (121.0072709 14.5689941)
tree,,,,,,,,,,,,,,,,,,,,,,,,,,,,,,,,,,,,,,,,,,,,,,,,,,,,,,,,,,,,,,,,,,,,,,,,POINT (121.0075204 14.5684124)
,fitness_centre,,,,,,,,,,,,,,,,,10,recommended,,,,,,,,,,,,,,,,,,,,,,,,,,,,,,,,,,,,,,,,,,,,,,,,,,,,,POINT (121.0187012 14.5512099)
,playground,,,,,,,,,,,,,,,,,,,,,,,,,,,,,,,,,,,,,,,,,,,,,,,,,,,,,,,,,,,,,,,,,,,,,,,POINT (121.0205948 14.5606887)
,fitness_centre,,,,,,,,,,,,,,,,,,,,,,,,,,,,,,,,,,,,,,,,,,,,,,,,,,,,,,,,,,,,,,,,,,,,,,,POINT (121.0136533 14.564599)
,pitch,,,,,,,,,,,,,,,,,,,,,,,,,,,,,,,,,,,,,,,,,,,,,,,,,,,,,,,,,,,,,,,,,,,,,,,POINT (121.01367 14.5646191)
,swimming_pool,,,,,,,,,,,,,,,,,,,private,,,,,,,,,,,,,,,,,,,,,,,,,,,,,,,,,,,,,,,,,,,,,,,,,,,,POINT (121.0135674 14.5619426)
,garden,,,,,,,,,,,,,,,,,,,,community,,,,,,,,,,,,,,,,,,,,,,,,,,,,,,,,,,,,,,,,,,,,,,,,,,,POINT (121.009288 14.5471076)
,fitness_centre,,,,,,,,,,,,,,,,,,,,,,,,,,,,,,,,,,,,,,,,,,,,,,,,,,,,,,,,,,,,,,,,,,,,,,,POINT (121.0247215 14.5610701)
,dog_park,,,,,,,,,,,,,,,,,,,yes,,public,,,,,,,,,,,,,,,,,,,,,,,,,,,,,,,,,,,,,,,,,,,,,,,,,,POINT (121.0233279 14.5604655)
tree,,,,,,,,,,,,,,,,,,,,,,,,,,,,,,,,,,,,,,,,,,,,,,,,,,,,,,,,,,,,,,,,,,,,,,,,POINT (121.0072753 14.5575371)
,fitness_centre,,,,,,,,,,,,,,,,,,recommended,,,,,,,,,,,,,,,,,,,,,,,,,,,,,,,,,,,,,,,,,,,,,,,,,,,,,POINT (121.0169866 14.5604197)
,fitness_centre,,,,,,,,,,,,,,,,,,,,,,,,,,,,,,,,,,,,,,,,,,,,,,,,,,,,,,,,,,,,,,,,,,,,,,,POINT (121.0194581 14.5614152)
tree,,,,,,,,,,,,,,,,,,,,,,,,,,,,,,,,,,,,,,,,,,,,,,,,,,,,,,,,,,,,,,,,,,,,,,,,POINT (121.0047688 14.5510867)
,garden,,,,,,,,,,,,,,,,,,,,,,,,,,,,,,,,,,,,,,,,,,,,,,,,,,,,,,,,,,,,,,,,,,,,,,,POINT (121.0045881 14.5512446)
tree,,,,,,,,,,,,,,,,,,,,,,,,,,,,,,,,,,,,,,,,,,,,,,,,,,,,,,,,,,,,,,,,,,,,,,,,POINT (121.0035214 14.5516403)
tree,,,,,,,,,,,,,,,,,,,,,,,,,,,,,,,,,,,,,,,,,,,,,,,,,,,,,,,,,,,,,,,,,,,,,,,,POINT (121.0032721 14.5517336)
tree,,,,,,,,,,,,,,,,,,,,,,,,,,,,,,,,,,,,,,,,,,,,,,,,,,,,,,,,,,,,,,,,,,,,,,,,POINT (121.002461 14.5520517)
,playground,,,,,,,,,,,,,,,,,,,,,,,,,,,,,,,,,,,,,,,,,,,,,,,,,,,,,,,,,,,,,,,,,,,,,,,POINT (121.0023849 14.5521531)
tree,,,,,,,,,,,,,,,,,,,,,,,,,,,,,,,,,,,,,,,,,,,,,,,,,,,,,,,,,,,,,,,,,,,,,,,,POINT (121.0021765 14.5521787)
tree,,,,,,,,,,,,,,,,,,,,,,,,,,,,,,,,,,,,,,,,,,,,,,,,,,,,,,,,,,,,,,,,,,,,,,,,POINT (121.0026325 14.5519812)
tree,,,,,,,,,,,,,,,,,,,,,,,,,,,,,,,,,,,,,,,,,,,,,,,,,,,,,,,,,,,,,,,,,,,,,,,,POINT (121.0028157 14.5519073)
tree,,,,,,,,,,,,,,,,,,,,,,,,,,,,,,,,,,,,,,,,,,,,,,,,,,,,,,,,,,,,,,,,,,,,,,,,POINT (121.0029744 14.5518433)
tree,,,,,,,,,,,,,,,,,,,,,,,,,,,,,,,,,,,,,,,,,,,,,,,,,,,,,,,,,,,,,,,,,,,,,,,,POINT (121.0015238 14.5529297)
,fitness_station,,,,,,,,,,,,,,,,,,,,,,,,,,,,,,,,,,,,,,,,,,,,,,,,,,,,,,,,,,,,,,,,,,,,,,,POINT (121.0015312 14.5530553)
tree,,,,,,,,,,,,,,,,,,,,,,,,,,,,,,,,,,,,,,,,,,,,,,,,,,,,,,,,,,,,,,,,,,,,,,,,POINT (121.0005824 14.5544994)
water,,,,,,,,,,,,,,,,,,,,,,,,,,,Q1156477,,,,,,,,,,,,,,,river,,,,,,,,,,,,,,,,,,,,,,,,,,multipolygon,,,,"POLYGON ((120.9606625 14.5964027, 120.9624161 14.5964875, 120.9627986 14.5965075, 120.9638916 14.5965049, 120.9646869 14.5964686, 120.9655834 14.5964459, 120.9656887 14.5964439, 120.9667529 14.5964235, 120.9682545 14.596538, 120.9684223 14.5965508, 120.9688768 14.5965708, 120.9698318 14.596508, 120.970145 14.5964894, 120.9705723 14.596449, 120.9714665 14.5963465, 120.9721719 14.5962088, 120.9725242 14.5961022, 120.9743172 14.5958442, 120.9746127 14.5958949, 120.9747948 14.5958856, 120.9749619 14.5958808, 120.9755274 14.595847, 120.975526 14.5958129, 120.9756626 14.5958077, 120.9756636 14.5958392, 120.9757644 14.5958359, 120.9768131 14.5960906, 120.9768206 14.5960692, 120.9768879 14.5960911, 120.9774124 14.596384, 120.9774353 14.5963462, 120.9774224 14.5963389, 120.9774424 14.5963059, 120.9775298 14.5963555, 120.977742 14.5964736, 120.9777237 14.5965064, 120.9776024 14.5964384, 120.977584 14.5964712, 120.9785151 14.5969879, 120.9794582 14.5974873, 120.9797465 14.5975694, 120.9799483 14.5975176, 120.9803264 14.5974042, 120.9805846 14.5973181, 120.9808868 14.597213, 120.981108 14.5970408, 120.9813696 14.5968821, 120.9816269 14.5966827, 120.9820246 14.5962772, 120.9825431 14.5955489, 120.9826461 14.5954059, 120.9827127 14.5953119, 120.9827374 14.5952773, 120.9827501 14.5952594, 120.9827793 14.5952459, 120.9828519 14.5952573, 120.9829268 14.5952928, 120.9830354 14.5951171, 120.9832534 14.5947779, 120.983448 14.5944197, 120.9836508 14.5941115, 120.9839414 14.5937221, 120.9841889 14.5934996, 120.9843964 14.5932128, 120.9846137 14.5930264, 120.985193 14.592524, 120.9860657 14.5919679, 120.98618 14.5919074, 120.9865349 14.5917976, 120.9868747 14.5916609, 120.9877585 14.5915521, 120.9887035 14.5915536, 120.9899839 14.5915017, 120.9909167 14.5914978, 120.9909517 14.5914977, 120.991347 14.5915409, 120.991573 14.5915871, 120.9924349 14.5918004, 120.9927518 14.5919241, 120.9927778 14.5919348, 120.9930847 14.5920596, 120.9933202 14.5921824, 120.9935125 14.5923047, 120.9937321 14.5924865, 120.9938502 14.5926304, 120.9940274 14.59286, 120.9941516 14.5930465, 120.9941787 14.593085, 120.9944385 14.5934534, 120.9947916 14.5939219, 120.9950514 14.5944088, 120.995382 14.5950343, 120.9953694 14.5950425, 120.9954249 14.5951141, 120.9955921 14.5952803, 120.9961712 14.5958119, 120.9969244 14.5964762, 120.996971 14.5965252, 120.9973516 14.5969146, 120.9978484 14.5971304, 120.997992 14.5971892, 120.9985414 14.5972527, 120.9990816 14.5972145, 120.9992025 14.5972127, 120.9994509 14.5971505, 120.9995502 14.5971237, 121.0001406 14.5968183, 121.0006915 14.5965811, 121.0012153 14.596339, 121.0015539 14.5963309, 121.0016184 14.5963074, 121.0017005 14.5962925, 121.0017942 14.5963095, 121.0019772 14.5964333, 121.0020319 14.5964821, 121.0020778 14.5965395, 121.0020813 14.5966543, 121.0025454 14.5969274, 121.0028265 14.5971718, 121.0030784 14.5972866, 121.0031138 14.5973018, 121.0031526 14.5972032, 121.00405 14.597596, 121.0045639 14.5977276, 121.004708 14.5978408, 121.0048643 14.5978939, 121.0049562 14.5978832, 121.0054636 14.5979488, 121.0057885 14.597963, 121.006078 14.597913, 121.006387 14.5978377, 121.0067085 14.5977287, 121.0067852 14.5976926, 121.0068616 14.5976608, 121.0069681 14.5975399, 121.0072876 14.5974054, 121.0073977 14.5973556, 121.0074601 14.5973444, 121.0075212 14.5973783, 121.0075995 14.5974002, 121.0076854 14.5973949, 121.0077695 14.5973931, 121.0078657 14.5973667, 121.0079873 14.5973094, 121.0081166 14.5972131, 121.0082164 14.5971746, 121.0082305 14.5971682, 121.0082989 14.5971373, 121.0084587 14.5970834, 121.0086571 14.5970622, 121.0087354 14.5970539, 121.0088767 14.5970457, 121.0090571 14.5969633, 121.0092476 14.5968604, 121.0095153 14.5967111, 121.0097912 14.5965755, 121.0099709 14.5964883, 121.0104864 14.596238, 121.0106841 14.5961443, 121.0107037 14.5961293, 121.0107135 14.596124, 121.0107645 14.5960782, 121.0108042 14.5960434, 121.0108773 14.5959741, 121.0109597 14.5958819, 121.0110009 14.5958372, 121.0110847 14.5957486, 121.0112096 14.5957872, 121.0113042 14.5957747, 121.0114956 14.5956457, 121.0115554 14.595631, 121.012045 14.5952277, 121.0125496 14.5948225, 121.0128822 14.5946113, 121.0130051 14.5945305, 121.0130138 14.5944953, 121.0134266 14.5943184, 121.0135422 14.5942977, 121.013707 14.5942166, 121.0142918 14.5940832, 121.0147564 14.5939025, 121.0158162 14.5931793, 121.0159598 14.593063, 121.0164098 14.5924269, 121.0165366 14.5920267, 121.016619 14.5917047, 121.0166301 14.5916426, 121.01659 14.5915842, 121.0163569 14.5911384, 121.0161861 14.5909181, 121.0159351 14.5907095, 121.0156105 14.5904119, 121.0148441 14.5898628, 121.0145744 14.5896955, 121.014299 14.5895618, 121.0138044 14.5892806, 121.0132085 14.5889277, 121.0132384 14.5887119, 121.0131954 14.5886629, 121.0129635 14.5884991, 121.0129497 14.5884906, 121.0129317 14.5884796, 121.0121052 14.5880665, 121.0120488 14.5880383, 121.0112044 14.5878172, 121.0109697 14.5877678, 121.0107203 14.587725, 121.0106231 14.5877081, 121.0105587 14.5876978, 121.0105175 14.5876913, 121.0105033 14.5876889, 121.0104879 14.5876866, 121.0103005 14.5876575, 121.0101248 14.5876355, 121.0100766 14.5876238, 121.0099854 14.5875991, 121.0098693 14.5875422, 121.0098534 14.5875358, 121.0095522 14.5875214, 121.0094627 14.5875354, 121.0093412 14.5875288, 121.0091732 14.587493, 121.0088962 14.5874029, 121.0085535 14.5872789, 121.0081509 14.5869438, 121.0080925 14.5869033, 121.0078743 14.5866953, 121.0078033 14.5866026, 121.0077463 14.5865321, 121.0076727 14.5863975, 121.0075152 14.5858065, 121.007471 14.5856947, 121.0074416 14.5854809, 121.0074477 14.5851925, 121.007506 14.5847066, 121.0075007 14.5845791, 121.0078914 14.5834745, 121.0078999 14.5834267, 121.008162 14.5830885, 121.0084422 14.5827772, 121.0088081 14.5825485, 121.0093145 14.5823579, 121.0096453 14.5822884, 121.0098694 14.58229, 121.0100585 14.5823238, 121.0102938 14.5823789, 121.0105087 14.5824638, 121.010657 14.5825316, 121.0108292 14.5826905, 121.0110982 14.5828881, 121.0113265 14.5831162, 121.0115223 14.5832958, 121.0115431 14.5833143, 121.0115594 14.5833287, 121.0118628 14.5835738, 121.0121059 14.5837488, 121.0122036 14.5837992, 121.0123006 14.583939, 121.0124992 14.584327, 121.0128317 14.5848607, 121.0128874 14.5849245, 121.0132727 14.5853366, 121.0139097 14.5858991, 121.0139688 14.5860201, 121.0140026 14.5860839, 121.0140449 14.5861133, 121.0141125 14.5861853, 121.0141598 14.5862442, 121.0142121 14.5862965, 121.014273 14.5863275, 121.0148356 14.5865957, 121.0148914 14.5866088, 121.0149269 14.5865941, 121.0149691 14.5865794, 121.0150152 14.5865943, 121.0152966 14.5866814, 121.0153817 14.586703, 121.0157553 14.5868112, 121.0158256 14.5868277, 121.0159395 14.58684, 121.0163195 14.5868751, 121.0165079 14.5869008, 121.0165462 14.586909, 121.0165792 14.586909, 121.0166431 14.586907, 121.0166984 14.5869152, 121.0167729 14.5869348, 121.0168176 14.5869472, 121.016873 14.5869657, 121.0170029 14.5870007, 121.0170784 14.5870151, 121.0171795 14.5870182, 121.0172615 14.5870358, 121.0173355 14.5870571, 121.017419 14.5870667, 121.0175745 14.5870749, 121.0176554 14.5870831, 121.0177213 14.5871048, 121.0177501 14.5871079, 121.0178171 14.5871058, 121.0179704 14.587114, 121.0180279 14.5871099, 121.0181088 14.5870945, 121.0181482 14.5870945, 121.0181929 14.5871068, 121.0182376 14.5871316, 121.0182823 14.5871676, 121.0182993 14.5871913, 121.018304 14.5872223, 121.0182951 14.5872571, 121.0183271 14.5872756, 121.0185042 14.5873686, 121.0186485 14.5874087, 121.0187964 14.5874406, 121.0189359 14.5874488, 121.0192393 14.5874039, 121.019515 14.5873054, 121.0197055 14.5871263, 121.0199653 14.5868535, 121.0202408 14.5866679, 121.0204382 14.5865169, 121.020826 14.586131, 121.0208618 14.5859014, 121.0208604 14.5856354, 121.0207749 14.5852861, 121.0207182 14.5851012, 121.0205576 14.5848516, 121.0200669 14.5837995, 121.0199298 14.5835306, 121.0198463 14.5834185, 121.0188128 14.5823297, 121.0179186 14.5815894, 121.0174624 14.5809764, 121.0174105 14.5804866, 121.0174521 14.5802805, 121.0175262 14.5801336, 121.0176992 14.580065, 121.0182606 14.5797406, 121.0185603 14.579629, 121.0184604 14.5794951, 121.019218 14.5790185, 121.0200009 14.5786345, 121.0204272 14.5783191, 121.0207863 14.5781267, 121.0211386 14.5779444, 121.0213459 14.5778506, 121.0223336 14.5769716, 121.022779 14.5768179, 121.0232368 14.5766949, 121.0236686 14.5763904, 121.0237684 14.576312, 121.0239291 14.5761857, 121.0239153 14.5761653, 121.024857 14.5755614, 121.0249819 14.5754616, 121.0249949 14.5754772, 121.0250555 14.5754274, 121.0250909 14.5754636, 121.0258365 14.5748809, 121.0278247 14.5733454, 121.0286348 14.5727354, 121.0289385 14.572468, 121.029106 14.5723003, 121.029354 14.5720632, 121.02964 14.5717786, 121.0298049 14.5716729, 121.0305814 14.5709653, 121.0307008 14.5708443, 121.03127 14.5703238, 121.0318077 14.5698047, 121.0320774 14.5695369, 121.0323271 14.5693252, 121.0325124 14.5691121, 121.0331149 14.5684833, 121.0332604 14.5683431, 121.033591 14.5680854, 121.0336468 14.5680388, 121.0336261 14.56801, 121.0336704 14.5679804, 121.0336564 14.567961, 121.0337302 14.5679112, 121.0337607 14.5679535, 121.0338801 14.5678855, 121.0340714 14.5677801, 121.0344452 14.5676625, 121.0348339 14.5675666, 121.0351826 14.5675506, 121.0357905 14.5675232, 121.0365626 14.5675835, 121.0370522 14.5676265, 121.0373379 14.567713, 121.0376762 14.5677754, 121.0396089 14.5682456, 121.0415444 14.5686684, 121.0423901 14.5690134, 121.0436429 14.5691414, 121.0450297 14.5689591, 121.0454007 14.5688937, 121.0453785 14.5688238, 121.045815 14.5687377, 121.0458471 14.5688207, 121.0463121 14.5687195, 121.046414 14.5686416, 121.0467251 14.5686675, 121.0468671 14.5687574, 121.0474475 14.5687699, 121.0488031 14.5688647, 121.0493444 14.5688399, 121.0494845 14.5688611, 121.0495384 14.5689112, 121.0496013 14.5689162, 121.0496914 14.5688707, 121.0504206 14.568777, 121.0512723 14.5685092, 121.0515628 14.5684168, 121.0517068 14.5683711, 121.0526007 14.5677553, 121.0531831 14.5673308, 121.0536776 14.5668946, 121.0542569 14.5665062, 121.0547048 14.5662406, 121.0551551 14.5660144, 121.0554059 14.5659949, 121.0557036 14.565847, 121.0561346 14.5658273, 121.056641 14.5657237, 121.0571383 14.5657224, 121.0578113 14.5656766, 121.0583637 14.5654621, 121.0585843 14.5653613, 121.0590322 14.5651045, 121.0595083 14.5648275, 121.0601549 14.5643968, 121.0605034 14.5641161, 121.0616313 14.5630264, 121.0619552 14.562758, 121.0624762 14.5622528, 121.0628981 14.5618931, 121.0634941 14.5616635, 121.0640618 14.561511, 121.0651847 14.5612953, 121.0654843 14.5612637, 121.0657941 14.5613036, 121.066249 14.5610793, 121.0665189 14.560843, 121.0669538 14.5603229, 121.0674232 14.5594661, 121.0677584 14.5591503, 121.0677698 14.5591103, 121.0679483 14.5588783, 121.0681726 14.5587699, 121.0683763 14.5587442, 121.0682091 14.5580819, 121.0666573 14.5581736, 121.0666398 14.5582994, 121.0666272 14.5584612, 121.0665468 14.5588024, 121.0663787 14.5594633, 121.0657619 14.5602736, 121.0654819 14.5604172, 121.0652124 14.5605426, 121.063937 14.5607495, 121.0625852 14.5612741, 121.0621303 14.5614901, 121.0617214 14.5618175, 121.0613309 14.5621282, 121.0612236 14.5624047, 121.0610774 14.5625085, 121.0605517 14.5629488, 121.0602786 14.56319, 121.0594168 14.563962, 121.0587731 14.5643026, 121.0586145 14.56439, 121.0584251 14.5644654, 121.0572259 14.5648598, 121.0569809 14.5649149, 121.0567446 14.5649582, 121.0561954 14.56503, 121.0554038 14.56522, 121.0547907 14.5654033, 121.0547188 14.5654762, 121.0546281 14.5655457, 121.054498 14.565589, 121.0543753 14.5656106, 121.0538722 14.5658727, 121.0535133 14.5662269, 121.0530442 14.566592, 121.0528773 14.5666293, 121.0523929 14.5669682, 121.0517789 14.5672379, 121.051278 14.5675357, 121.0504339 14.5680418, 121.0502519 14.5681271, 121.0501014 14.5681567, 121.0498372 14.568172, 121.0496154 14.568184, 121.049196 14.5681745, 121.0485816 14.5680955, 121.0480328 14.5680394, 121.0478702 14.5680176, 121.0477758 14.5680047, 121.0474408 14.5679723, 121.0472001 14.5679111, 121.0471681 14.5678946, 121.0471534 14.5678537, 121.0470494 14.5678673, 121.0470191 14.5679089, 121.0464385 14.5679911, 121.0461139 14.5680715, 121.0455574 14.5682093, 121.0446311 14.5683469, 121.0426877 14.56834, 121.041703 14.5681079, 121.0404209 14.5678088, 121.0403539 14.5677719, 121.0403069 14.5677345, 121.0402649 14.5676468, 121.0400767 14.5676397, 121.0400734 14.5676777, 121.0400448 14.5677004, 121.0399744 14.5677048, 121.039659 14.5676553, 121.0392032 14.5675452, 121.0386936 14.5674138, 121.0386885 14.5674658, 121.0385694 14.5674333, 121.0385785 14.567346, 121.0379184 14.5671551, 121.0378546 14.5671408, 121.0378017 14.5671508, 121.0374699 14.5670517, 121.0374914 14.5669885, 121.0374485 14.5669706, 121.0374198 14.5670556, 121.0369134 14.5669406, 121.0364941 14.566879, 121.0361074 14.566846, 121.0350646 14.5669071, 121.0347931 14.5669714, 121.0343831 14.5670688, 121.0340897 14.5671379, 121.0340037 14.5671501, 121.0337189 14.5673274, 121.0328477 14.5680635, 121.0328211 14.5680876, 121.0313548 14.5694259, 121.0306946 14.569927, 121.0302711 14.5703789, 121.0300753 14.5705213, 121.0299065 14.5705633, 121.0298337 14.5706376, 121.0297556 14.5706863, 121.0295988 14.5707781, 121.028777 14.5714442, 121.0287285 14.5714411, 121.0286863 14.5714156, 121.0286598 14.5714301, 121.0286053 14.5714355, 121.0284693 14.5715872, 121.0284403 14.5715481, 121.0282955 14.5716762, 121.0283622 14.5717617, 121.028109 14.5719637, 121.0278106 14.5722193, 121.0277896 14.572261, 121.027776 14.5723496, 121.0277342 14.5724042, 121.0273574 14.5727406, 121.0272118 14.5729093, 121.0269346 14.573106, 121.0267146 14.5732694, 121.0261056 14.5736961, 121.0260904 14.5737027, 121.026082 14.5737006, 121.026056 14.5736675, 121.0260366 14.573677, 121.0260193 14.5736634, 121.0259875 14.5736833, 121.0259901 14.5737097, 121.0259981 14.5737456, 121.0259888 14.5737616, 121.0259504 14.5737926, 121.025815 14.5738844, 121.0258382 14.5739152, 121.0258106 14.5739346, 121.0258162 14.5739421, 121.0257656 14.5739778, 121.0257271 14.574005, 121.0257193 14.5739946, 121.0256887 14.5740162, 121.0256671 14.5739876, 121.0251761 14.5743048, 121.0248492 14.5745382, 121.0243526 14.57485, 121.0243862 14.5748979, 121.0242896 14.5749602, 121.0242655 14.5749369, 121.0238652 14.5751818, 121.0237437 14.5752456, 121.0234521 14.5753514, 121.022604 14.5758249, 121.0218931 14.5762568, 121.0215581 14.5764611, 121.0215281 14.5764805, 121.0195762 14.5777447, 121.0191606 14.577961, 121.018869 14.578123, 121.0185382 14.5783034, 121.0181992 14.578582, 121.0175802 14.5789473, 121.0173718 14.5790199, 121.0172531 14.5791335, 121.0171523 14.579281, 121.0171194 14.5792704, 121.0170268 14.5794231, 121.016894 14.579602, 121.0167767 14.5802517, 121.0166779 14.5809203, 121.01677 14.5811564, 121.0168405 14.5813997, 121.017477 14.5819734, 121.0177107 14.5821222, 121.0180907 14.5823988, 121.0181437 14.5824908, 121.0184198 14.5829317, 121.018501 14.5831634, 121.018657 14.5834467, 121.0188666 14.5836292, 121.0189967 14.5838276, 121.0192259 14.5841693, 121.0194401 14.5844165, 121.0195138 14.5845821, 121.0196085 14.5848293, 121.0196528 14.5849886, 121.0196964 14.5851194, 121.0198154 14.585375, 121.0198234 14.5854301, 121.0198669 14.5857381, 121.0198474 14.5858536, 121.0198062 14.5859288, 121.0197352 14.5860738, 121.0196595 14.5861767, 121.019487 14.5863635, 121.0193403 14.5864927, 121.0192221 14.5865696, 121.0190886 14.5866268, 121.0189686 14.5866382, 121.0184651 14.5865941, 121.018384 14.5865794, 121.0183147 14.5865483, 121.0178733 14.5863564, 121.0173721 14.5862374, 121.0172019 14.5862197, 121.0171459 14.586225, 121.0171066 14.5862131, 121.0170445 14.5861503, 121.0166982 14.5860612, 121.0166263 14.5860608, 121.0165587 14.586065, 121.0164909 14.5860398, 121.0160015 14.5858702, 121.0158568 14.5857536, 121.0156712 14.5857039, 121.0153562 14.5856938, 121.0151908 14.585636, 121.0143169 14.5852548, 121.0142696 14.5852254, 121.0142281 14.5851239, 121.0138188 14.5848496, 121.0135925 14.5846652, 121.0134666 14.5845993, 121.0132285 14.5844397, 121.0131309 14.5842007, 121.0130703 14.5840537, 121.0126814 14.5834679, 121.0121171 14.5828041, 121.0121222 14.5827681, 121.0120476 14.5827874, 121.012031 14.5827654, 121.0119859 14.5827059, 121.0119288 14.5826305, 121.0119714 14.5826003, 121.011668 14.582395, 121.0116524 14.5822471, 121.0116347 14.5822338, 121.0116185 14.582222, 121.0116087 14.5822148, 121.0115787 14.582199, 121.0115687 14.5822144, 121.0110358 14.5817993, 121.0108126 14.5817282, 121.0105936 14.5816587, 121.010391 14.5815912, 121.0099561 14.5816657, 121.0093778 14.5818476, 121.0089395 14.5819204, 121.008885 14.5819028, 121.0088714 14.5818697, 121.0088307 14.5818742, 121.0088055 14.5818701, 121.0085861 14.5819183, 121.0083494 14.5820091, 121.0083039 14.5820139, 121.0082445 14.5820633, 121.0081153 14.5821282, 121.0078868 14.5823526, 121.0076267 14.5826782, 121.0075005 14.582899, 121.0072941 14.5834099, 121.0072406 14.5834099, 121.0071567 14.5835452, 121.0068352 14.5840896, 121.0066658 14.584582, 121.0065736 14.5850611, 121.0065321 14.585681, 121.006674 14.5863497, 121.006798 14.5866381, 121.0069428 14.5869177, 121.0070904 14.5871246, 121.0071465 14.5871824, 121.0072026 14.5872175, 121.0072845 14.5872584, 121.0073813 14.5872881, 121.0074639 14.5873659, 121.007902 14.5877405, 121.008268 14.5880593, 121.0083033 14.5881115, 121.0083452 14.588165, 121.0083946 14.5882078, 121.0084586 14.5882467, 121.008693 14.5883447, 121.0090739 14.5884193, 121.0094578 14.5883305, 121.0097293 14.5882141, 121.0103344 14.5884145, 121.0107354 14.5885474, 121.0110929 14.5887455, 121.0114519 14.5889462, 121.0117204 14.5891545, 121.0118513 14.5892796, 121.0120015 14.5894444, 121.0122243 14.5895434, 121.0122604 14.5895889, 121.0122819 14.589628, 121.0123596 14.5896581, 121.0126074 14.5897543, 121.012624 14.5897628, 121.0126426 14.5897699, 121.0147721 14.5909114, 121.0148152 14.5909844, 121.015443 14.5915585, 121.0156176 14.5918508, 121.0157405 14.5922054, 121.0157205 14.5923472, 121.0156024 14.5925261, 121.0152969 14.592805, 121.0151165 14.5929053, 121.014936 14.5929968, 121.0148053 14.5930542, 121.014731 14.5930921, 121.0141708 14.5932359, 121.0139006 14.5933173, 121.0137617 14.5933649, 121.0136259 14.5933977, 121.0135776 14.5934069, 121.0129471 14.593549, 121.0128815 14.5935452, 121.0127865 14.5935488, 121.0127469 14.5935764, 121.0125479 14.5936435, 121.0123426 14.5937142, 121.0123102 14.5937286, 121.0120472 14.5938452, 121.0119029 14.5939962, 121.0115599 14.5940999, 121.0114742 14.5941508, 121.0114602 14.5941889, 121.0114404 14.594243, 121.0114158 14.5943084, 121.0113782 14.5943667, 121.0113314 14.5943856, 121.0107173 14.5946771, 121.010609 14.594726, 121.0105262 14.5948048, 121.0103673 14.5948535, 121.0099295 14.5950788, 121.0099565 14.5951526, 121.0098597 14.5951946, 121.0098263 14.5951363, 121.009343 14.5953471, 121.0093956 14.595452, 121.0093106 14.5954879, 121.009254 14.5953823, 121.0084534 14.5956846, 121.0073957 14.5961453, 121.006479 14.5965445, 121.0061252 14.5965958, 121.0060752 14.5965594, 121.0059358 14.5965634, 121.0058361 14.5965818, 121.0057578 14.5966528, 121.0046994 14.5966871, 121.0044875 14.5966065, 121.0038795 14.5964067, 121.0032602 14.5960967, 121.0030722 14.5958128, 121.0031747 14.5956169, 121.0030722 14.5955665, 121.0029584 14.5955084, 121.0026711 14.5957141, 121.0021143 14.5955837, 121.0016411 14.5953663, 121.0012579 14.5955007, 121.0005166 14.5956237, 121.0004148 14.595647, 121.0003385 14.5956747, 120.9994867 14.5960866, 120.9994019 14.5960971, 120.9993172 14.5961001, 120.9984436 14.5960887, 120.9983775 14.5960732, 120.9983066 14.5960449, 120.9982419 14.5959987, 120.9970912 14.5950461, 120.9970958 14.5949402, 120.9969994 14.5948625, 120.9969533 14.5948481, 120.9968668 14.5948198, 120.9967805 14.594784, 120.996682 14.5947423, 120.9965525 14.5946439, 120.9963677 14.594465, 120.996226 14.5942503, 120.9961715 14.5941421, 120.9961435 14.5941036, 120.9960996 14.5939849, 120.9960627 14.5938955, 120.99603 14.5938035, 120.995699 14.5932547, 120.9956685 14.5932031, 120.9954154 14.5927899, 120.9953341 14.5926288, 120.9952643 14.5925242, 120.9952324 14.5924763, 120.9950703 14.5923039, 120.9948879 14.5921526, 120.994667 14.5920067, 120.9947565 14.5918922, 120.9932086 14.5906755, 120.9930105 14.5905376, 120.9928283 14.5904508, 120.991539 14.5895864, 120.9916025 14.5894925, 120.9914494 14.5893963, 120.9912688 14.5893919, 120.9909935 14.5892249, 120.9908476 14.5891668, 120.9908028 14.5885975, 120.9907084 14.5882201, 120.990736 14.5878461, 120.9908355 14.5877317, 120.9908462 14.5876632, 120.9908602 14.5875534, 120.9908011 14.5875158, 120.9906037 14.5866685, 120.9905436 14.5863861, 120.9905627 14.585897, 120.9910423 14.5846524, 120.9909879 14.5846349, 120.990733 14.5851657, 120.9904229 14.5858151, 120.9903288 14.586104, 120.9903576 14.5863927, 120.9903892 14.5867017, 120.9903977 14.5873413, 120.988767 14.5874244, 120.9879379 14.587248, 120.9879379 14.5873144, 120.9876718 14.587464, 120.9874057 14.5876716, 120.9872943 14.587693, 120.9872428 14.5877684, 120.9871998 14.5878378, 120.9870836 14.5881091, 120.9871409 14.5885654, 120.9872156 14.5887528, 120.987821 14.5894337, 120.9867793 14.5899223, 120.9867348 14.590071, 120.9866554 14.5902928, 120.9865969 14.5903601, 120.9864888 14.5904585, 120.9863238 14.5906194, 120.985998 14.5907663, 120.9856617 14.59108, 120.9853776 14.5912952, 120.9846629 14.5917695, 120.9843541 14.5920309, 120.9838334 14.5925552, 120.9834869 14.5929041, 120.9832908 14.5931289, 120.9829561 14.5935783, 120.9824383 14.5944065, 120.9817927 14.5952255, 120.9816678 14.5954654, 120.9816371 14.5955245, 120.981454 14.5956998, 120.9813765 14.5957666, 120.9813304 14.5958068, 120.9808625 14.5961102, 120.9804738 14.5962999, 120.9800456 14.5964175, 120.9799434 14.5963983, 120.9797531 14.5963577, 120.9793378 14.5962253, 120.9793298 14.5962479, 120.9790747 14.5961723, 120.9789615 14.5961379, 120.9788484 14.5961035, 120.9787352 14.596069, 120.978622 14.5960346, 120.9784447 14.5959787, 120.978451 14.5959593, 120.9783765 14.5959291, 120.9783554 14.5959311, 120.9783339 14.595927, 120.9783147 14.5959191, 120.9782986 14.5959056, 120.9782862 14.5958852, 120.9782812 14.5958666, 120.9782815 14.5958485, 120.9782857 14.5958296, 120.9782603 14.5957744, 120.9782405 14.5957393, 120.9782313 14.5957565, 120.9780658 14.5956622, 120.9780015 14.5956279, 120.9779372 14.5955936, 120.9778729 14.5955592, 120.9778086 14.5955249, 120.9777847 14.5955121, 120.9778013 14.595483, 120.9777544 14.5954553, 120.9777227 14.5954281, 120.9776852 14.5953964, 120.9774997 14.5953003, 120.977436 14.5952899, 120.9773822 14.5952805, 120.9771649 14.5952246, 120.9771592 14.5952453, 120.9765995 14.59514, 120.9754601 14.5949291, 120.9752775 14.5948448, 120.9751661 14.5948168, 120.9750493 14.5947966, 120.9750074 14.594784, 120.9749918 14.5947717, 120.9749726 14.5947602, 120.9749487 14.5947515, 120.9749247 14.5947461, 120.9748698 14.5947442, 120.9747035 14.5947385, 120.9746767 14.5947529, 120.9746371 14.5947725, 120.9743641 14.5947571, 120.9742168 14.5947522, 120.9742157 14.5947896, 120.9740756 14.594787, 120.9740761 14.5947496, 120.9740499 14.5947489, 120.9738862 14.5947443, 120.9737226 14.5947396, 120.9735589 14.594735, 120.9733952 14.5947303, 120.9721726 14.5946988, 120.9721513 14.5946652, 120.9720761 14.5946246, 120.9717074 14.5947375, 120.9714553 14.5946612, 120.9714648 14.5947448, 120.9714206 14.5947493, 120.9714112 14.5947502, 120.9714002 14.5947513, 120.9713567 14.5947556, 120.9713457 14.5946595, 120.9711012 14.5946718, 120.9709108 14.5947559, 120.9701099 14.5951045, 120.9701009 14.5951566, 120.9700983 14.5951669, 120.9700933 14.5951765, 120.9700912 14.5951796, 120.9700889 14.5951831, 120.9700816 14.5951893, 120.9700711 14.5951966, 120.9700002 14.5952324, 120.9699874 14.5952372, 120.9699724 14.5952395, 120.9699572 14.595238, 120.9698586 14.5952186, 120.9698323 14.5952351, 120.969687 14.595333, 120.9696657 14.5953574, 120.9696457 14.5953773, 120.9696214 14.595392, 120.9695941 14.5954005, 120.9695659 14.5954023, 120.969538 14.5953976, 120.9695121 14.5953865, 120.9694879 14.5953679, 120.9694695 14.5953438, 120.9692058 14.5953902, 120.969146 14.5954142, 120.9690815 14.5954185, 120.969035 14.5954089, 120.9689921 14.5953889, 120.9689554 14.5953596, 120.9684346 14.5952903, 120.9681538 14.5953575, 120.9666189 14.5953094, 120.9633966 14.5951833, 120.9633237 14.5951353, 120.9633105 14.5951267, 120.9632961 14.5951156, 120.9632122 14.5950402, 120.9631763 14.5942657, 120.9629914 14.5943318, 120.9627097 14.5943617, 120.9627887 14.5949892, 120.962651 14.5951363, 120.9605324 14.5950268, 120.9603964 14.5957121, 120.9601606 14.5964738, 120.9606625 14.5964027), (120.9881388 14.5895556, 120.9880784 14.5895505, 120.988014 14.5895122, 120.9879389 14.5894317, 120.9875299 14.5889216, 120.9873569 14.588701, 120.9872751 14.5885453, 120.9872282 14.5883921, 120.9872054 14.5882403, 120.9872107 14.5880806, 120.987263 14.5879301, 120.9874548 14.5877211, 120.9875715 14.5876303, 120.9877579 14.5875173, 120.9879183 14.5874928, 120.9882313 14.5875057, 120.9887463 14.5875861, 120.9891808 14.5876277, 120.9894758 14.5876588, 120.9898862 14.5876536, 120.990192 14.5877133, 120.9903368 14.58776, 120.9904414 14.5878249, 120.9905112 14.5879781, 120.9905487 14.5882143, 120.9905782 14.5886608, 120.9905548 14.5888526, 120.9904924 14.5890034, 120.9903717 14.5890917, 120.9901705 14.5891124, 120.9899318 14.5890917, 120.9895188 14.5890449, 120.9893095 14.5890423, 120.9888187 14.5891669, 120.9885585 14.5892824, 120.9884539 14.5893668, 120.9883574 14.5894706, 120.988232 14.5895505, 120.9881388 14.5895556), (120.9901129 14.5910826, 120.9895523 14.5911501, 120.9891419 14.5912059, 120.9888804 14.5912266, 120.9886926 14.5912227, 120.9880006 14.5912059, 120.9874226 14.5912033, 120.987094 14.5912026, 120.9868788 14.5912117, 120.9867125 14.5912175, 120.9866253 14.5912182, 120.9865737 14.591202, 120.9865388 14.5911682, 120.9865174 14.5911111, 120.9865174 14.5910696, 120.9865335 14.5909839, 120.986575 14.5909216, 120.9866568 14.5908386, 120.986803 14.590727, 120.9871759 14.5904726, 120.9875379 14.5902636, 120.9876895 14.5902, 120.9878129 14.5901663, 120.987951 14.5901429, 120.9884083 14.5900897, 120.9889595 14.590056, 120.9892572 14.5900664, 120.9894115 14.5900819, 120.9896113 14.5901118, 120.9898138 14.5901611, 120.9900083 14.590239, 120.9903328 14.5903973, 120.9905011 14.5904985, 120.9905407 14.5905316, 120.9905554 14.5905563, 120.9905635 14.5905998, 120.9905621 14.5906601, 120.9905528 14.5907179, 120.9905085 14.5908295, 120.9904388 14.5909268, 120.990369 14.5909956, 120.9902658 14.5910462, 120.9901129 14.5910826))"
,,,,,,,,,,,,,,,,,,,,,,,,,,,Q6749706,,en:Manila South Cemetery,,,,,,,,,,,,,,,,,,,,,,,,,,,,,,,,,,,,,,,multipolygon,,,,"POLYGON ((121.0164121 14.5643625, 121.0180396 14.5685952, 121.0221627 14.5671034, 121.0220674 14.5668763, 121.0221143 14.5668633, 121.0220503 14.5666992, 121.0218756 14.5662507, 121.0220855 14.5661701, 121.021965 14.5658609, 121.02182 14.5654734, 121.0216187 14.564971, 121.0215014 14.5646674, 121.0207497 14.5627437, 121.0164121 14.5643625))"
,park,,,,,,,,,,,,,,,,,,,,,,,,,,,,,,,,,,,,,,,,,,,,,,,,,,,,,,,,,,,,,,,,,,,multipolygon,,,,"POLYGON ((121.0343831 14.5670688, 121.0347931 14.5669714, 121.0350646 14.5669071, 121.0361074 14.566846, 121.0364941 14.566879, 121.0369134 14.5669406, 121.0374198 14.5670556, 121.0374485 14.5669706, 121.0374914 14.5669885, 121.0374699 14.5670517, 121.0378017 14.5671508, 121.0378546 14.5671408, 121.0379184 14.5671551, 121.0385785 14.567346, 121.0385694 14.5674333, 121.0386885 14.5674658, 121.0386936 14.5674138, 121.0392032 14.5675452, 121.039659 14.5676553, 121.0399744 14.5677048, 121.0400448 14.5677004, 121.0400734 14.5676777, 121.0400767 14.5676397, 121.0399139 14.5676292, 121.0397264 14.5675959, 121.0391497 14.5674565, 121.0374523 14.5669394, 121.0369982 14.5668094, 121.036661 14.5667442, 121.0362194 14.5667649, 121.0355425 14.5668087, 121.0350907 14.5668555, 121.0345278 14.5669617, 121.0343955 14.5669513, 121.0343831 14.5670688))"
,,,,,,,,,,,,,,,,,,,,,,,,,,,Q7276071,,en:RCBC Plaza,,,,,,,,,,,,,,,,,,,,,,,,,,,,,,,,,,,,,,,multipolygon,Piazza RCBC,,,"POLYGON ((121.015853 14.5611196, 121.0158973 14.5611489, 121.0159399 14.5611705, 121.0159867 14.561187, 121.016053 14.5612053, 121.0160862 14.561214, 121.0161378 14.5612239, 121.0167317 14.5613266, 121.0167863 14.5613315, 121.0168349 14.561327, 121.0168759 14.561306, 121.0169081 14.5612704, 121.0169218 14.5612391, 121.0169292 14.5612098, 121.0169523 14.5610138, 121.016954 14.5609762, 121.0169526 14.5609218, 121.0169499 14.5608889, 121.0169388 14.5608543, 121.016904 14.5608028, 121.0166059 14.5604281, 121.0165806 14.5603962, 121.0165328 14.5603326, 121.0164791 14.560269, 121.0164495 14.5602477, 121.0164125 14.560237, 121.0163787 14.5602352, 121.0163434 14.560247, 121.0163177 14.5602637, 121.0162901 14.560285, 121.0161844 14.5603866, 121.0160854 14.560499, 121.0160111 14.5605887, 121.0159569 14.5606588, 121.0159129 14.5607201, 121.0158484 14.5608294, 121.0158224 14.560891, 121.0158069 14.5609518, 121.0157984 14.5609989, 121.0158036 14.5610448, 121.0158237 14.5610881, 121.015853 14.5611196))"
,,,,,,Roxas Triangle Towers condominiums is composed of two towers; One Roxas Triangle and Two Roxas Triangle,,,,,,,,,,,,,,,,,,,,,,,,,,,,,,,,,,,,,,,,,,,,,,,,,,,,,,,,,,,,,,multipolygon,,,,"POLYGON ((121.0279608 14.5596576, 121.0275879 14.5605732, 121.0287015 14.5599875, 121.028759 14.5599571, 121.0290463 14.5597656, 121.0292089 14.5593215, 121.0284094 14.5590919, 121.0279608 14.5596576))"
,,,,,,,,,,,,,,,,,,,,,,,,,,,,,,,,,,,,,,,,,,,,,,,,,,,,,,,,,,,,,,,,,,,,multipolygon,,,,"POLYGON ((121.0132969 14.5646945, 121.0134149 14.5648499, 121.0138992 14.5645294, 121.0138952 14.5645229, 121.0138623 14.5644808, 121.013764 14.5644217, 121.0137144 14.5644141, 121.0132969 14.5646945))"
,,,,,,,,,,,,,,,,,,,,,,,,,,,,,,,,,,,,,,,,,,,,,,depot,,,,,,,,,,,,,,,,,,,,,,multipolygon,,,,"POLYGON ((121.00669 14.550471, 121.0068585 14.5506798, 121.0071831 14.5504346, 121.0071248 14.5503729, 121.0069834 14.5503333, 121.00669 14.550471))"
,,,,,,,,,,,,,,,,,,,,,,,,,,,,,,,,,,,,,,,,,,,,,,,,,,,,,,,,,,,,,,,,,,,,multipolygon,,,,"POLYGON ((121.0256575 14.5536707, 121.0261607 14.5532744, 121.0256747 14.5526977, 121.0251792 14.5530645, 121.0253526 14.5532942, 121.0253845 14.5532956, 121.0254106 14.5533029, 121.0254316 14.5533138, 121.0254506 14.553329, 121.0254645 14.5533452, 121.0254767 14.5533666, 121.0254851 14.5533956, 121.0254863 14.5534187, 121.0254825 14.5534429, 121.0254779 14.5534566, 121.0256575 14.5536707))"
,,,,,,,,,,,,,,,,,,,,,,,,,,,,,,hotel,,,,,,,,,,,,,,,,,,,,,,,,,,,,,,,,,,,,,,multipolygon,,,,"POLYGON ((121.0209277 14.5509008, 121.0209941 14.5514709, 121.0224052 14.5513299, 121.0224338 14.5513212, 121.0224534 14.5513037, 121.022464 14.5512861, 121.022466 14.5512662, 121.0224605 14.5512433, 121.022375 14.551076, 121.0223358 14.5510264, 121.0222776 14.550968, 121.0222233 14.5509155, 121.0221499 14.5508659, 121.0220011 14.5507943, 121.0209277 14.5509008))"
,,,,,,,,,,,,,,,,,,,,,,,,,,,,,,,,,,,,,,,,,,,,,,,,,,,,,,,,,,,,,,,,,,,,multipolygon,,,,"POLYGON ((121.0192985 14.5516315, 121.0208466 14.5514823, 121.0207668 14.5509103, 121.0193815 14.5510405, 121.0193033 14.5510543, 121.0192574 14.5511104, 121.0192521 14.5511753, 121.0192985 14.5516315))"
,,,,,,,,,,,,,,,,,,,,,,,,,,,,,,,,,,,,,,,,,,,,,,,,,,,,,,,,,,,,,,,,,,,,multipolygon,,,,"POLYGON ((121.0193154 14.5517968, 121.0193866 14.5524759, 121.019546 14.5538161, 121.0197454 14.5537771, 121.020007 14.5537306, 121.0202806 14.5536831, 121.0205778 14.5536435, 121.020858 14.5536062, 121.0211574 14.5535781, 121.021513 14.5535717, 121.0216406 14.5535786, 121.0217712 14.5535969, 121.0219222 14.5536216, 121.0220628 14.5536583, 121.0223445 14.5537448, 121.0224746 14.5537983, 121.0226048 14.5538586, 121.0228423 14.5539688, 121.0228868 14.5539772, 121.0229132 14.5539803, 121.0229464 14.5539764, 121.0229828 14.5539625, 121.0230494 14.5539066, 121.0231378 14.5538145, 121.0232694 14.5537197, 121.0235678 14.5535515, 121.0236223 14.5535217, 121.0225479 14.5514474, 121.0193154 14.5517968))"
,playground,,,,,,,,,,840471453221583,,,,,,,,,,,,,,,,,,,,,,,,,,,,,,,,,,,,,,,,,,,,,,,,,,,,,,,,,multipolygon,,,,"POLYGON ((121.0340897 14.5671379, 121.0343831 14.5670688, 121.0343955 14.5669513, 121.0343117 14.5670003, 121.0340861 14.5670121, 121.0340897 14.5671379))"
,garden,,,,,,,,,,2967287050215015,,,,,,,,,,,,,,,,,,,,,,,,,,,,,,,,,,,,,,,,,,,,,,,,,,,,,,,,,multipolygon,,,,"POLYGON ((121.0047631 14.5524733, 121.0048469 14.5525278, 121.0048925 14.5523461, 121.0047631 14.5524733))"
,,,,,,,,,,,,,apartments,,,,,,,,,,,,,,,,,,,,,Taguig,Fort Bonifacio,,,,,,,,,,,,,,,,,,,,,,,,,,,,,,,,,multipolygon,,,,"POLYGON ((121.0324813 14.5344907, 121.0335444 14.5339388, 121.0337135 14.5340111, 121.0340052 14.5343661, 121.0343845 14.5345738, 121.0345615 14.5347934, 121.0347815 14.5351777, 121.0351401 14.535495, 121.035305 14.5356352, 121.0359281 14.535892, 121.0361301 14.5358977, 121.0363594 14.5359183, 121.0365458 14.5359197, 121.0367261 14.536061, 121.036947 14.5361663, 121.0371037 14.5361939, 121.037241 14.5361358, 121.037387 14.5360527, 121.0375178 14.5360595, 121.0377131 14.5361191, 121.0380135 14.5362272, 121.0383532 14.5363843, 121.0384142 14.5365969, 121.0386497 14.53676, 121.0386622 14.5369492, 121.038683 14.5370414, 121.03876 14.537122, 121.0388651 14.5372322, 121.0390381 14.5373646, 121.0391939 14.5374203, 121.039323 14.5375514, 121.039362 14.5376758, 121.039267 14.5377951, 121.0396156 14.5377575, 121.0401115 14.5376882, 121.0389461 14.5362561, 121.03668 14.5352185, 121.0361973 14.5349901, 121.0329268 14.5334493, 121.0324813 14.5344907))"
,,,,,,,,,,,,,,,,,,,,,,,,,,,,,,,,,,,,,,,,,,,,,,,,,,,,,,,,,,,,,,,,,,,,multipolygon,,,,"POLYGON ((121.0220855 14.5661701, 121.0218756 14.5662507, 121.0220503 14.5666992, 121.0221143 14.5668633, 121.0220674 14.5668763, 121.0221627 14.5671034, 121.0222587 14.5670663, 121.0224119 14.5670072, 121.0220855 14.5661701))"
,,,,,,,,,,,,,,,,,,,,,,government,,,,,,,,,,cemetery,,,,,,,,,,,,,,,,,,,,,,,,,,,,,,,,,,,,multipolygon,,,,"POLYGON ((121.021965 14.5658609, 121.0220855 14.5661701, 121.0224119 14.5670072, 121.0235211 14.5665959, 121.0230375 14.5654376, 121.021965 14.5658609))"
,,,,,,,,,,,,,,,,,,,,,,,,,,,,,,,,,,,,,,,,,,,,,,,,,,,,,,,,,,,,,,,,,,,,multipolygon,,,,"POLYGON ((121.0175802 14.5789473, 121.0181992 14.578582, 121.0176988 14.5778433, 121.0172972 14.5774135, 121.0169642 14.5771769, 121.0164179 14.5778297, 121.0175802 14.5789473))"
,,,,,,,,,,,,,,,,,,,,,,,,,,,,,,,,,,,,,,,,,,,,,,,,,,,,,,,,,,,,,,,,,,,,multipolygon,,,,"POLYGON ((121.0460129 14.5419183, 121.0460355 14.5422739, 121.0461968 14.5424237, 121.0462475 14.5424669, 121.0463376 14.5422475, 121.046476 14.5420351, 121.0467657 14.5417747, 121.0469074 14.5417211, 121.0469497 14.5416268, 121.0469597 14.5414823, 121.0462877 14.541573, 121.0462592 14.5418532, 121.0460129 14.5419183))"
,,,,,,,,,,,,,urban,,,,,,,,,,,,,,,,,,,,,,,,,,,,,,,,,,,,,,,,,,,,,,,,,,,,,,,multipolygon,,,,"POLYGON ((121.0401679 14.5398911, 121.0404683 14.5399576, 121.040597 14.5400323, 121.0406244 14.5402115, 121.0409458 14.5404322, 121.0409484 14.5405443, 121.0410085 14.5406212, 121.041421 14.5407468, 121.0416785 14.5407884, 121.0418587 14.5406887, 121.0419789 14.5406887, 121.0421677 14.5407551, 121.0423995 14.5407302, 121.0426484 14.5406554, 121.04282 14.5404976, 121.042966 14.5404145, 121.043129 14.540373, 121.0433436 14.540456, 121.0436183 14.5405724, 121.0438414 14.5407219, 121.0440474 14.5408798, 121.0442464 14.5409509, 121.0446482 14.5408881, 121.0448456 14.5409047, 121.0451117 14.5410376, 121.0452662 14.5412121, 121.0453692 14.541453, 121.0454985 14.5416885, 121.0456447 14.5417745, 121.04594 14.5418487, 121.0460129 14.5419183, 121.0462592 14.5418532, 121.0462877 14.541573, 121.0460463 14.5412667, 121.0462689 14.5408409, 121.0468919 14.5408617, 121.0468916 14.5407686, 121.046895 14.5406124, 121.0469054 14.5400627, 121.0465592 14.5399183, 121.0458449 14.5396924, 121.0453266 14.5395419, 121.0440484 14.5394763, 121.0427244 14.5394597, 121.0417977 14.539479, 121.0410468 14.5389028, 121.0408851 14.5396353, 121.0407302 14.5396998, 121.0402032 14.5396204, 121.0401679 14.5398911))"
,swimming_pool,,,,,,,,,,,outdoor,,,,,,,,,,,,,,,,,,,,,,,,,,,,,,,,,,,,,,,,,,,,,,,,,,,outdoor,,,,,multipolygon,,,,"POLYGON ((121.0382983 14.5665947, 121.0383097 14.5666078, 121.0383273 14.5666134, 121.0383575 14.566607, 121.038371 14.5666066, 121.0383775 14.5665919, 121.038374 14.566584, 121.0383658 14.5665789, 121.038362 14.5665634, 121.0383606 14.5665475, 121.0383615 14.5665318, 121.0383495 14.5665247, 121.03835 14.5664936, 121.038356 14.5664763, 121.0383722 14.5664585, 121.0383948 14.566436, 121.038399 14.566412, 121.0383978 14.5663951, 121.0383711 14.566368, 121.0383558 14.5663617, 121.0383343 14.5663549, 121.038321 14.5663531, 121.0383047 14.566366, 121.0382988 14.566372, 121.0382955 14.5663916, 121.0382975 14.5664211, 121.0382875 14.5664355, 121.0382663 14.5664424, 121.0382452 14.5664579, 121.0382351 14.5664827, 121.0382379 14.5665061, 121.0382624 14.5665537, 121.0382983 14.5665947), (121.0383142 14.5664547, 121.0383066 14.5664478, 121.0383132 14.5664296, 121.0383157 14.5664192, 121.0383132 14.566403, 121.0383178 14.5663863, 121.0383223 14.5663765, 121.0383295 14.5663755, 121.0383381 14.566376, 121.0383503 14.5663755, 121.038362 14.5663809, 121.0383732 14.5663892, 121.0383782 14.5663966, 121.0383777 14.5664114, 121.0383711 14.5664281, 121.0383645 14.5664394, 121.0383533 14.5664478, 121.038334 14.5664537, 121.0383142 14.5664547), (121.0383087 14.5665821, 121.0382949 14.5665767, 121.0382863 14.5665664, 121.0382792 14.5665541, 121.0382812 14.5665403, 121.0382832 14.5665339, 121.0382858 14.5665231, 121.0382766 14.5665152, 121.0382639 14.5665069, 121.0382563 14.5664941, 121.0382604 14.5664832, 121.0382675 14.5664744, 121.0382726 14.566467, 121.0382858 14.5664665, 121.038301 14.5664724, 121.0383076 14.5664818, 121.0383198 14.5664916, 121.0383325 14.5665034, 121.0383361 14.5665191, 121.0383376 14.5665349, 121.0383386 14.5665546, 121.0383351 14.5665654, 121.0383285 14.5665728, 121.0383168 14.5665747, 121.0383087 14.5665821))"
,,,,,,,,,,,,,,,,,,,,,,,,,,,,,,,,,,,,,,,,,,,,,,,,,,,,,,,,,,,,,,,,,,,,multipolygon,,,,"MULTIPOLYGON (((121.038334 14.5664537, 121.0383533 14.5664478, 121.0383645 14.5664394, 121.0383711 14.5664281, 121.0383777 14.5664114, 121.0383782 14.5663966, 121.0383732 14.5663892, 121.038362 14.5663809, 121.0383503 14.5663755, 121.0383381 14.566376, 121.0383295 14.5663755, 121.0383223 14.5663765, 121.0383178 14.5663863, 121.0383132 14.566403, 121.0383157 14.5664192, 121.0383132 14.5664296, 121.0383066 14.5664478, 121.0383142 14.5664547, 121.038334 14.5664537)), ((121.0383168 14.5665747, 121.0383285 14.5665728, 121.0383351 14.5665654, 121.0383386 14.5665546, 121.0383376 14.5665349, 121.0383361 14.5665191, 121.0383325 14.5665034, 121.0383198 14.5664916, 121.0383076 14.5664818, 121.038301 14.5664724, 121.0382858 14.5664665, 121.0382726 14.566467, 121.0382675 14.5664744, 121.0382604 14.5664832, 121.0382563 14.5664941, 121.0382639 14.5665069, 121.0382766 14.5665152, 121.0382858 14.5665231, 121.0382832 14.5665339, 121.0382812 14.5665403, 121.0382792 14.5665541, 121.0382863 14.5665664, 121.0382949 14.5665767, 121.0383087 14.5665821, 121.0383168 14.5665747)))"
,,,,,,,,,,,,,,,,,,,,,,,,,,,,,,,,,,,,,,,,,,,,,,,,,,,,,,,,,,,,,,,,,,,,multipolygon,,,,"POLYGON ((121.0393888 14.5624048, 121.0392153 14.5628069, 121.040087 14.5631433, 121.0402395 14.5627288, 121.0393888 14.5624048))"
,,,,,,,,,,,,,,,,,,,,,,,,,,,,,,,,,,,,,,,,,,,,,,,,,,,,,,,,,,residential,,,,,,,,,,multipolygon,,,,"POLYGON ((121.0383374 14.5648624, 121.0390228 14.5650508, 121.0392635 14.5643773, 121.0386334 14.5641388, 121.0383374 14.5648624))"
,,,,,,,,,,,,,,,,,,,,,,,,,,,,,,,,,,,,,,,,,,,,,,,,,,,,,,,,,,,,,,,,,,,,multipolygon,,,,"POLYGON ((121.0390228 14.5650508, 121.0396179 14.5652031, 121.0397328 14.5648046, 121.0397983 14.5645551, 121.0392635 14.5643773, 121.0390228 14.5650508))"
,,,,,,,,,,,,,apartments,,,,,,,,,,,,,,,,,,,,,,,,,,,,,,,,,,,,,,,,,,,,,,,,,,,,,,,multipolygon,,,,"POLYGON ((121.0383374 14.5648624, 121.0381573 14.5653451, 121.0380817 14.5656186, 121.0377832 14.5669187, 121.039058 14.5673169, 121.0396179 14.5652031, 121.0390228 14.5650508, 121.0383374 14.5648624))"
,,,,,,,,,,,,,,,,,,,,,,,,,,,,,,,,,,,,,,,,,,,,,,,,,,,,,,,,,,,,,,,,,,,,multipolygon,,,,"POLYGON ((121.0087128 14.5670331, 121.0083982 14.5670427, 121.0084019 14.5673023, 121.0087185 14.567307, 121.0087128 14.5670331))"
,,,,,,,,,,,,,,,,,,,,,,,,,,,,,,,,,,,,,,,,,,,,,,,,,,,,,,,,,,,,,,,,,,,,multipolygon,,,,"POLYGON ((121.0451691 14.5615576, 121.045314 14.5614607, 121.045358 14.5614525, 121.0457907 14.5614438, 121.0458291 14.5611125, 121.0449808 14.5611462, 121.0449875 14.5612861, 121.0451691 14.5615576))"
,,,,,Q6818610,,,,,,,,,,,,,,,,,,,,,,,,,,,,,,,,,,,,,,,,,,,,,,,,,,yes,,,,,,,,,,,,,multipolygon,,yes,pharmacy,"POLYGON ((121.0396792 14.5586756, 121.0398385 14.5584989, 121.0399046 14.5584256, 121.0397912 14.5583306, 121.0397084 14.5583488, 121.0395719 14.5583949, 121.0394574 14.5584839, 121.0396792 14.5586756))"
,,,,,,,,,,,,,,,,,,,,,,,,,,,,,,,,,,,,,,,,,,,,,,,,,,,,,,,,,,,,,,,,,,,,multipolygon,,,,"POLYGON ((121.0396792 14.5586756, 121.040065 14.5589866, 121.0401371 14.5589685, 121.0401552 14.5586592, 121.0400103 14.5586362, 121.0398385 14.5584989, 121.0396792 14.5586756))"
,park,,,,,,,,,,,,,,,,,,,,,,,,,,,,,,,,,,,,,,,,,,,,,,,,,,,,,,,,,,,,,,,,,,,,,,,"POLYGON ((121.025586 14.5526426, 121.0254733 14.5525301, 121.0253526 14.5524519, 121.0252158 14.5524083, 121.0250703 14.5523779, 121.0249299 14.5523691, 121.024818 14.5523791, 121.024729 14.5523972, 121.0245995 14.552445, 121.0245855 14.5524932, 121.0247643 14.5527989, 121.024787 14.5528302, 121.0248138 14.5528629, 121.0248523 14.5528961, 121.0248834 14.5529128, 121.0249129 14.5529269, 121.0249489 14.552939, 121.0249877 14.552947, 121.0250255 14.5529517, 121.0250617 14.5529511, 121.0251024 14.5529479, 121.0251371 14.5529427, 121.0251763 14.5529328, 121.0252116 14.5529199, 121.0252556 14.552899, 121.0252922 14.5528787, 121.0253255 14.5528567, 121.0253635 14.5528273, 121.025586 14.5526426))"
,,,,,,,,,,,,,,,,,,,,,,,,,,,,,,,,,,,,,,,,,,,,,,,,,,,,,,,,,,,,,,,,,,,,,,,,"POLYGON ((121.0265672 14.5582848, 121.0269667 14.5584197, 121.0271922 14.5584971, 121.0272253 14.5584984, 121.0272511 14.558466, 121.027399 14.5579523, 121.0273849 14.5579182, 121.0273648 14.5578982, 121.0270963 14.5578041, 121.0269982 14.5577599, 121.0269176 14.5577118, 121.0268075 14.5576364, 121.0267551 14.5575935, 121.0267137 14.5575257, 121.0263044 14.5566665, 121.025711 14.5569497, 121.026268 14.5580379, 121.0263554 14.5581332, 121.0264429 14.5581998, 121.0265672 14.5582848))"
,golf_course,,,,,,,,,,,,,,,,,,,,,,wall,18_hole,71,,,,,,,,,,,,,,,,,,,,,,,,,,,,,,,,,,,,,,,,,,,,,,,"POLYGON ((121.03873 14.5501313, 121.0394811 14.5489667, 121.0405697 14.5478408, 121.0409639 14.5474787, 121.0412073 14.5471928, 121.0413967 14.5469399, 121.0418397 14.5463086, 121.0419833 14.5461024, 121.0421059 14.5459538, 121.042321 14.5457617, 121.0424703 14.5456452, 121.0426922 14.5455152, 121.0432215 14.5452595, 121.0436438 14.5450499, 121.0438988 14.5449396, 121.0440449 14.5448923, 121.0441726 14.5448764, 121.0442412 14.5448796, 121.0443634 14.5448934, 121.0449454 14.545107, 121.0453148 14.5451532, 121.0451079 14.5457715, 121.0447482 14.5467858, 121.0443131 14.5479517, 121.0442524 14.5481128, 121.0439314 14.549085, 121.0437644 14.5496348, 121.0437118 14.5498251, 121.0435761 14.5512896, 121.0433163 14.5521494, 121.0431708 14.5527253, 121.0431245 14.5528898, 121.0430953 14.5529957, 121.0430551 14.5531124, 121.0429894 14.5533298, 121.0429267 14.5535483, 121.0428042 14.5539386, 121.0426589 14.5541687, 121.0425083 14.5543893, 121.042275 14.5547659, 121.0420593 14.5551225, 121.0416732 14.5558306, 121.0416106 14.5558332, 121.0411823 14.5557989, 121.0404871 14.5557845, 121.040445 14.5552548, 121.0403467 14.5548037, 121.0402956 14.5545841, 121.0402518 14.5543714, 121.0400854 14.5536891, 121.0400377 14.5535486, 121.0399787 14.5533324, 121.0397683 14.5527484, 121.0396262 14.552392, 121.0395089 14.5520567, 121.03873 14.5501313))"
,,,,,,,,,,,,,,,,,,,,,,,,,,,,,,,,,,,,,,,,,,,,,,,,,,,,,,,,,,,,,,,,,,,,,,,,"POLYGON ((121.0370409 14.5457799, 121.0370409 14.5439255, 121.0370427 14.5429914, 121.0370528 14.542098, 121.0384114 14.5421249, 121.038433 14.5416736, 121.0404443 14.5416556, 121.041844 14.5424479, 121.0419811 14.5425577, 121.0419982 14.5441545, 121.0418661 14.5441569, 121.0418832 14.5457722, 121.0409417 14.5458137, 121.0398956 14.5458317, 121.0398834 14.5459638, 121.0398582 14.5461036, 121.039801 14.5462529, 121.0397206 14.5464041, 121.0396112 14.5465432, 121.0394632 14.5466713, 121.0392316 14.5468566, 121.0391014 14.5470205, 121.0390138 14.5472025, 121.0389673 14.5473338, 121.0389358 14.5474769, 121.0386794 14.5474424, 121.03872 14.5472496, 121.0387673 14.5470899, 121.0388017 14.5470031, 121.0388811 14.5468429, 121.0389782 14.5467259, 121.0391164 14.5466046, 121.0392438 14.5465127, 121.0394036 14.5463831, 121.0394986 14.5462681, 121.0395483 14.5461803, 121.039575 14.5460918, 121.0395915 14.5459943, 121.0395948 14.5458358, 121.0383657 14.5458173, 121.0370409 14.5457799))"
,park,,,,,,,,,,,,,,,,,,,yes,,private,,,,,Q30324826,Category:Jaime C. Velasquez Park,en:Salcedo Park,,,,,,,,,,,,,,,,,,,,,,,,,,,,,,,,,,,,,,,,,,,"POLYGON ((121.0225578 14.5604384, 121.0227434 14.5595741, 121.023634 14.5597797, 121.0234298 14.5605773, 121.0232681 14.5605412, 121.0232864 14.5604287, 121.0230711 14.5603835, 121.0230371 14.5605307, 121.0225578 14.5604384))"
,sports_centre,,,,,,,,,,,,,,,,,,,,,,,,,,,,,,,,,,,,,,,,,,,,,,,,,,,,,,,,,,,,,,,,,,,,,,,"POLYGON ((121.0208694 14.5603648, 121.0205158 14.5598082, 121.0209327 14.5595713, 121.0211986 14.5594502, 121.0213721 14.5593976, 121.0214507 14.5593768, 121.0215787 14.5593586, 121.0217409 14.5593806, 121.022089 14.5594684, 121.0221752 14.5594901, 121.0219807 14.5602931, 121.0217273 14.5602517, 121.0215065 14.560239, 121.0213005 14.5602481, 121.0210991 14.5602956, 121.0209106 14.560367, 121.0208877 14.5603756, 121.0208694 14.5603648))"
,park,,,,,,,,grass,,,,,,,,,,,,,,,,,,Q17148599,Category:Washington SyCip Park,en:Washington SyCip Park,,,,,,,,,,,,,,,,,,,,,,,,,,,,,,,,,,,,,,,,,,,"POLYGON ((121.0185715 14.5540259, 121.0174174 14.5542823, 121.0173683 14.5542731, 121.0173422 14.5542409, 121.0171883 14.5536484, 121.0183928 14.553358, 121.0185715 14.5540259))"
,,,,,,,,,,,,,,,,,,,,,,,,,,,,,,,,,,,,,,,,,,,,,,,,,,,,,,,,,,,,,,,,,,,,,,,,"POLYGON ((121.0279584 14.5612145, 121.0279088 14.5612027, 121.0278606 14.5611656, 121.0278318 14.5611225, 121.0277589 14.5609746, 121.0276967 14.560905, 121.0276215 14.5607514, 121.0276064 14.5607047, 121.0276127 14.5606817, 121.0276266 14.5606599, 121.0285076 14.5601833, 121.0288708 14.5608124, 121.0286215 14.5609463, 121.0284491 14.5609955, 121.0280986 14.5611741, 121.0280156 14.5612085, 121.0279584 14.5612145))"
,,,,,,,,,,,,,,,,,,,,,,,,,,,,,,,,,,,,,,,,,,,,,,,,,,,,,,,,,,,,,,,,,,,,,,,,"POLYGON ((121.0288708 14.5608124, 121.0295346 14.5604269, 121.0295033 14.560377, 121.0291569 14.559824, 121.0291119 14.5598623, 121.0285076 14.5601833, 121.0288708 14.5608124))"
,park,,,,,,,,,,,,,,,,,,,,,,,,,,,,,,,,,,,,,,,,,,,,,,,,,,,,,,,,,,,,,,,,,,,,,,,"POLYGON ((121.0354541 14.5614903, 121.0362461 14.5614902, 121.03623 14.5613298, 121.0354053 14.5604637, 121.0351437 14.5606971, 121.0354773 14.5610322, 121.035225 14.5612596, 121.0354541 14.5614903))"
,park,,,,,,,,,,,,,,,,,,,,,,,,,,,,,,,,,,,,,,,,,,,,,,,,,,,,,,,,,,,,,,,,,,,,,,,"POLYGON ((121.0293495 14.5572812, 121.0293442 14.5571567, 121.0291134 14.5558534, 121.0291189 14.5556198, 121.0291993 14.5553446, 121.0292208 14.5552732, 121.0296111 14.5554069, 121.0302962 14.5557041, 121.0301501 14.556017, 121.0299556 14.5565803, 121.0296875 14.5572993, 121.0293495 14.5572812))"
,,,,,,,,,,,,,,,,,,,,,,,,,,,,,,apartment,,,,,,,,,,,,,,,,,,,,,,,,,,,,,,,,,,,,,,,,,,"POLYGON ((121.0255979 14.5566494, 121.0254009 14.5562606, 121.0259435 14.5560031, 121.0261404 14.556392, 121.0255979 14.5566494))"
,,,,,,,,,,,,,,,,,,,,,,,,,,,,,,,,,,,,,,,,,,,,,,,,,,,,,,,,,,,,,,,,,,,,,,,,"POLYGON ((121.0257534 14.5568936, 121.0256411 14.5566722, 121.0261237 14.5564584, 121.0262288 14.5566658, 121.0257534 14.5568936))"
,,,,,,,,,,,,,,,,,,,,,,,,,,,,,,,,,,,,,,,,,,,,,,,,,,,,,,,,,,,,,,,,,,,,,,,,"POLYGON ((121.027387 14.5676398, 121.027639 14.5675644, 121.0293796 14.5667647, 121.0287762 14.5657348, 121.0283967 14.5649889, 121.0273426 14.5653783, 121.0277183 14.5662611, 121.0268166 14.5666047, 121.027387 14.5676398))"
,,,,,,,,,,,,,,,,,,,,,,,,,,,,,,,,,,,,,,,,,,,,,,,,,,,,,,,,,,,,,,,,,,,,,,,,"POLYGON ((121.0360569 14.5638794, 121.0361536 14.5637621, 121.03636 14.5638389, 121.0365525 14.5638651, 121.0370531 14.5638689, 121.0370465 14.5655694, 121.036655 14.5657913, 121.0364687 14.5657933, 121.0359773 14.5657984, 121.0359555 14.5640382, 121.0360569 14.5638794))"
,,,,,,,,,,,,,,,,,,,,,,,,,,,,,,,,,,,,,,,,,,,,,,,,,,,,,,,,,,,,,,,,,,,,,,,,"POLYGON ((121.0372688 14.5636452, 121.0372595 14.5631025, 121.0376513 14.5630989, 121.0386537 14.5630896, 121.0386964 14.563093, 121.0387376 14.5631105, 121.0387514 14.5631391, 121.0387448 14.5631823, 121.0384436 14.5638955, 121.0384186 14.5639165, 121.0383878 14.5639185, 121.037796 14.5636709, 121.0377391 14.5636545, 121.0376669 14.5636493, 121.0372688 14.5636452))"
,,,,,,,,,,,,,,,,,,,,,,,,,,,,,en:San Carlos Seminary,,,,,,,,,,,,,,,,,,,,,,,,,,,,,,,,,,,,,,,,,,,"POLYGON ((121.0409665 14.5645221, 121.0416696 14.5646735, 121.042656 14.5648097, 121.0434663 14.5645651, 121.0444351 14.564244, 121.0442312 14.5638402, 121.0440138 14.5634615, 121.0435442 14.562804, 121.0432029 14.5629839, 121.0427668 14.563138, 121.0424277 14.5631225, 121.0422359 14.5626753, 121.0419495 14.5629296, 121.0419634 14.5630888, 121.0417906 14.5632756, 121.0416204 14.5634579, 121.0414527 14.5635052, 121.0411981 14.5635051, 121.0408833 14.563501, 121.0407536 14.5636435, 121.0407226 14.5637288, 121.040758 14.5637882, 121.0408523 14.5637926, 121.0409779 14.5637861, 121.0411468 14.5638528, 121.0412722 14.5640277, 121.0412317 14.564207, 121.040991 14.5643406, 121.0409665 14.5645221))"
,,,,,,,,,,,,,apartments,,,,,,,,,,,,,,,,,,,,,,,,,,,,,,,,,,,,,,,,,,,,,,,,,,,,,,,,,,,"POLYGON ((121.0118994 14.5672867, 121.0126305 14.5672565, 121.0128091 14.5667972, 121.0116959 14.5668783, 121.0118994 14.5672867))"
,,,,,,,,,,,,,detached,,,,,,,,,,,,,,,,,,,,,,,,,,,,,,,,,,,,,,,,,,,,,,,,,,,,,,,,,,,"POLYGON ((121.025844 14.5553781, 121.0258525 14.5555381, 121.0259798 14.555836, 121.0268591 14.5575226, 121.0269203 14.5576065, 121.027008 14.5576642, 121.0271166 14.5577161, 121.0275427 14.5578373, 121.0275813 14.5578492, 121.0273902 14.558483, 121.0273917 14.5585161, 121.0274132 14.5585551, 121.0274548 14.558581, 121.0304311 14.5594546, 121.0305645 14.5594887, 121.0306215 14.5595078, 121.0306972 14.5595075, 121.0307612 14.55947, 121.0309509 14.559306, 121.0310896 14.5592123, 121.031106 14.5592261, 121.0320237 14.5582133, 121.0324489 14.5577188, 121.0328659 14.557206, 121.0345187 14.5551041, 121.034549 14.5550524, 121.0345643 14.5550211, 121.0345693 14.5550027, 121.0345718 14.5549868, 121.0345705 14.5549718, 121.0345627 14.5549565, 121.0345517 14.5549449, 121.0305846 14.5516671, 121.0303658 14.5519094, 121.029913 14.5515466, 121.0298967 14.5515828, 121.0296439 14.5513692, 121.0295945 14.5514265, 121.029054 14.5520094, 121.0284685 14.5526057, 121.0274053 14.5536488, 121.0268886 14.5540985, 121.0263523 14.5545304, 121.0262241 14.5546384, 121.0260437 14.554765, 121.0259721 14.5548661, 121.0259251 14.5549623, 121.0258656 14.5551456, 121.025844 14.5553781))"
,,,,,,,,,,,,,,,,,,,,,,,,,,,,,,,,,,,,,,,,,,,,,,,,,,,,,,,,,,,,,,,,,,,,,,,,"POLYGON ((121.0372861 14.5655844, 121.0372847 14.5647423, 121.0377001 14.5647439, 121.0380202 14.5648683, 121.0377677 14.5655918, 121.0372861 14.5655844))"
,,,,,,,,,,,,,,,,,,,,,,,,,,,,,,,,,,,,,,,,,,,,,,,,,,,,,,,,,,,,,,,,,,,,,,,,"POLYGON ((121.0303492 14.5495582, 121.030467 14.5499067, 121.0305287 14.5501162, 121.0305229 14.5503958, 121.0304769 14.5505588, 121.0303869 14.5507314, 121.0325172 14.5525252, 121.0349376 14.5545771, 121.037193 14.5565065, 121.0381749 14.5562094, 121.0386191 14.5561008, 121.0390535 14.5560102, 121.0398384 14.5558483, 121.0404871 14.5557845, 121.040445 14.5552548, 121.0403467 14.5548037, 121.0402956 14.5545841, 121.0402518 14.5543714, 121.0400854 14.5536891, 121.0400377 14.5535486, 121.0399787 14.5533324, 121.0397683 14.5527484, 121.0396262 14.552392, 121.0395089 14.5520567, 121.03873 14.5501313, 121.0394811 14.5489667, 121.0405697 14.5478408, 121.0382335 14.5475903, 121.0357959 14.5472912, 121.0343502 14.5478785, 121.0349748 14.5492379, 121.0333796 14.5498875, 121.0327933 14.5485109, 121.0322167 14.5487451, 121.0303492 14.5495582))"
,,,,,,,,,,,,,,,,,,,,,,,,,,,,,,,,,,,,,,,,,,,,,,,,,,,,,,,,,,,,,,,,,,,,,,,,"POLYGON ((121.0255849 14.5474335, 121.0236338 14.5457699, 121.0216984 14.5441144, 121.0201849 14.5428696, 121.019395 14.5423288, 121.0184767 14.5439614, 121.0179896 14.5448576, 121.017967 14.544897, 121.0179462 14.5449365, 121.0172415 14.5462952, 121.0172 14.5463752, 121.0164817 14.5477002, 121.0160543 14.5485582, 121.0159358 14.5489814, 121.0157964 14.5497317, 121.0155281 14.5509857, 121.0156607 14.5509682, 121.0173334 14.5507893, 121.0190071 14.5506149, 121.0210765 14.5504236, 121.0215204 14.5503883, 121.0218839 14.5503125, 121.02224 14.5501667, 121.0225074 14.5500548, 121.0228953 14.5498589, 121.0234532 14.549485, 121.0239596 14.5491029, 121.0244456 14.5486863, 121.0249904 14.5481088, 121.0255849 14.5474335))"
,,,,,,,,,,,,,,,,,,,,,,,,,,,,,,,Aidea Inc.,,,,,,,,,,,,,,,,,,,,,,,,,,,,,,,,,,,,,,,,,"POLYGON ((121.0149283 14.559826, 121.0155338 14.5601984, 121.015589 14.5602077, 121.0156523 14.5601943, 121.0156978 14.5601735, 121.0159941 14.5599038, 121.0160151 14.559881, 121.0160291 14.5598452, 121.0160339 14.5597994, 121.0160237 14.5597683, 121.0156869 14.5592936, 121.0155923 14.5590934, 121.0154722 14.5592, 121.0152046 14.5594212, 121.0149283 14.559826))"
,,,,,,,,,,,,,,,,,,,,,,,,,,,,,,,,commercial,,,,,,,,,,,,,,,,,,,,,,,,,,,,,,,,,,,,,,,,"POLYGON ((121.0206638 14.5626347, 121.0208024 14.5624452, 121.0208345 14.562126, 121.0222643 14.5622847, 121.0222097 14.5627752, 121.020983 14.5625831, 121.0208344 14.5625885, 121.0207472 14.5626089, 121.0206638 14.5626347))"
,,,,,,,,,,,,,,,,,,,,,,,,,,,,,,,,,,,,,,,,,,,,,,,,,,,,,,,,,,,,,,,,,,,,,,,,"POLYGON ((121.0129994 14.5383046, 121.0130391 14.538598, 121.0142512 14.5389198, 121.0142832 14.5388088, 121.014499 14.5388609, 121.0150142 14.5390227, 121.0151959 14.5390849, 121.0157774 14.5393024, 121.0169921 14.5370342, 121.0187344 14.5337939, 121.0194854 14.5323984, 121.01994 14.5315663, 121.0205626 14.5318664, 121.0209154 14.531189, 121.0210166 14.5312521, 121.0210842 14.5312889, 121.0214159 14.5306665, 121.0215783 14.5303326, 121.0209714 14.5301436, 121.0207673 14.5301483, 121.0203041 14.5299201, 121.0193972 14.5303724, 121.0191816 14.530603, 121.0184657 14.5306128, 121.0184217 14.5305978, 121.0180757 14.5302383, 121.0179542 14.5301909, 121.0173673 14.5302964, 121.0172783 14.5302789, 121.0172083 14.5302327, 121.0168719 14.5297228, 121.0162196 14.5297892, 121.0158878 14.530989, 121.0158189 14.5310265, 121.0140137 14.5303625, 121.0138956 14.5306298, 121.0136948 14.5310539, 121.0136026 14.5312524, 121.0134359 14.5317165, 121.0133738 14.5319449, 121.0133068 14.5322202, 121.0132375 14.5326298, 121.0131811 14.532818, 121.0131703 14.5331671, 121.0129843 14.5331481, 121.0129649 14.5332163, 121.0129679 14.5332599, 121.0129929 14.5336197, 121.0130121 14.5339783, 121.013052 14.5341547, 121.0131011 14.5344387, 121.0128487 14.534526, 121.012948 14.5356128, 121.0128002 14.535683, 121.0129712 14.5368621, 121.0129703 14.537052, 121.0129966 14.5373286, 121.0129968 14.5373816, 121.0130053 14.5377101, 121.0130082 14.5378468, 121.0129994 14.5383046))"
,,,,,,,,,,,,,,,,,,,,,,,,,,,,,,,,,,,,,,,,,,,,,,,,,,,,,,,,,,,,,,,,,,,,,,,,"POLYGON ((121.0229635 14.5516161, 121.0227034 14.5510965, 121.0226531 14.5509304, 121.0226515 14.5507765, 121.0226762 14.5506943, 121.0226915 14.5506352, 121.0227412 14.5505459, 121.0227859 14.5504989, 121.0232465 14.5502459, 121.0234768 14.5507026, 121.023741 14.5512258, 121.0234552 14.5513693, 121.0229635 14.5516161))"
,park,,,,,,,,,,,,,,,,,,,,,,,,,,,,,,,,,,,,,,,,,,,,,,,,,,,,,,,,,,,,,,,,,,,,,,,"POLYGON ((121.0266823 14.5515552, 121.0266575 14.5514907, 121.0266356 14.5514186, 121.0266366 14.5513927, 121.0266576 14.5513142, 121.0266661 14.5512322, 121.0266735 14.5511406, 121.026686 14.5510544, 121.0267181 14.5509759, 121.0267654 14.5508915, 121.0268283 14.5508065, 121.026898 14.5508688, 121.0268644 14.550914, 121.0270369 14.5510498, 121.0270578 14.5510776, 121.0270657 14.5511145, 121.0270638 14.5511441, 121.0270263 14.55121, 121.0269026 14.5514731, 121.0267917 14.5515873, 121.0267574 14.5516002, 121.0267297 14.5516002, 121.0267042 14.5515839, 121.0266823 14.5515552))"
,,,,,,,,,,,,,,,,,,,,,,,,,,,,,,,,,,,,,,,,,,,,,,,,,,,,,,,,,,,,,,,,,,,,,,,,"POLYGON ((121.0267881 14.5540406, 121.0263437 14.5535315, 121.0267742 14.5531817, 121.0271931 14.5536863, 121.0267881 14.5540406))"
,,,,,,,,,,,,,,,,,,,,,,,,,,,,,,,,,,,,,,,,,,,,,,,,,,,,,,,,,,,,,,,,,,,,,,,,"POLYGON ((121.0255849 14.5474335, 121.0257686 14.5476022, 121.0257966 14.54766, 121.0257762 14.5477337, 121.0254651 14.5480935, 121.0251602 14.5484361, 121.0247573 14.5488616, 121.0240718 14.5494655, 121.0235088 14.5498815, 121.0227109 14.5503166, 121.0224117 14.5504758, 121.0222122 14.5505555, 121.0219938 14.5506175, 121.0208282 14.5507299, 121.0191148 14.5509044, 121.0189308 14.5509234, 121.017534 14.5510676, 121.0156041 14.551277, 121.0156607 14.5509682, 121.0173334 14.5507893, 121.0190071 14.5506149, 121.0210765 14.5504236, 121.0215204 14.5503883, 121.0218839 14.5503125, 121.02224 14.5501667, 121.0225074 14.5500548, 121.0228953 14.5498589, 121.0234532 14.549485, 121.0239596 14.5491029, 121.0244456 14.5486863, 121.0249904 14.5481088, 121.0255849 14.5474335))"
,,,,,,,,,,,,,,,,,,,,,,,,,,,,,,,,,,,,,,,,,,,,,,,,,,,,,,,,,,,,,,,,,,,,,,,,"POLYGON ((121.0329935 14.5617206, 121.0340517 14.5607655, 121.0342586 14.5609598, 121.0358589 14.5595203, 121.0368889 14.5588225, 121.0377644 14.5583739, 121.0379704 14.5582825, 121.0382879 14.5581163, 121.0402543 14.5597691, 121.0401804 14.5602253, 121.0401445 14.5602941, 121.0400238 14.5604609, 121.0398377 14.5603369, 121.0396231 14.5606921, 121.038824 14.5627291, 121.0387899 14.5628084, 121.0387081 14.5628753, 121.0386137 14.5629039, 121.0363161 14.5628796, 121.0347901 14.5628912, 121.0339564 14.5627142, 121.0338414 14.5626464, 121.0329935 14.5617206))"
,,,,,,,,,,,,,,,,,,,,,,,,,,,,,,,,,,,,,,,,,,,,,,,,,,,,,,,,,,,,,,,,,,,,,,,,"POLYGON ((121.0136026 14.5312524, 121.0136948 14.5310539, 121.0138956 14.5306298, 121.0140137 14.5303625, 121.0137516 14.5302678, 121.0131937 14.5305503, 121.0129846 14.5306254, 121.012613 14.5304392, 121.0125878 14.5311201, 121.0125037 14.5311531, 121.0122404 14.5312695, 121.0121539 14.5313431, 121.0121753 14.5314518, 121.0122516 14.5317538, 121.0123089 14.5320346, 121.0124712 14.5322149, 121.0126046 14.5325303, 121.0127187 14.5326079, 121.012939 14.5327215, 121.0130565 14.5328084, 121.0131339 14.5329911, 121.0130782 14.5330839, 121.0129843 14.5331481, 121.0131703 14.5331671, 121.0131811 14.532818, 121.0132375 14.5326298, 121.0133068 14.5322202, 121.0133738 14.5319449, 121.0134359 14.5317165, 121.0136026 14.5312524))"
,,,,,,,,,,,,,,,,,,,,,,,,,,,,,,,,,,,,,,,,,,,,,,,,,,,,,,,,,,,,,,,,,,,,,,,,"POLYGON ((121.0246571 14.5325687, 121.0248381 14.5322483, 121.0249006 14.532216, 121.0251669 14.5322073, 121.0253449 14.5322308, 121.0255557 14.53221, 121.0261659 14.5321525, 121.0263917 14.5321267, 121.0265333 14.532124, 121.0265791 14.5321375, 121.0266938 14.5322946, 121.0268555 14.532505, 121.0271559 14.5327459, 121.0273963 14.5329287, 121.0275765 14.5330284, 121.0278254 14.533045, 121.0280981 14.5331385, 121.0283576 14.5332611, 121.02865 14.5334935, 121.0288726 14.5336765, 121.0289155 14.5338759, 121.0289076 14.5339706, 121.0289246 14.5340612, 121.0290645 14.5340736, 121.0291924 14.5340332, 121.0293526 14.5340597, 121.0294219 14.534175, 121.0294305 14.5343162, 121.0295592 14.5344325, 121.0297378 14.5344497, 121.0298599 14.5344285, 121.0299534 14.5343567, 121.0300158 14.5343247, 121.0300889 14.534306, 121.0301296 14.5343687, 121.0301686 14.5345738, 121.0302544 14.5346818, 121.0306719 14.534868, 121.0311507 14.5349823, 121.0313572 14.5350238, 121.0314019 14.5349635, 121.0315881 14.534779, 121.0316603 14.534659, 121.0318024 14.5345409, 121.0319741 14.5345506, 121.0322202 14.5345636, 121.0324603 14.5345406, 121.0327006 14.5344409, 121.0331212 14.5341999, 121.0334216 14.5340753, 121.0335932 14.5340088, 121.0336962 14.5340421, 121.0340052 14.5343661, 121.0343845 14.5345738, 121.0345615 14.5347934, 121.0347815 14.5351777, 121.0351401 14.535495, 121.035305 14.5356352, 121.0359281 14.535892, 121.0363594 14.5359183, 121.0362125 14.5363224, 121.0356446 14.5361893, 121.0353708 14.5368707, 121.0350336 14.5376246, 121.0345698 14.5383987, 121.0342871 14.5387843, 121.0339466 14.5391704, 121.0326802 14.5401765, 121.0321789 14.5407432, 121.0318621 14.5411362, 121.0315925 14.5415338, 121.0313702 14.5418806, 121.0311339 14.5424018, 121.0308814 14.5430285, 121.0301144 14.545086, 121.0331543 14.546178, 121.0331089 14.5463116, 121.0330253 14.5465492, 121.0329742 14.5468249, 121.0329545 14.5471313, 121.0329703 14.5474797, 121.0330331 14.5478204, 121.0331447 14.5481664, 121.0325242 14.548436, 121.0301761 14.5493999, 121.0301333 14.5492651, 121.0301058 14.5491085, 121.0299247 14.5491447, 121.0298635 14.5490901, 121.0297857 14.5490488, 121.0296897 14.5490223, 121.0295993 14.5490092, 121.0295199 14.5490064, 121.0294413 14.5490079, 121.0293499 14.5490224, 121.029258 14.5490491, 121.0291719 14.5490855, 121.0291045 14.5491224, 121.0290435 14.549169, 121.0289638 14.5492378, 121.0288652 14.5493419, 121.0287977 14.5493927, 121.0287663 14.5494036, 121.0287211 14.5494036, 121.0286795 14.5493765, 121.0268142 14.5478287, 121.0270971 14.5475066, 121.0266396 14.5471276, 121.0266233 14.5471213, 121.0265963 14.547121, 121.0265764 14.5471325, 121.0263805 14.5473566, 121.0262225 14.5472256, 121.0261601 14.5472284, 121.0250071 14.5462818, 121.0210294 14.5429724, 121.0196666 14.5418319, 121.020224 14.5407875, 121.0205139 14.5401884, 121.0216239 14.5381435, 121.0219446 14.5375725, 121.0220013 14.5374701, 121.0240605 14.5337198, 121.0242619 14.5333312, 121.0246571 14.5325687))"
,,,,,,,,,,,,,,,,,,,,,,,,,,,,,,,,,,,,,,,,,,,,,,,,,,,,,,,,,,,,,,,,,,,,,,,,"POLYGON ((121.0312089 14.5606806, 121.0308238 14.5609809, 121.0303059 14.5613651, 121.0300625 14.5615262, 121.0299255 14.561601, 121.0295656 14.5617049, 121.0295251 14.5618211, 121.0293433 14.5617439, 121.0292639 14.5618343, 121.0290415 14.5619686, 121.0291026 14.5620498, 121.0289105 14.5622568, 121.0290537 14.5623677, 121.029263 14.5624437, 121.0295215 14.5625046, 121.0300084 14.562529, 121.0304552 14.5624468, 121.0306022 14.5623463, 121.0307799 14.5622058, 121.0310121 14.5624518, 121.0313467 14.5628081, 121.0316952 14.5624916, 121.0317528 14.5625513, 121.0328235 14.5615936, 121.0329935 14.5617206, 121.0340517 14.5607655, 121.0317528 14.5600297, 121.0316536 14.56005, 121.0315543 14.560298, 121.031407 14.560249, 121.0313194 14.5605092, 121.0312638 14.56049, 121.0312089 14.5606806))"
,,,,,,,,,,,,,,,,,,,,,,,,,,,,,,,,,supermarket,,,,,,,,,,,,,,,,,,,,,,,,,,,,,,,,,,,,,,,"POLYGON ((121.0073997 14.5556252, 121.0081628 14.5560101, 121.0076018 14.5569945, 121.0068599 14.5566154, 121.0069722 14.556419, 121.0073997 14.5556252))"
,,,,,,,,,,,,,,,,,,,,,,,,,,,,,,,,,,,,,,,,,,,,,,,,,,,,,,,,,,,,,,,,,,,,,,,,"POLYGON ((121.0345698 14.5383987, 121.0350336 14.5376246, 121.0353708 14.5368707, 121.0356446 14.5361893, 121.0362125 14.5363224, 121.0363594 14.5359183, 121.0365458 14.5359197, 121.0367261 14.536061, 121.036947 14.5361663, 121.0371037 14.5361939, 121.037241 14.5361358, 121.037387 14.5360527, 121.0375178 14.5360595, 121.0377131 14.5361191, 121.0380135 14.5362272, 121.0383532 14.5363843, 121.0384142 14.5365969, 121.0386497 14.53676, 121.0386622 14.5369492, 121.038683 14.5370414, 121.03876 14.537122, 121.0388651 14.5372322, 121.0390381 14.5373646, 121.0391939 14.5374203, 121.039323 14.5375514, 121.039362 14.5376758, 121.039267 14.5377951, 121.0393097 14.5381898, 121.0394139 14.5387592, 121.0394077 14.5390356, 121.0393758 14.5393679, 121.0396294 14.5395816, 121.0396477 14.5397168, 121.0397429 14.5398622, 121.0399962 14.5398994, 121.0401679 14.5398911, 121.0404683 14.5399576, 121.040597 14.5400323, 121.0406244 14.5402115, 121.0409458 14.5404322, 121.0409484 14.5405443, 121.0410085 14.5406212, 121.041421 14.5407468, 121.0416785 14.5407884, 121.0418587 14.5406887, 121.0419789 14.5406887, 121.0421677 14.5407551, 121.0423995 14.5407302, 121.0426484 14.5406554, 121.04282 14.5404976, 121.042966 14.5404145, 121.043129 14.540373, 121.0433436 14.540456, 121.0436183 14.5405724, 121.0438414 14.5407219, 121.0440474 14.5408798, 121.0442464 14.5409509, 121.0446482 14.5408881, 121.0448456 14.5409047, 121.0451117 14.5410376, 121.0452662 14.5412121, 121.0453692 14.541453, 121.0454985 14.5416885, 121.0456447 14.5417745, 121.04594 14.5418487, 121.0460129 14.5419183, 121.0460355 14.5422739, 121.0461968 14.5424237, 121.0462475 14.5424669, 121.0462228 14.5425326, 121.0459352 14.5432977, 121.0459208 14.5433455, 121.0457066 14.5440559, 121.0453648 14.5450027, 121.0452431 14.545002, 121.0449123 14.544957, 121.0444135 14.5447616, 121.0440706 14.5447257, 121.0426629 14.545382, 121.0421821 14.5456842, 121.0420822 14.5457877, 121.0418333 14.54612, 121.0416073 14.5464349, 121.0411148 14.5470824, 121.040769 14.547416, 121.0404343 14.5475822, 121.0398335 14.5475988, 121.0389358 14.5474769, 121.0386794 14.5474424, 121.038031 14.5473828, 121.0357965 14.5471078, 121.0345269 14.5466527, 121.0331543 14.546178, 121.0301144 14.545086, 121.0308814 14.5430285, 121.0311339 14.5424018, 121.0313702 14.5418806, 121.0315925 14.5415338, 121.0318621 14.5411362, 121.0321789 14.5407432, 121.0326802 14.5401765, 121.0339466 14.5391704, 121.0342871 14.5387843, 121.0345698 14.5383987))"
,park,,,,,,,,,,,,,,,,,,,,,,,,,,,,,,,,,,,,,,,,,,,,,,,,,,,,,,,,,,,,,,,,,,,,,,,"POLYGON ((121.0329222 14.552198, 121.0337873 14.5529237, 121.0349768 14.5514971, 121.035009 14.5514296, 121.0350063 14.5513647, 121.0349688 14.5513101, 121.0349124 14.5512894, 121.0348373 14.5512997, 121.0330456 14.5520838, 121.0329222 14.552198))"
,,,,,,,,,,,,,,,,,,,,,,,,,,,,,,,,,,,,,,,,,,,,,,,,,,,,,,,,,,,,,,,,,,,,,,,,"POLYGON ((121.0540914 14.5646313, 121.0540735 14.5643223, 121.0540519 14.5639322, 121.0539434 14.5625534, 121.0539193 14.5625072, 121.0538864 14.56248, 121.0538487 14.5624591, 121.0538725 14.562265, 121.0539181 14.5616022, 121.0538913 14.5614227, 121.0535308 14.5615333, 121.0527073 14.5615903, 121.0527228 14.5609508, 121.0531223 14.5609178, 121.0537273 14.5608465, 121.0537119 14.5606926, 121.0536159 14.5606556, 121.0534868 14.5602945, 121.0532643 14.5601772, 121.0531521 14.5602329, 121.052941 14.5601781, 121.0528958 14.5602985, 121.0524853 14.5601789, 121.0520664 14.5600398, 121.0518555 14.5599841, 121.0516569 14.5601366, 121.0513965 14.5596655, 121.0510859 14.5588946, 121.050881 14.5582666, 121.0505481 14.5583735, 121.0504816 14.5582235, 121.0508287 14.5580971, 121.0507076 14.5576565, 121.050882 14.5575462, 121.0515271 14.5573207, 121.0515439 14.5573148, 121.0514875 14.5571829, 121.051408 14.5569331, 121.0513927 14.5568851, 121.0510514 14.5569151, 121.0510313 14.5564178, 121.0501523 14.556659, 121.049874 14.556727, 121.049725 14.5566063, 121.0490092 14.5560263, 121.0485498 14.5558541, 121.0480406 14.5556414, 121.047557 14.5553868, 121.0464999 14.5563016, 121.0458021 14.5555124, 121.0453278 14.5556305, 121.0452797 14.5556401, 121.0448505 14.5557804, 121.0448122 14.5556708, 121.0447866 14.555602, 121.0440401 14.5557395, 121.0440225 14.5556564, 121.043743 14.5556997, 121.0435431 14.5557465, 121.0433222 14.5558946, 121.0424252 14.5570491, 121.0422934 14.5568943, 121.0430687 14.5559028, 121.042975 14.555806, 121.0427943 14.5560209, 121.0423347 14.5560092, 121.0418716 14.5560094, 121.0417872 14.5558187, 121.0416732 14.5558306, 121.0416106 14.5558332, 121.0411823 14.5557989, 121.0404871 14.5557845, 121.0398384 14.5558483, 121.0390535 14.5560102, 121.0386191 14.5561008, 121.0381749 14.5562094, 121.037193 14.5565065, 121.0385708 14.5576897, 121.0394256 14.5584343, 121.0395464 14.558307, 121.0397103 14.5582639, 121.0398025 14.5583198, 121.0399222 14.5584262, 121.0399244 14.5585071, 121.0399837 14.5586024, 121.0401405 14.5586453, 121.040242 14.5587067, 121.0402126 14.5588995, 121.0405136 14.5588967, 121.0409803 14.559574, 121.0414098 14.559611, 121.0415913 14.5596796, 121.0423808 14.5603437, 121.0428674 14.5607497, 121.0429658 14.5606569, 121.0431232 14.5608091, 121.0435165 14.5604934, 121.0440287 14.560454, 121.0440579 14.5611345, 121.0440679 14.5612545, 121.0438179 14.5612783, 121.0438618 14.5616739, 121.0439208 14.5618872, 121.0439836 14.5619956, 121.0440809 14.5621206, 121.0443426 14.5624081, 121.0448068 14.5630893, 121.0453867 14.5644092, 121.045653 14.5651379, 121.0459226 14.564994, 121.0458475 14.5652699, 121.046295 14.5652885, 121.0468 14.5653564, 121.0472377 14.5654202, 121.0472193 14.5654878, 121.0471024 14.5661043, 121.0470813 14.5661612, 121.0468816 14.566503, 121.0467104 14.5669573, 121.0466671 14.5673145, 121.0466788 14.5675628, 121.0467738 14.5676875, 121.0469727 14.567714, 121.0473403 14.5677498, 121.0475278 14.5677623, 121.0485586 14.5678741, 121.0483692 14.5674105, 121.0480427 14.5667148, 121.0482465 14.5666045, 121.0484584 14.5664798, 121.048795 14.5665227, 121.0490002 14.5667226, 121.0491129 14.5670042, 121.0493301 14.5670652, 121.0493918 14.5671548, 121.0495514 14.5670626, 121.0495983 14.567134, 121.0499014 14.5670795, 121.0502045 14.5669056, 121.0505693 14.5666992, 121.0510735 14.566546, 121.0513257 14.5664552, 121.0516341 14.5662449, 121.0519236 14.5661649, 121.0526611 14.5659534, 121.0529467 14.5657444, 121.0531519 14.5655393, 121.0531801 14.5654563, 121.0535314 14.5652096, 121.0536374 14.5650331, 121.053679 14.564632, 121.0540914 14.5646313))"
,,,,,,,,,,,,,,,,,,,,,,,,,,,,,,,,,,,,,,,,,,,,,,,,,,,,,,,,,,,,,,,,,,,,,,,,"POLYGON ((121.0401929 14.5631672, 121.040087 14.5631433, 121.0404859 14.5620591, 121.0409005 14.560919, 121.0407095 14.5607705, 121.0403652 14.560493, 121.0403243 14.5604592, 121.0406239 14.560109, 121.0406668 14.5601116, 121.0412596 14.5606152, 121.042287 14.5614622, 121.0421116 14.5617833, 121.041967 14.562397, 121.0417377 14.562656, 121.0418218 14.5628351, 121.0418674 14.5629628, 121.0418644 14.5630876, 121.0417163 14.5632364, 121.0415703 14.5633617, 121.041395 14.5634112, 121.0410936 14.5633881, 121.0407611 14.5633918, 121.0405695 14.5632079, 121.0403256 14.5631888, 121.0401929 14.5631672))"
,,,,,,,,,,,,,,,,,,,,,,,,,,,,,,,,,,,,,,,,,,,,,,,,,,,,,,,,,,,,,,,,,,,,,,,,"POLYGON ((121.0287371 14.5641654, 121.0287202 14.5641761, 121.0285589 14.5642702, 121.0284061 14.564357, 121.0282468 14.5644148, 121.0281205 14.5644646, 121.0281251 14.5644744, 121.0282045 14.5646721, 121.0282369 14.5647499, 121.0282645 14.5648175, 121.0240158 14.5664134, 121.0239134 14.5661395, 121.0238479 14.5660223, 121.0239403 14.5658991, 121.023854 14.5656802, 121.0238266 14.5656024, 121.023656 14.5656627, 121.0227942 14.563542, 121.0227165 14.5633494, 121.0226802 14.5632484, 121.0226821 14.5631905, 121.022937 14.5631225, 121.0230598 14.5631068, 121.0230976 14.5632473, 121.0233799 14.5631674, 121.0234172 14.5632603, 121.0237924 14.5631627, 121.0238242 14.5632311, 121.0240857 14.5631883, 121.0241026 14.5632367, 121.0245567 14.563139, 121.0245724 14.5632285, 121.0248272 14.5631834, 121.0248443 14.5632779, 121.0251973 14.5632199, 121.0259113 14.5630989, 121.0263073 14.5630138, 121.0268096 14.5628905, 121.0272102 14.5627751, 121.027578 14.5626591, 121.0279141 14.5625452, 121.0280293 14.5628123, 121.0281586 14.5627662, 121.0284072 14.5633641, 121.028462 14.5634867, 121.0286239 14.5638713, 121.0287371 14.5641654))"
,,,,,,,,,,,,,detached,,,,,,,,,,,,,neighbourhood,,,,,,,,Makati,Poblacion,,,,,,,,,,,,,,,,,,,,,,,,,,,,,,,,,,,,,"POLYGON ((121.0245399 14.5693493, 121.0237153 14.5669356, 121.0236341 14.5666981, 121.0260826 14.5657978, 121.0264556 14.5656594, 121.0268481 14.5666076, 121.0274185 14.5676427, 121.0275701 14.5675937, 121.0277393 14.5683631, 121.0271217 14.5685593, 121.0262666 14.5688514, 121.0245399 14.5693493))"
,,,,,,,,,,,,,,,,,,,,,,,,,,,,,,,,,,,,,,,,,,,,,,,,,,,,,,,,,,,,,,,,,,,,,,,,"POLYGON ((121.0436808 14.5653628, 121.0434986 14.5654646, 121.0430457 14.5658211, 121.0427762 14.565999, 121.0424894 14.5661466, 121.0431337 14.566917, 121.0428991 14.5672148, 121.0429955 14.5672395, 121.0432518 14.567205, 121.0435611 14.5672676, 121.0447975 14.5676093, 121.0447266 14.5676967, 121.0446874 14.567805, 121.0446452 14.5679021, 121.0446242 14.5679849, 121.0446388 14.5681969, 121.0446311 14.5683469, 121.0426877 14.56834, 121.041703 14.5681079, 121.0404209 14.5678088, 121.0403539 14.5677719, 121.0403069 14.5677345, 121.0402649 14.5676468, 121.0402582 14.5674428, 121.039957 14.5674836, 121.0391335 14.5673528, 121.0394085 14.566361, 121.0396405 14.565516, 121.0401537 14.5632621, 121.0401929 14.5631672, 121.0403256 14.5631888, 121.0405695 14.5632079, 121.0407611 14.5633918, 121.0406678 14.563618, 121.0406279 14.5637723, 121.0406546 14.5638602, 121.0408821 14.5638496, 121.0410271 14.5638842, 121.0411423 14.5639703, 121.0411637 14.5640774, 121.0411252 14.5641568, 121.0408294 14.5643462, 121.0408483 14.5644875, 121.0409665 14.5645221, 121.0416696 14.5646735, 121.042656 14.5648097, 121.0434663 14.5645651, 121.043455 14.5649042, 121.0435449 14.5651534, 121.0436808 14.5653628))"
,,,,,,,,,,,,,,,,,,,,,,,,,,,,,,,,,,,,,,,,,,,,,,,,,,,,,,,,,,,,,,,,,,,,,,,,"POLYGON ((121.0184993 14.5358627, 121.0188553 14.5360657, 121.0188888 14.5362374, 121.0174844 14.5387342, 121.0172219 14.5390653, 121.0165373 14.5397232, 121.0163933 14.5398117, 121.0163413 14.5398258, 121.0162724 14.5398333, 121.0161621 14.5398291, 121.0158426 14.5397099, 121.0157916 14.5396692, 121.0157844 14.5396079, 121.0158069 14.539535, 121.0160422 14.5391143, 121.0165695 14.5393864, 121.0168204 14.5389284, 121.0170453 14.5385177, 121.0174223 14.537808, 121.0175217 14.5376189, 121.0184993 14.5358627))"
,,,,,,,,,,,,,,,,,,,,,,,,,,,,,,,,,,,,,,,,,,,,,,,,,,,,,,,,,,,,,,,,,,,,,,,,"POLYGON ((121.0340517 14.5607655, 121.034035 14.560601, 121.0319944 14.5599751, 121.0320878 14.559705, 121.0322672 14.5597641, 121.032407 14.5593682, 121.0326026 14.5594439, 121.0329027 14.5588263, 121.0330811 14.5589085, 121.0332039 14.5586942, 121.0333625 14.5584576, 121.0334574 14.558325, 121.0335169 14.5583579, 121.0345523 14.5570129, 121.0352465 14.5561701, 121.0353162 14.5562275, 121.035625 14.5558657, 121.0382879 14.5581163, 121.0379704 14.5582825, 121.0377644 14.5583739, 121.0368889 14.5588225, 121.0358589 14.5595203, 121.0342586 14.5609598, 121.0340517 14.5607655))"
,,,,,,,,,,,,,,,,,,,,,,,,,,,,,,,,,,,,,,,,,,,,,,,,,,,,,,,,,,,,,,,,,,,,,,,,"POLYGON ((121.0255244 14.5693535, 121.0266072 14.5706338, 121.0266639 14.5707009, 121.027344 14.571505, 121.0260566 14.5725018, 121.0248917 14.5734274, 121.0245507 14.5737146, 121.0235627 14.5724746, 121.022309 14.5708047, 121.0221776 14.5704147, 121.024443 14.5697107, 121.0255244 14.5693535))"
,,,,,,,,,,,,,condominium,,,,,,,,,,,,,,,,,,,,,,,,,,,,,,,,,,,,,,,,,,,,,,,,,,,,,,,,,,,"POLYGON ((121.0359629 14.5636743, 121.035768 14.5640186, 121.0357694 14.565022, 121.0357644 14.5658339, 121.0348576 14.5658389, 121.0348415 14.5636445, 121.0359047 14.5636458, 121.0359629 14.5636743))"
,,,,,,,,,,,,,,,,,,,,,,,,,,,,,,,,,,,,,,,,,,,,,,,,,,,,,,,,,,,,,,,,,,,,,,,,"POLYGON ((121.029857 14.5657746, 121.0301528 14.5663606, 121.0294507 14.5667121, 121.0291225 14.5661182, 121.029857 14.5657746))"
,,,,,,,,,,,,,,,,,,,,,,,,,,,,,,,,,,,,,,,,,,,,,,,,,,,,,,,,,,,,,,,,,,,,,,,,"POLYGON ((121.0235279 14.5666974, 121.0244722 14.5693981, 121.0238396 14.5695936, 121.0220081 14.5701716, 121.021943 14.5699948, 121.0219294 14.5698942, 121.021782 14.5695027, 121.0218491 14.5694678, 121.0214687 14.568428, 121.0213586 14.568136, 121.0211782 14.5681938, 121.0210967 14.5680096, 121.0206491 14.5681542, 121.0205354 14.5678155, 121.0235279 14.5666974))"
,,,,,,,,,,,,,,,,,,,,,,,,,,,,,,,,,mall,,,,,,,,,,,,,,,,,,,,,,,,,,,,,,,,,,,,,,,"POLYGON ((121.0195432 14.5408375, 121.0191784 14.5414886, 121.0185436 14.5410478, 121.0185593 14.5409533, 121.0188209 14.5404574, 121.0195432 14.5408375))"
,,,,,,,,,,,,,,,,,,,,,,,,,,,,,,,,,,,,,,,,,,,,,,,,,,,,,,,,,,,,,,,,,,,,,,,,"POLYGON ((121.0191748 14.5421872, 121.0182849 14.5416096, 121.0178304 14.5424078, 121.0178215 14.5424209, 121.0187354 14.542933, 121.0191748 14.5421872))"
,,,,,,,,,,,,,,,,,,,,,,,,,,,,,,,,,car,,,,,,,,,,,,,,,,,,,,,,,,,,,,,,,,,,,,,,,"POLYGON ((121.0163759 14.5642254, 121.0160469 14.5634633, 121.0161692 14.5634137, 121.0163067 14.5634137, 121.0164188 14.5634385, 121.0165308 14.5634782, 121.0169028 14.5636178, 121.0172442 14.5637164, 121.0174837 14.5637412, 121.0176732 14.5637292, 121.0176823 14.5637431, 121.0171009 14.5639577, 121.0163759 14.5642254))"
,park,,,,,,,,,,,,,,,,,,,,,,,,,,,,,,,,,,,,,,,,,,,,,,,,,,,,,,,,,,,,,,,,,,,,,,,"POLYGON ((121.0449679 14.5677465, 121.0449524 14.5677708, 121.0449352 14.5678049, 121.0449293 14.567822, 121.0449244 14.5678478, 121.0449219 14.5678752, 121.044921 14.5679018, 121.044929 14.5679268, 121.0449414 14.5679477, 121.0449717 14.5679847, 121.0449985 14.5680057, 121.0450234 14.5680191, 121.0450691 14.5680364, 121.0451042 14.568044, 121.0451474 14.5680476, 121.0451863 14.5680502, 121.0452253 14.5680483, 121.0453373 14.5680346, 121.0454045 14.568027, 121.0454957 14.5680051, 121.0455853 14.567984, 121.0455326 14.5678066, 121.0455117 14.5677668, 121.0454918 14.5677338, 121.0454528 14.5676974, 121.0454148 14.5676684, 121.0453702 14.5676511, 121.0453191 14.5676396, 121.0452564 14.5676358, 121.0452153 14.567637, 121.0451692 14.5676387, 121.0451248 14.5676486, 121.0450979 14.5676598, 121.0450623 14.5676734, 121.0450254 14.5676972, 121.0449911 14.5677212, 121.0449679 14.5677465))"
,,,,,,,,,,,,,,,,,,,,,,,,,,,,,,,,,,,,Q6817918,en:Meralco,substation,distribution,115000;34500,,,,,,,,,,,,,,,,,,,,,,,,,,,,,,,,"POLYGON ((121.0208121 14.5377075, 121.0211204 14.5371562, 121.0219446 14.5375725, 121.0216239 14.5381435, 121.02139 14.5380104, 121.0208121 14.5377075))"
,park,,,,,,,,,,,,,,,,,,,,,,,,,,,,,,,,,,,,,,,,,,,,,,,,,,,,,,,,,,,,,,,,,,,,,,,"POLYGON ((121.0461049 14.566945, 121.0461635 14.5669454, 121.0462134 14.5669543, 121.0462578 14.5669687, 121.0463003 14.5669937, 121.0463334 14.5670127, 121.0463636 14.5670378, 121.046388 14.5670637, 121.046413 14.5670896, 121.0464291 14.5671097, 121.0464473 14.5671342, 121.0464629 14.5671654, 121.0464857 14.5672113, 121.0464966 14.5672482, 121.0465016 14.567281, 121.0465033 14.5673122, 121.0465005 14.5673566, 121.0464943 14.5674039, 121.0464895 14.5674399, 121.0464846 14.5674722, 121.0464719 14.5675169, 121.0464524 14.5675687, 121.0464348 14.5676047, 121.0464186 14.5676323, 121.0463935 14.5676681, 121.0463692 14.567699, 121.046348 14.5677196, 121.0463228 14.5677454, 121.0462893 14.56777, 121.0462432 14.5677981, 121.0462033 14.5678207, 121.046149 14.5678451, 121.0461077 14.5678601, 121.0460605 14.5678718, 121.046019 14.5678824, 121.0459603 14.5676583, 121.0459136 14.5674805, 121.0458752 14.5673039, 121.0458666 14.567254, 121.0458592 14.5671927, 121.0458572 14.5671618, 121.0458592 14.5671175, 121.045873 14.5670773, 121.0458912 14.5670508, 121.0459219 14.5670175, 121.04597 14.5669884, 121.0460111 14.566965, 121.0460569 14.5669508, 121.0461049 14.566945))"
water,,,,,,,,,,,,,,,,,,,,,,,,,,,,,,,,,,,,,,,,,water_hazard,pond,,,,,,,,,,,,,,,,,,,,,,,,,,,,,,"POLYGON ((121.0411804 14.5512388, 121.041068 14.5511822, 121.0410319 14.5511268, 121.0409877 14.5510461, 121.0409337 14.5510187, 121.0408865 14.5510192, 121.0408164 14.5510451, 121.0407538 14.5510549, 121.0407006 14.5510467, 121.0406362 14.5510433, 121.0405931 14.5510694, 121.0405858 14.5511186, 121.0406105 14.5512011, 121.0406746 14.5512372, 121.0407481 14.5513133, 121.0408902 14.5513289, 121.0410131 14.5514249, 121.0410546 14.551528, 121.0411118 14.5516152, 121.0411933 14.5516659, 121.0412312 14.5517243, 121.041248 14.5517738, 121.0413101 14.5517984, 121.0413811 14.5517953, 121.0414053 14.5517491, 121.0414002 14.5516831, 121.0414496 14.5516076, 121.0414371 14.5515277, 121.0413996 14.5514171, 121.0414069 14.5513593, 121.0413612 14.5512886, 121.0413033 14.5512476, 121.0411804 14.5512388))"
,,,,,,,,,,,,,,,,,,,,,,,fence,,,,,,,,,residential,,,,,,,,,,,,,,,,,,,,,,,,,,,,,,,,,,,,,,,,"POLYGON ((121.0175519 14.5399781, 121.0185887 14.5405253, 121.0183941 14.5408846, 121.0183008 14.5408897, 121.0181064 14.5407922, 121.018038 14.5407753, 121.0179576 14.5407831, 121.0178807 14.5407193, 121.0176722 14.5404469, 121.0175617 14.5402594, 121.0174979 14.5400742, 121.0175519 14.5399781))"
,,,,,,,,,,,,,,,,,,,,,,,,,,,,,,,,,,,,,,,,,,,,,,,,,,,,,,,,,,,,,,,,,,,,,,,,"POLYGON ((121.0178217 14.5610381, 121.0188482 14.5611671, 121.018801 14.5616182, 121.0177762 14.5614857, 121.0178217 14.5610381))"
,park,,,,,,,,,,,,,,,,,,,,,,,,,,,,,,,,,,,,,,,,,,,,,,,,,,,,,,,,,,,,,,,,,,,,,,,"POLYGON ((121.0213869 14.552437, 121.0213686 14.5524276, 121.0212853 14.5524217, 121.0210992 14.5522018, 121.0210693 14.5521708, 121.0210427 14.5521296, 121.0210369 14.5521094, 121.0211136 14.552104, 121.0211552 14.5521151, 121.0212299 14.5521392, 121.0215127 14.5521445, 121.0215282 14.5521925, 121.021562 14.5522299, 121.0216189 14.5522559, 121.0216761 14.5522574, 121.0217285 14.5522432, 121.0217617 14.5522208, 121.0217855 14.5521896, 121.0218315 14.5522119, 121.0219045 14.5522781, 121.0219654 14.5523201, 121.0219817 14.552324, 121.0220527 14.55236, 121.022147 14.5523745, 121.0222549 14.5523679, 121.022356 14.5523404, 121.0224549 14.5522833, 121.0224132 14.5522319, 121.022497 14.5521616, 121.0225294 14.5521981, 121.0226395 14.5523005, 121.022682 14.5522653, 121.0227568 14.5523437, 121.0227999 14.552399, 121.0228405 14.5524568, 121.0228731 14.5525139, 121.0228975 14.5525662, 121.0226886 14.5526772, 121.0227023 14.5527008, 121.0231074 14.5534812, 121.0229096 14.553587, 121.0219435 14.5528025, 121.02193 14.552638, 121.0217948 14.5526496, 121.0217746 14.5526521, 121.0217767 14.5526772, 121.021583 14.552696, 121.021509 14.5526778, 121.0214943 14.552675, 121.0214913 14.5525779, 121.0213869 14.552437))"
,,,,,,,,,,,,,,,,,,,,,,,,,,,,,,,,,,,,,,,,,,,,,,,,,,,,,,,,,,,,,,,,,,,,,,,,"POLYGON ((121.0195486 14.5592598, 121.0190023 14.5584561, 121.0189915 14.5584158, 121.0190109 14.5583913, 121.0209989 14.5570712, 121.0211727 14.5570217, 121.0212127 14.5570162, 121.0212691 14.5570229, 121.0225431 14.5574197, 121.0225869 14.5574391, 121.0226077 14.5574655, 121.0226175 14.5574853, 121.0226276 14.5575312, 121.0223895 14.5583033, 121.0223542 14.5583467, 121.022308 14.5583608, 121.0218356 14.5582292, 121.0219913 14.557701, 121.0216193 14.5576071, 121.021425 14.5576071, 121.021203 14.5576331, 121.0209905 14.557709, 121.0207241 14.557855, 121.0197046 14.5585384, 121.0199999 14.5589553, 121.0195486 14.5592598))"
,sports_centre,,,,,,,,,,,,,,,,,,,,,,,,,,,,,,,,,,,,,,,,,,yes,,,,,,,,,,,,,,,,,,,,,,,,,,,,,"POLYGON ((121.011243 14.5545909, 121.0112776 14.5545599, 121.0113215 14.5545367, 121.0114042 14.5545241, 121.0114531 14.554533, 121.0114915 14.5545496, 121.0115611 14.5546157, 121.0115864 14.5546813, 121.0115866 14.5547462, 121.0115651 14.5548058, 121.0115261 14.554854, 121.0114653 14.554891, 121.0113959 14.5549043, 121.0113526 14.5549004, 121.0113055 14.5548845, 121.0112441 14.5548385, 121.0112089 14.5547813, 121.0111963 14.5547091, 121.0112077 14.5546499, 121.011243 14.5545909))"
,,,,,,,,,,,,,,,,,,,,,,,,,,,,,,,,,,,,,,,,,,,,,,,,,,,,,,,,,,,,,,,,,,,,,,,,"POLYGON ((121.0055524 14.5576969, 121.0068914 14.5583781, 121.0061618 14.5597073, 121.0059902 14.5601476, 121.0049688 14.5599482, 121.0055524 14.5576969))"
,,,,,,,,,,,,,,,,,,,,,,,,,,,,,,,,,,,,,,,,,,,,,,,,,,,,,,,,,,,,,,,,,,,,,,,,"POLYGON ((121.0206046 14.5557639, 121.0210836 14.5554521, 121.0213664 14.555843, 121.0227384 14.5549383, 121.0224625 14.5545361, 121.0229521 14.5542085, 121.0231001 14.5540448, 121.0232185 14.5539248, 121.0233507 14.5538264, 121.0234637 14.5537546, 121.0236742 14.5536337, 121.0241553 14.5545766, 121.0241459 14.5546154, 121.0211523 14.5565596, 121.0206046 14.5557639))"
,,,,,,,,,,,,,,,,,,,,,,,,,,,,,,,,,,,,,,,,,,,,,,,,,,,,,,,,,,,,,,,,,,,,,,,,"POLYGON ((121.0372878 14.5645841, 121.0372908 14.5641479, 121.0372924 14.5638726, 121.0377241 14.5638753, 121.0377074 14.5644506, 121.0377036 14.5645836, 121.0372878 14.5645841))"
,,,,,,,,,,,,,condominium,,,,,,,,,,,,,,,,,,,,,,,,,,,,,,,,,,,,,,,,,,,,,,,,,,,,,,,,,,,"POLYGON ((121.0377241 14.5638753, 121.0383225 14.5641333, 121.0380843 14.5647142, 121.037774 14.5645945, 121.0377036 14.5645836, 121.0377074 14.5644506, 121.0377241 14.5638753))"
,,,,,,,,,,,,,,,,,,,,,,,,,,,,,,,,,,,,,,,,,,,,,,,,,,,,,,,,,,,,,,,,,,,,,,,,"POLYGON ((121.0275432 14.561287, 121.0275385 14.5613411, 121.0275073 14.5614016, 121.027446 14.5614396, 121.0272607 14.5615026, 121.0271591 14.5615718, 121.0261328 14.5618446, 121.0254212 14.5619812, 121.0254009 14.5619649, 121.0254795 14.561669, 121.0255336 14.5615789, 121.0256139 14.561521, 121.0257109 14.5614737, 121.0272821 14.5607161, 121.0273853 14.5609201, 121.0274538 14.5610748, 121.0275315 14.5612423, 121.0275432 14.561287))"
,,,,,,,,,,,,,,,,,,,,,,,,,,,,,,,,,,,,,,,,,,,,,,,,,,,,,,,,,,,,,,,,,,,,,,,,"POLYGON ((121.0225329 14.5570146, 121.0219525 14.5568155, 121.0218933 14.5567846, 121.0218378 14.5567377, 121.0218088 14.5566772, 121.0218101 14.5566032, 121.0218621 14.5565478, 121.0219669 14.5564802, 121.0238771 14.555312, 121.0242714 14.5558848, 121.0243476 14.556, 121.0234462 14.5565491, 121.0233989 14.5564734, 121.0225329 14.5570146))"
,,,,,,,,,,,,,,,,,,,,,,,,,,,,,,,,,,,,,,,,,,,,,,,,,,,,,,,,,,,,,,,,,,,,,,,,"POLYGON ((121.0189079 14.5585121, 121.0191905 14.5589193, 121.0188006 14.5591642, 121.0187678 14.5591137, 121.0177878 14.5597352, 121.0172955 14.560079, 121.0171242 14.5602101, 121.0168658 14.5603966, 121.0165797 14.5599811, 121.0177301 14.5591906, 121.0181624 14.5589122, 121.0188165 14.5584911, 121.0188628 14.5584892, 121.0189079 14.5585121))"
,,,,,,,,,,,,,,,,,,,,,,,,,,,,,,,,,,,,,,,,,,,,,,,,,,,,,,,,,,,,,,,,,,,,,,,,"POLYGON ((121.0204106 14.5559231, 121.0209644 14.5566856, 121.0187843 14.5581043, 121.0182369 14.5572976, 121.01867 14.5570062, 121.0189532 14.5574248, 121.0202235 14.5565835, 121.0199616 14.5562061, 121.0204106 14.5559231))"
,,,,,,,,,,,,,,,,,,,,,,,,,,,,,,,,,,,,,,,,,,,,,,,,,,,,,,,,,,,,,,,,,,,,,,,,"POLYGON ((121.0137454 14.5522394, 121.0149084 14.5521505, 121.0150198 14.551466, 121.0136882 14.5515757, 121.0137454 14.5522394))"
,,,,,,,,,,,,,,,,,,,,,,,,,,,,,,,,residential,,,,,,,,,,,,,,,,,,,,,,,,,,,,,,,,,,,,,,,,"POLYGON ((121.0200528 14.5588732, 121.0209644 14.558313, 121.0207082 14.5579624, 121.0198476 14.5585331, 121.0200528 14.5588732))"
,,,,,,,,,,,,,,,,,,,,,,,,,,,,,,,,,,,,,,,,,,,,,,,,,,,,,,,,,,,,,,,,,,,,,,,,"POLYGON ((121.0179234 14.5580892, 121.0176426 14.5577, 121.018131 14.5573623, 121.0186913 14.5582124, 121.0176603 14.5588911, 121.0163012 14.5597823, 121.0162155 14.5596879, 121.0160955 14.5595548, 121.0159923 14.559403, 121.0179234 14.5580892))"
,,,,,,,,,,,,,,,,,,,,,,,,,,,,,,,,,,,,,,,,,,,,,,,,,,,,,,,,,,,,,,,,,,,,,,,,"POLYGON ((121.0138652 14.5574835, 121.0141602 14.5575378, 121.0145692 14.5553139, 121.0142882 14.5552694, 121.0142268 14.5556387, 121.0141403 14.5560855, 121.0140564 14.556514, 121.0139707 14.5569489, 121.0138652 14.5574835))"
,park,,,,,,,,,,,,,,,,,,,,,,,,,,,,,,,,,,,,,,,,,,,,,,,,,,,,,,,,,,,,,,,,,,,,,,,"POLYGON ((121.0165908 14.5546533, 121.0166311 14.5545918, 121.0166797 14.55454, 121.0167333 14.5544857, 121.0167898 14.5544457, 121.0168591 14.554417, 121.0169226 14.5543977, 121.0169948 14.5543796, 121.0170945 14.5543555, 121.0171343 14.554335, 121.0171555 14.5543073, 121.0171593 14.5542737, 121.0170237 14.5536887, 121.016296 14.5538732, 121.0165908 14.5546533))"
,,,,,,,,,,,,,,,,,,,,,,,,,,,,,,,,,,,,,,,,,,,,,,,,,,,,,,,,,,,,,,,,,,,,,,,,"POLYGON ((121.0236723 14.5577296, 121.0235319 14.5581651, 121.0233123 14.5580987, 121.0234528 14.5576632, 121.0236723 14.5577296))"
,,,,,,,,,,,,,,,,,,,,,,,,,,,,,,,,,,,,,,,,,,,,,,,,,,,,,,,,,,,,,,,,,,,,,,,,"POLYGON ((121.0201557 14.5522627, 121.0201671 14.5524455, 121.0201157 14.5524498, 121.0201183 14.5525862, 121.020211 14.5526833, 121.020278 14.5526171, 121.0202924 14.5526005, 121.0203707 14.5525191, 121.0204249 14.5524854, 121.0204788 14.5524584, 121.0205382 14.5524352, 121.0206152 14.5524122, 121.0206968 14.5523946, 121.0207611 14.5524637, 121.0208523 14.5524957, 121.0207923 14.5521972, 121.0201557 14.5522627))"
,,,,,,,,,,,,,,,,,,,,,,,,,,,,,,,,,,,,,,,,,,,,,,,,,,,,,,,,,,,,,,,,,,,,,,,,"POLYGON ((121.0188006 14.5591642, 121.0190566 14.5595244, 121.0194432 14.5592821, 121.0191905 14.5589193, 121.0188006 14.5591642))"
,park,,,,,,,,,,,,,,,,,,,,,,,,,,,,,attraction,,,,,,,,,,,,,,,,,,,,,,,,,,,,,,,,,,,,,,,,,,"POLYGON ((121.021466 14.5567551, 121.0214624 14.5567726, 121.021471 14.5567891, 121.0216464 14.5568421, 121.0216031 14.5567792, 121.021598 14.5567206, 121.0216104 14.5566577, 121.021466 14.5567551))"
,,,,,,,,,,,,,,,,,,,,,,,,,,,,,,,,,,,,,,,,,,,,,,,,,,,,,,,,,,,,,,,,,,,,,,,,"POLYGON ((121.0192019 14.5601494, 121.0193595 14.5603813, 121.0195447 14.5602634, 121.0193872 14.5600315, 121.0192019 14.5601494))"
,,,,,,,,,,,,,,,,,,,,,,,,,,,,,,,,,,,,,,,,,,,,,,,,,,,,,,,,,,,,,,,,,,,,,,,,"POLYGON ((121.0209077 14.5608786, 121.0207901 14.5611845, 121.0202786 14.5611325, 121.0202345 14.5611084, 121.0202174 14.5610665, 121.0202168 14.5610107, 121.0202473 14.5609459, 121.0203052 14.5608724, 121.0204297 14.5607825, 121.0205948 14.5606749, 121.0206862 14.5607586, 121.0207884 14.5608394, 121.0209077 14.5608786))"
,,,,,,,,,,,,,,,,,,,,,,,,,,,,,,,,,,,,,,,,,,,,,,,,,,,,,,,,,,,,,,,,,,,,,,,,"POLYGON ((121.0238803 14.5619746, 121.024117 14.5619713, 121.0241016 14.5615838, 121.0235852 14.5615879, 121.023567 14.5619686, 121.0238803 14.5619746))"
,,,,,,,,,,,,,,,,,,,,,,,,,,,,,,,,,,,,,,,,,,,,,,,,,,,,,,,,,,,,,,,,,,,,,,,,"POLYGON ((121.0271623 14.5618663, 121.0273107 14.5623178, 121.0279119 14.5621068, 121.0279619 14.5620235, 121.0278298 14.5617307, 121.0277793 14.5616995, 121.0277369 14.5616858, 121.0276884 14.5616885, 121.0271623 14.5618663))"
,,,,,,,,,,,,,,,,,,,,,,,fence,,,,,,,,,,,,,,,,,,,,,,,,,,,,,,,,,,,,,,,,,,,,,,,,,"POLYGON ((121.0142422 14.5608772, 121.014682 14.561008, 121.0142702 14.5599239, 121.0139904 14.5600116, 121.0140263 14.5601073, 121.0139642 14.5601666, 121.0140011 14.5602543, 121.0140385 14.5603542, 121.0140877 14.5604726, 121.0142422 14.5608772))"
,,,,,,,,,,,,,,,,,,,,,,,,,,,,,,,,,,,,,,,,,,,,,,,,,,,,,,,,,,,,,,,,,,,,,,,,"POLYGON ((121.0177546 14.5514814, 121.0180789 14.5514521, 121.0180528 14.5511814, 121.0177285 14.5512108, 121.0177546 14.5514814))"
,,,,,,,,,,,,,,,,,,,,,,,,,,,,,,,,,,,,,,,,,,,,,,,,,,,,,,,,,,,,,,,,,,,,,,,,"POLYGON ((121.0186369 14.5562015, 121.0189102 14.556033, 121.0190366 14.556225, 121.0187632 14.5563935, 121.0186369 14.5562015))"
,playground,,,,,,,,,,,,,,,,,,,,,,,,,,,,,,,,,,,,,,,,,,,,,,,,,,,,,,,,,,,,,,,,,,,,,,,"POLYGON ((121.0167456 14.5543475, 121.0167748 14.5543491, 121.0168186 14.5543411, 121.0168489 14.5543253, 121.0168584 14.5542962, 121.0168608 14.5542618, 121.0168426 14.5542273, 121.0168135 14.5542112, 121.0167657 14.5542041, 121.0167276 14.5542121, 121.0166884 14.5542358, 121.0167185 14.5542506, 121.0167425 14.554277, 121.0167516 14.5543139, 121.0167456 14.5543475))"
,playground,,,,,,,,,,,,,,,,,,,,,,,,,,,,,,,,,,,,,,,,,,,,,,,,,,,,,,,,,,,,,,,,,,,,,,,"POLYGON ((121.0226692 14.5603707, 121.0227979 14.5603957, 121.0228245 14.5602608, 121.022696 14.5602362, 121.0226692 14.5603707))"
,,,,,,,,,,,,,,,,,,,,,,,,,,,,,,,,,,,,,,,,,,,,,,,,,,,,,,,,,,,,,,,,,,,,,,,,"POLYGON ((121.0156379 14.5533135, 121.015884 14.5533516, 121.0159642 14.5528666, 121.0157181 14.5528285, 121.0156379 14.5533135))"
,,,,,,,,,,,,,,,,,,,,,,,,,,,,,,,,,,,,,,,,,,,,,,,,,,,,,,,,,,,,,,,,,,,,,,,,"POLYGON ((121.0256555 14.54777, 121.0256993 14.5477526, 121.0257305 14.5477178, 121.0257551 14.5476849, 121.0257643 14.5476415, 121.0257418 14.5475906, 121.0256946 14.5475421, 121.0255888 14.5474489, 121.0254526 14.5476011, 121.0256555 14.54777))"
,,,,,,,,,,,,,,,,,,,,,,,,,,,,,,,,,,,,,,,,,,,,,,,,,,,,,,,,,,,,,,,,,,,,,,,,"POLYGON ((121.0252495 14.5483034, 121.0254192 14.5481161, 121.0251872 14.5479191, 121.0250175 14.5481064, 121.0252495 14.5483034))"
,,,,,,,,,,,,,,,,,,,,,,,,,,,,,,,,,,,,,,,,,,,,,,,,,,,,,,,,,,,,,,,,,,,,,,,,"POLYGON ((121.0232286 14.5500157, 121.0230739 14.5497834, 121.0232363 14.5496821, 121.023391 14.5499143, 121.0232286 14.5500157))"
,,,,,,,,,,,,,,,,,,,,,,,,,,,,,,,,,,,,,,,,,,,,,,,,,,,,,,,,,,,,,,,,,,,,,,,,"POLYGON ((121.0134999 14.5559611, 121.0141403 14.5560855, 121.0142268 14.5556387, 121.0135907 14.5555062, 121.0134999 14.5559611))"
,,,,,,,,,,,,,,,,,,,,,,,fence,,,,,,,,,,,,,,,,,,,,,,,,,,,,,,,,,,,,,,,,,,,,,,,,,"POLYGON ((121.0133317 14.5568494, 121.0139707 14.5569489, 121.0140564 14.556514, 121.0134143 14.5563931, 121.0133317 14.5568494))"
,,,,,,,,,,,,,,,,,,,,,,,,,,,,,,,,,,,,,,,,,,,,,,,,,,,,,,,,,,,,,,,,,,,,,,,,"POLYGON ((121.0134143 14.5563931, 121.0140564 14.556514, 121.0141403 14.5560855, 121.0134999 14.5559611, 121.0134143 14.5563931))"
,,,,,,,,,,,,,,,,,,,,,,,,,,,,,,,,,,,,,,,,,,,,,,,,,,,,,,,,,,,,,,,,,,,,,,,,"POLYGON ((121.0136535 14.5584664, 121.0138567 14.557486, 121.0132298 14.5573869, 121.0130758 14.557749, 121.0127944 14.5583121, 121.0136535 14.5584664))"
,,,,,,,,,,,,,,,,,,,,,,,,,,,,,,,,,,,,,,,,,,,,,,,,,,,,,,,,,,,,,,,,,,,,,,,,"POLYGON ((121.0132625 14.5535192, 121.0136585 14.5535011, 121.0136606 14.5536235, 121.0132739 14.553622, 121.0132625 14.5535192))"
,,,,,,,,,,,,,,,,,,,,,,,,,,,,,,,,,,,,,,,,,,,,,,,,,,,,,,,,,,,,,,,,,,,,,,,,"POLYGON ((121.0132611 14.5538368, 121.0136967 14.5538505, 121.0136947 14.5540149, 121.0132537 14.553996, 121.0132611 14.5538368))"
,,,,,,,,,,,,,,,,,,,,,,,,,,,,,,,,,,,,,,,,,,,,,,,,,,,,,,,,,,,,,,,,,,,,,,,,"POLYGON ((121.013389 14.5541838, 121.0136546 14.5542259, 121.0136214 14.5544034, 121.0133604 14.5543574, 121.013389 14.5541838))"
,,,,,,,,,,,,,,,,,,,,,,,fence,,,,,,,,,,,,,,,,,,,,,,,,,,,,,,,,,,,,,,,,,,,,,,,,,"POLYGON ((121.01324 14.5599608, 121.0136379 14.5601526, 121.0138625 14.5602624, 121.0136048 14.5606181, 121.0130201 14.5603661, 121.01324 14.5599608))"
,,,,,,,,,,,,,,,,,,,,,,,,,,,,,,,,,,,,,,,,,,,,,,,,,,,,,,,,,,,,,,,,,,,,,,,,"POLYGON ((121.0114375 14.5589153, 121.0115838 14.5586468, 121.0118064 14.5587553, 121.0120057 14.5583807, 121.0124232 14.5585884, 121.0120893 14.5592179, 121.0120815 14.5592247, 121.0120714 14.5592295, 121.0120581 14.5592314, 121.012041 14.5592274, 121.0114375 14.5589153))"
,,,,,,,,,,,,,,,,,,,,,,,fence,,,,,,,,,,,,,,,,,,,,,,,,,,,,,,,,,,,,,,,,,,,,,,,,,"POLYGON ((121.0140046 14.5599997, 121.0142794 14.559913, 121.0139382 14.5589727, 121.0139212 14.5589178, 121.0139211 14.5588602, 121.013954 14.5586416, 121.0136727 14.5585934, 121.0136082 14.5589477, 121.0137744 14.5593905, 121.0140046 14.5599997))"
,,,,,,,,,,,799248284352285,,,,,,,,,,,,,,,,,,,,,,,,,,,,,,,,,,,,,,,,,,,,,,,,,,,,,,,,,,,,,"POLYGON ((121.0112796 14.5601499, 121.0111681 14.5603573, 121.011421 14.5604743, 121.0115305 14.5602765, 121.0112796 14.5601499))"
,,,,,,,,,,,,,,,,,,,,,,,,,,,,,,,,,,,,,,,,,,,,,,,,,,,,,,,,,,,,,,,,,,,,,,,,"POLYGON ((121.0106012 14.5600631, 121.0106484 14.5599808, 121.0108242 14.5596541, 121.0108407 14.5596233, 121.011409 14.5599098, 121.0112796 14.5601499, 121.0111681 14.5603573, 121.0106012 14.5600631))"
,,,,,,,,,,,,,,,,,,,,,,,,,,,,,,,,,,,,,,,,,,,,,,,,,,,,,,,,,,,,,,,,,,,,,,,,"POLYGON ((121.012728 14.5574917, 121.0129596 14.5575967, 121.0130634 14.5572657, 121.0126248 14.5571751, 121.012575 14.5573741, 121.0127433 14.5574377, 121.012728 14.5574917))"
,,,,,,,,,,,,,apartments,,,,,,,,,,,,,,,,,,,,,,,,,,,,,,,,,,,,,,,,,,,,,,,,,,,,,,,,,,,"POLYGON ((121.0124072 14.5498195, 121.0134596 14.5500687, 121.0134394 14.5501659, 121.013428 14.5502425, 121.0134246 14.5502899, 121.0134221 14.5503866, 121.0134269 14.5505234, 121.0130058 14.5505349, 121.012651 14.5505446, 121.0121419 14.5503145, 121.0124072 14.5498195))"
,,,,,,,,,,,,,condominium,,,,,,,,,,,,,,,,,,,,,,,,,,,,,,,,,,,,,,,,,,,,,,,,,,,,,,,,,,,"POLYGON ((121.0132052 14.5483609, 121.0140885 14.5488246, 121.0138954 14.5491762, 121.0130128 14.5487125, 121.0132052 14.5483609))"
,,,,,,,,,,,,,,,,,,,,,,,,,,,,,,,,,,,,,,,,,,,,,,,,,,,,,,,,,,,,,,,,,,,,,,,,"POLYGON ((121.0151609 14.5444259, 121.0162018 14.5449476, 121.01589 14.5455439, 121.01485 14.5450046, 121.0151609 14.5444259))"
,,,,,,,,,,,,,,,,,,,,,,,,,,,,,,,,,,,,,,,,,,,,,,,,,,,,,,,,,,,,,,,,,,,,,,,,"POLYGON ((121.0172291 14.5430264, 121.017476 14.5425769, 121.01645 14.54204, 121.0162062 14.5424905, 121.0172291 14.5430264))"
,bowling_alley,,,,,,,,,,,,,,,,,,,,,,,,,,,,,,,,,,,,,,,,,,yes,1,+63 917 135 2300,,,,,,,,,,,,,,,,,,,,,,,,,,,"POLYGON ((121.0173944 14.5411682, 121.0178154 14.5413968, 121.0177048 14.5415958, 121.0178793 14.5416925, 121.0178472 14.541748, 121.0172456 14.5414365, 121.0173944 14.5411682))"
,,,,,,,,,,,,,,,,,,,,,,,,,,,,,,,,,,,,,,,,,,,,,,,,,,,,,,,,,,,,,,,,,,,,,,,,"POLYGON ((121.0121027 14.5667207, 121.0120879 14.5664097, 121.0119417 14.566415, 121.0119302 14.5661723, 121.0117672 14.5661782, 121.0117962 14.5667332, 121.0121027 14.5667207))"
,park,,,,,,,,,,,,,,,,,,,,,,,,,,,,,,,,,,,,,,,,,,,,,,,,,,,,,,,,,,,,,,,,,,,,,,,"POLYGON ((121.0152484 14.5618788, 121.0153382 14.5617932, 121.0153805 14.561606, 121.0152978 14.5614764, 121.0152369 14.5613685, 121.0150749 14.5613339, 121.0147739 14.5612875, 121.0149747 14.5616012, 121.0150975 14.5619064, 121.0152484 14.5618788))"
,,,,,,,,,,,,,,,,,,,,,,,,,,,,,,,,residential,,,,,,,,,,,,,,,,,,,,,,,,,,,,,,,,,,,,,,,,"POLYGON ((121.0178992 14.5635531, 121.0179621 14.5625421, 121.0183693 14.5625803, 121.0186374 14.56329, 121.0178992 14.5635531))"
,,,,,,,,,,,,,,,,,,,,,,,,,,,,,,,,,,,,,,,,,,,,,,,,,,,,,,,,,,,,,,,,,,,,,,,,"POLYGON ((121.0159993 14.5633563, 121.0161464 14.5633218, 121.0163 14.5633283, 121.0164237 14.5633505, 121.0165462 14.5633926, 121.0166727 14.5623959, 121.0161987 14.5623021, 121.0157379 14.5622145, 121.0156442 14.5622488, 121.0155963 14.5623274, 121.0156111 14.5624486, 121.0157811 14.5628515, 121.0159993 14.5633563))"
,,,,,,,,,,,,,,,,,,,,,,,,,,,,,,,,,,,,,,,,,,,,,,,,,,,,,,,,,,,,,,,,,,,,,,,,"POLYGON ((121.0125524 14.5658736, 121.0124475 14.5656684, 121.0127469 14.5655171, 121.0128923 14.5656528, 121.0127296 14.5657887, 121.0125524 14.5658736))"
,,,,,,,,,,,,,,,,,,,,,,,,,,,,,,,,,,,,,,,,,,,,,,depot,,,,,,,,,,,,,,,,,,,,,,,,,,"POLYGON ((121.0120561 14.5660473, 121.0120256 14.565811, 121.012165 14.5657868, 121.0123342 14.5657096, 121.0124619 14.5659544, 121.0122276 14.56603, 121.0120561 14.5660473))"
,,,,,,,,,,,,,,,,,,,,,,,,,,,,,,,,,,,,,,,,,,,,,,,,,,,,,,,,,,,,,,,,,,,,,,,,"POLYGON ((121.0343799 14.5467479, 121.0343116 14.5469544, 121.0342942 14.5470679, 121.034302 14.5472735, 121.0343161 14.5473884, 121.0343381 14.5474939, 121.0343748 14.5476115, 121.0354558 14.5472151, 121.0354423 14.5471128, 121.0343799 14.5467479))"
,,,,,,,,,,,,,,,,,,,,,,religious,,,,,,,,,,,,,,,,,,,,,,,,,,,,,,,,,,,,,,,,,,,,,,,,,,"POLYGON ((121.0342584 14.5468218, 121.0342392 14.546898, 121.0342218 14.5469985, 121.0342205 14.5471135, 121.0342324 14.5473055, 121.0342658 14.5474995, 121.0343039 14.5476683, 121.0331447 14.5481664, 121.0330331 14.5478204, 121.0329703 14.5474797, 121.0329545 14.5471313, 121.0329742 14.5468249, 121.0330253 14.5465492, 121.0331089 14.5463116, 121.0343036 14.5467292, 121.0342584 14.5468218))"
,,,,,,former ACA Autocenter site,,,,,,,,,,,,,,,,,,,,,,,,,,,,,,,,,,,,,,,,,,,,,,,,,,,,,,,,,,,,,,,,,,"POLYGON ((121.0039856 14.5657454, 121.0042628 14.5659056, 121.0044124 14.5660073, 121.0045031 14.5660967, 121.0045757 14.5661792, 121.004913 14.5666275, 121.004382 14.5671177, 121.0036464 14.5663747, 121.0039856 14.5657454))"
,,,,,,,,,,,,,,,,,,,,,,,,,,,,,,,,,,,,,,,,,,,,,,,,,,,,,,,,,,,,,,,,,,,,,,,,"POLYGON ((121.0304165 14.5612405, 121.0303084 14.5610908, 121.0304231 14.5610132, 121.0305312 14.561163, 121.0304165 14.5612405))"
,,,,,,,,,,,,,,,,,,,,,,,,,,,,,,,,,,,,Q6817918,,substation,,,,,,,,,,,,,,,,,,,,,,,,,,,,,,,,,,"POLYGON ((121.029896 14.5494742, 121.0297204 14.5496081, 121.0295922 14.549404, 121.0297893 14.5491951, 121.029833 14.5492304, 121.0298654 14.5492859, 121.0298972 14.5493535, 121.0299053 14.5494034, 121.029896 14.5494742))"
,,,,,,,,,,,,,,,,,,,,,,,,,,,,,,,,,,,,,,,,,,,,,,,,,,,,,,,,,,,,,,,,,,,,,,,,"POLYGON ((121.0220013 14.5374701, 121.0217773 14.5373411, 121.0219687 14.536972, 121.0221507 14.5366337, 121.0223277 14.5362955, 121.0224966 14.5359735, 121.0226552 14.5356712, 121.022946 14.5351137, 121.0229979 14.5350166, 121.0231839 14.5346734, 121.0233101 14.5344429, 121.023466 14.534143, 121.0236428 14.5338258, 121.0238142 14.5334972, 121.0238294 14.5334679, 121.0243885 14.5324411, 121.0246571 14.5325687, 121.0242619 14.5333312, 121.0240605 14.5337198, 121.0229142 14.5358217, 121.0220013 14.5374701))"
,,,,,,,,,,,,,apartments,,,,,,,,,,,,,,,,,,,,,,,,,,,,,,,,,,,,,,,,,,,,,,,,,,,,,,,,,,,"POLYGON ((121.02139 14.5380104, 121.0211833 14.5384165, 121.0209862 14.5387853, 121.0208513 14.5390337, 121.0205311 14.5396495, 121.0202994 14.5400767, 121.020144 14.540365, 121.0199791 14.540685, 121.0198243 14.5409852, 121.0194652 14.541688, 121.0196666 14.5418319, 121.020224 14.5407875, 121.0205139 14.5401884, 121.0216239 14.5381435, 121.02139 14.5380104))"
,,,,,,,,,,,,,,,,,,,,,,,,,,,,,,,,,,,,,,,,,,,,,,,,,,,,,,,,,,,,,,,,,,,,,,,,"POLYGON ((121.0179896 14.5448576, 121.0184767 14.5439614, 121.019395 14.5423288, 121.0191748 14.5421872, 121.0187354 14.542933, 121.0180196 14.5442435, 121.0179447 14.5443853, 121.0177612 14.544737, 121.0179896 14.5448576))"
,,,,,,,,,,,,,,,,,,,,,,,,,,,,,,,,,,,,,,,,,,,,,,,,,,,,,,,,,,,,,,,,,,,,,,,,"POLYGON ((121.0097519 14.5597469, 121.0103235 14.5600325, 121.0098947 14.560868, 121.0093206 14.5605505, 121.0097519 14.5597469))"
,,,,,,,,,,,,,,,,,,,,,,,,,,,,,,,,,,,,,,,,,,,,,,,,,,,,,,,,,,,,,,,,,,,,,,,,"POLYGON ((121.0073993 14.5583091, 121.0075424 14.5580917, 121.007638 14.55804, 121.0077863 14.5580336, 121.0075608 14.5584487, 121.0073993 14.5583091))"
,,,,,,,,,,,,,,,,,,,,,,,,,,,,,,,,,,,,,,,,,,,,,,,,,,,,,,,,,,,,,,,,,,,,,,,,"POLYGON ((121.031311 14.5600062, 121.0312855 14.560038, 121.0309221 14.5603474, 121.0306362 14.5605758, 121.0303299 14.5607985, 121.0300313 14.5610018, 121.029551 14.5612975, 121.0290631 14.5615761, 121.0287437 14.5617408, 121.0282898 14.5619454, 121.0282302 14.5619512, 121.0281801 14.5619328, 121.0280542 14.5616468, 121.0280513 14.5615815, 121.0280744 14.5615309, 121.0281131 14.5614722, 121.0284944 14.561286, 121.028674 14.5611957, 121.0288523 14.561106, 121.0293492 14.560834, 121.0297293 14.5605891, 121.0300359 14.5603859, 121.0303883 14.5601288, 121.0305241 14.5600191, 121.030773 14.5598176, 121.0308293 14.5597968, 121.0308762 14.5597918, 121.030931 14.5598013, 121.0312772 14.559899, 121.0312999 14.5599198, 121.0313165 14.5599568, 121.031311 14.5600062))"
,,,,,,,,,,,,,,,,,,,,,,,,,,,,,,,,,,,,,,,,,,,,,,,,,,,,,,,,,,,,,,,,,,,,,,,,"POLYGON ((121.0352465 14.5561701, 121.0350284 14.5559968, 121.0345392 14.5566087, 121.0336967 14.5577115, 121.0332461 14.5582411, 121.0327922 14.5587533, 121.0322697 14.5592977, 121.0316098 14.5599181, 121.0314589 14.5600549, 121.0309216 14.5605021, 121.0304472 14.5608694, 121.0300778 14.5611299, 121.0293062 14.5615836, 121.0286599 14.5619125, 121.0285305 14.5619803, 121.0283599 14.5620521, 121.0282988 14.5620778, 121.0282585 14.562167, 121.0283039 14.5622703, 121.028474 14.5626579, 121.0285033 14.5626678, 121.0285345 14.5626544, 121.028553 14.5626331, 121.0286641 14.5622839, 121.0286666 14.5622179, 121.0288002 14.5621536, 121.0289105 14.5622568, 121.0291026 14.5620498, 121.0290415 14.5619686, 121.0292639 14.5618343, 121.0293433 14.5617439, 121.0295251 14.5618211, 121.0295656 14.5617049, 121.0299255 14.561601, 121.0300625 14.5615262, 121.0303059 14.5613651, 121.0308238 14.5609809, 121.0312089 14.5606806, 121.0312638 14.56049, 121.0313194 14.5605092, 121.031407 14.560249, 121.0315543 14.560298, 121.0316536 14.56005, 121.0317528 14.5600297, 121.0317963 14.5599201, 121.0319018 14.5599478, 121.0319944 14.5599751, 121.0320878 14.559705, 121.0322672 14.5597641, 121.032407 14.5593682, 121.0326026 14.5594439, 121.0329027 14.5588263, 121.0330811 14.5589085, 121.0332039 14.5586942, 121.0333625 14.5584576, 121.0334574 14.558325, 121.0335169 14.5583579, 121.0345523 14.5570129, 121.0352465 14.5561701))"
,,,,,,,,,,,,,,,,,,,,,,,,,,,,,,,,,,,,,,,,,,,,,,,,,,,,,,,,,,,,,,,,,,,,,,,,"POLYGON ((121.0280975 14.5622351, 121.0283843 14.5627914, 121.0286346 14.5632875, 121.0284072 14.5633641, 121.0281586 14.5627662, 121.0280293 14.5628123, 121.0279141 14.5625452, 121.027578 14.5626591, 121.0272102 14.5627751, 121.0268096 14.5628905, 121.0263073 14.5630138, 121.0259113 14.5630989, 121.0251973 14.5632199, 121.0248443 14.5632779, 121.0248272 14.5631834, 121.0245724 14.5632285, 121.0245567 14.563139, 121.0241026 14.5632367, 121.0240857 14.5631883, 121.0238242 14.5632311, 121.0237924 14.5631627, 121.0234172 14.5632603, 121.0233799 14.5631674, 121.0230976 14.5632473, 121.0230598 14.5631068, 121.0230528 14.5630717, 121.0230587 14.5630435, 121.0230677 14.5630188, 121.0230849 14.5629911, 121.0231121 14.5629675, 121.0231516 14.5629568, 121.023601 14.5629664, 121.0238342 14.5629861, 121.0245262 14.5629654, 121.0252772 14.5629031, 121.0259089 14.5628128, 121.0263984 14.5627169, 121.0270126 14.5625539, 121.0279822 14.5622372, 121.0280555 14.5622211, 121.0280975 14.5622351))"
,,,,,,,,,,,,,,,,,,,,,,,,,,,,,,,,,,,,,,,,,,,,,,,,,,,,,,,,,,,,,,,,,,,,,,,,"POLYGON ((121.0273107 14.5623178, 121.0270348 14.5624047, 121.0268129 14.5624722, 121.0263599 14.5625898, 121.0262668 14.5626125, 121.0260917 14.5626468, 121.0259729 14.5626667, 121.0256257 14.5627276, 121.0248837 14.5628142, 121.0245095 14.5628362, 121.0241414 14.5628473, 121.0237016 14.562855, 121.0232799 14.5628448, 121.0228901 14.562833, 121.0225811 14.5628141, 121.0224105 14.5628037, 121.0224413 14.5623658, 121.0224515 14.5623353, 121.0225005 14.5623058, 121.0229187 14.5623388, 121.023291 14.5623544, 121.0236761 14.5623704, 121.0240027 14.5623697, 121.024472 14.562354, 121.0248459 14.5623319, 121.025168 14.5623028, 121.0255348 14.5622522, 121.0258969 14.5621931, 121.026234 14.562121, 121.0267049 14.5619984, 121.0271623 14.5618663, 121.0273107 14.5623178))"
,,,,,,,,,,,,,,,,,,,,,,,,,,,,,,,,,,,,,,,,,,,,,,,,,,,,,,,,,,,,,,,,,,,,,,,,"POLYGON ((121.0195432 14.5408375, 121.0198243 14.5409852, 121.0194652 14.541688, 121.0191784 14.5414886, 121.0195432 14.5408375))"
,,,,,,,,,,,,,,,,,,,,,,,,,,,,,,,,,,,,,,,,,,,,,,,,,,,,,,,,,,,,,,,,,,,,,,,,"POLYGON ((121.042362 14.56152, 121.0427172 14.5618748, 121.0427615 14.5619191, 121.0429626 14.56212, 121.0435442 14.562804, 121.0432029 14.5629839, 121.0427668 14.563138, 121.0424277 14.5631225, 121.0422359 14.5626753, 121.0419495 14.5629296, 121.0417804 14.5626771, 121.0420061 14.5624277, 121.0421116 14.5621351, 121.0421229 14.5619471, 121.042362 14.56152))"
,,,,,,,,,,,,,,,,,,,,,,,,,,,,,,,,,,,,,,,,,,,,,,,,,,,,,,,,,,,,,,,,,,,,,,,,"POLYGON ((121.0429344 14.5608814, 121.0426568 14.561227, 121.0433074 14.5617515, 121.043573 14.561568, 121.0437571 14.5614999, 121.0437 14.5611715, 121.0440039 14.561154, 121.0439865 14.5607828, 121.0439737 14.5605699, 121.0435373 14.5605882, 121.0431112 14.5609675, 121.0429344 14.5608814))"
,,,,,,,,,,,,,,,,,,,,,,,,,,,,,,,,,funeral_directors,,,,,,,,,,,,,,,,,,,,,,,,,,,,,,,,,,,,,,,"POLYGON ((121.0447203 14.5650707, 121.0448887 14.5656202, 121.0447715 14.5656346, 121.0443346 14.5654882, 121.0439267 14.5653398, 121.0447203 14.5650707))"
,park,,,,,,,,,,,,,,,,,,,,,,,,,,,,,,,,,,,,,,,,,,,,,,,,,,,,,,,,,,,,,,,,,,,,,,,"POLYGON ((121.0076199 14.5585035, 121.0075608 14.5584487, 121.0077863 14.5580336, 121.0079801 14.5581251, 121.007998 14.5581408, 121.0079873 14.5581614, 121.0079323 14.558169, 121.0078282 14.5582047, 121.0077268 14.5583006, 121.0076199 14.5585035))"
,,,,,,,,,,,,,apartments,,,,,,,,,,,,,,,,,,,,,,,,,,,,,,,,,,,,,,,,,,,,,,,,,,,,,,,,,,,"POLYGON ((121.0158021 14.5614617, 121.0168819 14.5616497, 121.0169237 14.5616801, 121.0168608 14.5621865, 121.0168017 14.5622002, 121.0158194 14.5620535, 121.0157337 14.562033, 121.0156395 14.5619688, 121.0155789 14.5618891, 121.0155432 14.5618097, 121.0155513 14.5616961, 121.0155819 14.5615919, 121.0156457 14.5615338, 121.015723 14.5614827, 121.0158021 14.5614617))"
,,,,,,,,,,,,,,,,,,,,,,,,,,,,,,,,,,,,,,,,,,,,,,,,,,,,,,,,,,,,,,,,,,,,,,,,"POLYGON ((121.0172955 14.560079, 121.0177076 14.5604586, 121.0177278 14.5604926, 121.0177327 14.5605322, 121.0177266 14.5605742, 121.0175877 14.5607805, 121.0175399 14.5608157, 121.017476 14.5608366, 121.0174097 14.5608308, 121.0172741 14.5607698, 121.0171661 14.5606975, 121.0170785 14.5606212, 121.0169817 14.5605186, 121.0168658 14.5603966, 121.0171242 14.5602101, 121.0172955 14.560079))"
,,,,,,,,,,,,,,,,,,,,,,,,,,,,,,,,residential,,,,,,,,,,,,,,,,,,,,,,,,,,,,,,,,,,,,,,,,"POLYGON ((121.0275227 14.5604566, 121.0273342 14.5600943, 121.0267031 14.5588225, 121.0266842 14.5587805, 121.0266842 14.55874, 121.0266931 14.5587121, 121.0267142 14.5586789, 121.026745 14.5586573, 121.0267859 14.5586444, 121.026827 14.5586532, 121.0276629 14.5588604, 121.0283354 14.559067, 121.028018 14.5594679, 121.0278839 14.5596912, 121.0276278 14.5603767, 121.0276056 14.5604125, 121.0275744 14.5604399, 121.0275227 14.5604566))"
,,,,,,,,,,,,,,,,,,,,,,,,,,,,,,,,,,,,,,,,,,,,,,,,,,,,,,,,,,,,,,,,,,,,,,,,"POLYGON ((121.0270524 14.5603065, 121.0272053 14.5606041, 121.0263737 14.560982, 121.0255165 14.5613892, 121.025415 14.5614491, 121.0252404 14.5611076, 121.0269731 14.5602929, 121.0270174 14.5602913, 121.0270524 14.5603065))"
,,,,,,,,,,,,,,,,,,,,,,,,,,,,,,,,,,,,,,,,,,,,,,,,,,,,,,,,,,,,,,,,,,,,,,,,"POLYGON ((121.0193297 14.5540232, 121.0193954 14.5543672, 121.0194508 14.5545255, 121.0195001 14.5545969, 121.0196708 14.5548825, 121.0203056 14.555749, 121.0181445 14.5571639, 121.0173503 14.5560547, 121.0170606 14.5557484, 121.0168943 14.5556393, 121.0167334 14.5555614, 121.0165725 14.5555147, 121.0166934 14.5547921, 121.0167566 14.5546693, 121.0168873 14.5545776, 121.0171739 14.554486, 121.0178946 14.5543295, 121.0193297 14.5540232))"
,,,,,,,,,,,,,,,,,,,,,,,,,,,,,,,,,,,,,,,,,,,,,,,,,,,,,,,,,,,,,,,,,,,,,,,,"POLYGON ((121.0166314 14.5556692, 121.0167776 14.5557094, 121.0169117 14.5557821, 121.0172351 14.556105, 121.0173422 14.5562683, 121.0179665 14.5571476, 121.0179809 14.5572164, 121.0179401 14.557272, 121.0174988 14.5575738, 121.0167675 14.5580496, 121.0159526 14.558586, 121.0156744 14.5587327, 121.0154707 14.5587547, 121.0152774 14.558731, 121.0141859 14.5585567, 121.0148277 14.5553472, 121.0166314 14.5556692))"
,,,,,,,,,,,,,,,,,,,,,,,,,,,,,,,,,,,,,,,,,,,,,,,,,,,,,,,,,,,,,,,,,,,,,,,,"POLYGON ((121.019587 14.5539711, 121.0196261 14.5542989, 121.0197282 14.5545108, 121.0198331 14.554728, 121.0204777 14.5556367, 121.0226633 14.5542498, 121.0226996 14.5542255, 121.0227254 14.5541902, 121.0227396 14.5541653, 121.0227458 14.5541326, 121.0227449 14.5540965, 121.0227281 14.5540517, 121.0226881 14.5540113, 121.0225549 14.5539414, 121.0224126 14.5538823, 121.0222408 14.5538306, 121.0219776 14.5537532, 121.0217303 14.5537401, 121.0214981 14.5537159, 121.0211912 14.553724, 121.021073 14.5537272, 121.020345 14.5538202, 121.019587 14.5539711))"
,,,,,,,,,,,,,,,,,,,,,,,,,,,,,,,,,,,,,,,,,,,,,,,,,,,,,,,,,,,,,,,,,,,,,,,,"POLYGON ((121.0150198 14.551466, 121.0150943 14.5514569, 121.0151701 14.5514699, 121.0152371 14.5515075, 121.015331 14.5516308, 121.0149656 14.5533092, 121.0138237 14.5533599, 121.0137454 14.5522394, 121.0149084 14.5521505, 121.0150198 14.551466))"
,,,,,,,,,,,,,,,,,,,,,,,,,,,,,,,,,,,,,,,,,,,,,,,,,,,,,,,,,,,,,,,,,,,,,,,,"POLYGON ((121.0166727 14.5623959, 121.0174392 14.562488, 121.0172699 14.5636086, 121.0169543 14.5635346, 121.0165462 14.5633926, 121.0166727 14.5623959))"
,,,,,,,,,,,,,,,,,,,,,,,,,,,,,,,,,,,,,,,,,,,,,,,,,,,,,,,,,,,,,,,,,,,,,,,,"POLYGON ((121.0340476 14.5562371, 121.0344815 14.5556885, 121.034529 14.5556509, 121.0345943 14.5556422, 121.0346639 14.5556712, 121.0349034 14.5558582, 121.0349205 14.5559066, 121.0349155 14.5559449, 121.0348897 14.5559874, 121.0344438 14.5565406, 121.0342956 14.5564287, 121.0340701 14.5562554, 121.0340476 14.5562371))"
,,,,,,,,,,,,,,,,,,,,,,,,,,,,,,,,,,,,,,,,,,,,,,,,,,,,,,,,,,,,,,,,,,,,,,,,"POLYGON ((121.0350358 14.5558479, 121.035302 14.5555615, 121.0350727 14.5553773, 121.0350113 14.5553664, 121.0349173 14.5553608, 121.0348114 14.5553801, 121.0346791 14.5554938, 121.0346752 14.5555377, 121.03469 14.5555717, 121.0350358 14.5558479))"
,,,,,,,,,,,,,,,,,,,,,,,,,,,,,,,,,,,,,,,,,,,,,,,,,,,,,,,,,,,,,,,,,,,,,,,,"POLYGON ((121.0084942 14.5570659, 121.0103265 14.5576876, 121.0098369 14.5587844, 121.0082996 14.5579693, 121.0082427 14.5579254, 121.0081991 14.5578707, 121.008175 14.5577279, 121.008183 14.5576656, 121.0084942 14.5570659))"
,,,,,,,,,,,,,,,,,,,,,,,,,,,,,,,,,,,,,,,,,,,,,,,,,,,,,,,,,,,,,,,,,,,,,,,,"POLYGON ((121.0113481 14.5589844, 121.0111388 14.5594218, 121.0117452 14.5597315, 121.011954 14.5592883, 121.0113481 14.5589844))"
,,,,,,,,,,,,,,,,,,,,,,,,,,,,,,,,,,,,,,,,,,,,,,,,,,,,,,,,,,,,,,,,,,,,,,,,"POLYGON ((121.0126772 14.551449, 121.012651 14.5505446, 121.0130058 14.5505349, 121.0134269 14.5505234, 121.0134532 14.5514279, 121.0126772 14.551449))"
,,,,,,,,,,,,,,,,,,,,,,,,,,,,,,,,,,,,,,,,,,,,,,,,,,,,,,,,,,,,,,,,,,,,,,,,"POLYGON ((121.0177155 14.5448154, 121.0167278 14.5443262, 121.0160218 14.5455994, 121.0164705 14.5458219, 121.0166624 14.5460102, 121.0169885 14.5461706, 121.0177155 14.5448154))"
,,,,,,,,,,,,,,,,,,,,,,,,,,,,,,,,,,,,,,,,,,,,,,,,,,,,,,,,,,,,,,,,,,,,,,,,"POLYGON ((121.0158431 14.5456218, 121.0148095 14.5450806, 121.0144304 14.5457827, 121.0154681 14.5463122, 121.0158431 14.5456218))"
,,,,,,,,,,,,,,,,,,,,,,,,,,,,,,,,,,,,,,,,,,,,,,,,,,,,,,,,,,,,,,,,,,,,,,,,"POLYGON ((121.0144304 14.5457827, 121.0140354 14.5465019, 121.0150662 14.5470349, 121.0154681 14.5463122, 121.0144304 14.5457827))"
,,,,,,,,,,,,,,,,,,,,,,,,,,,,,en:Philippine Deposit Insurance Corporation,,,,,,,,,,,,,,,,,,,,,,,,,,,,,,,,,,,,,,,,,,,"POLYGON ((121.0138384 14.5468605, 121.013668 14.5471709, 121.0143725 14.5475239, 121.0147176 14.547698, 121.0148771 14.5473946, 121.0138384 14.5468605))"
,,,,,,,,,,,,,,,,,,,,,,,,,,,,,,,,,car,,,,,,,,,,,,,,,,,,,,,,,,,,,,,,,,,,,,,,,"POLYGON ((121.0200353 14.5340779, 121.0197076 14.5347081, 121.0192276 14.5344709, 121.0186843 14.5342023, 121.0190315 14.5335683, 121.0200353 14.5340779))"
,,,,,Q277470,,,,,,,,,,,,,,,,,,,,,,,,,,,,,,,,,,,,,,,,,,fuel,,,,,,,,,,,,,,,,,,,,,,,,,"POLYGON ((121.0210842 14.5312889, 121.0210166 14.5312521, 121.0206553 14.5319342, 121.0208617 14.5320395, 121.0210374 14.5321237, 121.0211527 14.532038, 121.0214583 14.5314834, 121.0213729 14.5314416, 121.0210842 14.5312889))"
,,,,,,,,,,,,,,,,,,,,,,,,,,,,,,,,,,,,,,,,,,,,,,,,,,,,,,,,,,,,,,,,,,,,,,,,"POLYGON ((121.0114437 14.5514893, 121.0112143 14.5518995, 121.0100985 14.5539557, 121.00849 14.5570003, 121.0104526 14.557637, 121.0122258 14.5581878, 121.012487 14.5574033, 121.0128236 14.5558093, 121.013002 14.5548734, 121.0131616 14.5539011, 121.0131866 14.5534157, 121.0129456 14.551597, 121.0124248 14.5516035, 121.0119761 14.5515854, 121.0114437 14.5514893))"
,,,,,Q1925799,,,,,,,,,,,,,,,,,,,,,,,,,,,,,,,,,,,,,,,,,,,,,,,,,,,,,,,,,,,,,,,,,,,"POLYGON ((121.0039121 14.5565885, 121.0042142 14.5567289, 121.0042559 14.5566359, 121.0043566 14.5564153, 121.0043875 14.5563469, 121.0040489 14.5562009, 121.0040017 14.5562356, 121.0039121 14.5565885))"
,,,,,Q38076,,,,,,,,,,,,,,,,,,,,,,,,,,,,,,,,,,,,,,,,,,,,,,,,,,,,,,,,,,,,,,,,,,,"POLYGON ((121.0046317 14.5564792, 121.0044003 14.5563771, 121.0042748 14.5566659, 121.0045024 14.5567628, 121.0046317 14.5564792))"
,,,,,,,,,,,,,,,,,,,,,,,,,,,,,,,,,,,,,,,,,,,,,,,,,,,,,,,,,,,,,,,,,,,,,,,,"POLYGON ((121.0089524 14.5544989, 121.0082106 14.5541243, 121.0080297 14.5544598, 121.0087715 14.5548345, 121.0089524 14.5544989))"
,,,,,,,,,,,,,,,,,,,,,,,,,,,,,,,,,,,,,,,,,,,,,,,,,,,,,,,,,,,,,,,,,,,,,,,,"POLYGON ((121.0266396 14.5471276, 121.0266233 14.5471213, 121.0265963 14.547121, 121.0265764 14.5471325, 121.0263805 14.5473566, 121.0263628 14.5474059, 121.0263655 14.5474377, 121.0268142 14.5478287, 121.0270971 14.5475066, 121.0266396 14.5471276))"
,,,,,Q110716465,,,,,,,,,,,,,,,,,,,,,,,,,,,,,,,,,,,,,,,,,,,,,,,,,,,,,,,,,,,,,,,,,,,"POLYGON ((121.0302228 14.5506435, 121.030259 14.5505578, 121.0302963 14.5504199, 121.030301 14.550303, 121.0302943 14.5501569, 121.0302733 14.550029, 121.0302071 14.549854, 121.0301099 14.5497028, 121.0300129 14.5497645, 121.0298566 14.5499497, 121.0297349 14.550097, 121.0297164 14.5501742, 121.0297237 14.5502188, 121.0302228 14.5506435))"
,,,,,,,,,,,,,,,,,,,,,,,,,,,,,,,,,,,,,,,,,,,,,,,,,,,,,,,,,,,,,,,,,,,,,,,,"POLYGON ((121.0144218 14.5389921, 121.0156473 14.5394181, 121.0155682 14.5396261, 121.014348 14.5391899, 121.0144218 14.5389921))"
,,,,,,,,,,,,,,,,,,,,,,,,,,,,,,,,,,,,,,,,,,,,,,,,,,,,,,,,,,,,,,,,,,,,,,,,"POLYGON ((121.0165436 14.5392301, 121.016104 14.5390072, 121.0161709 14.5388836, 121.0162743 14.5386925, 121.0163529 14.5385473, 121.0178969 14.535632, 121.0179596 14.5355977, 121.0183844 14.5358284, 121.0183659 14.5358628, 121.0165436 14.5392301))"
,,,,,,,,,,,,,,,,,,,,,,,,,,,,,,,,,,,,,,,,,,,,,,,,,,,,,,,,,,,,,,,,,,,,,,,,"POLYGON ((121.0192259 14.5344741, 121.0185499 14.5357135, 121.0181076 14.5354957, 121.0180558 14.5354554, 121.0180488 14.5353845, 121.0186826 14.5342055, 121.0192259 14.5344741))"
,pitch,,,,,,2,yes,concrete,,,,,,,,,,,,,,,,,,,,,,,,,,,,,,,,,,,,,,,,,,,,,,,,,,,,,,,,,,,,,,,"POLYGON ((121.0298733 14.5699948, 121.0296822 14.5697994, 121.029768 14.5697215, 121.0299544 14.5699188, 121.0298733 14.5699948))"
,sports_hall,,,,,,,,,,,,,,,,,,,,,,,,,,,,,,,,,,,,,,,,,,roof,,,,,,,,,,,,,,,,,,,,,,,,,,,,,"POLYGON ((121.0323796 14.568029, 121.0326624 14.5677481, 121.0325242 14.5676177, 121.0322414 14.5678986, 121.0323796 14.568029))"
,,,,,,,,,,,,,,,,,,,,,,,,,,,,,,,,,,,,,,,,,,,,,,,,,,,,,,,,,,,,,,,,,,,,,,,,"POLYGON ((121.0314544 14.5661645, 121.0314439 14.5656831, 121.0311497 14.5656848, 121.0311408 14.5661665, 121.0314544 14.5661645))"
sand,,,,,,,,,,,,,,,,,,,,,,,,,,,,,,,,,,,,,,,,,bunker,,,,,,,,,,,,,,,,,,,,,,,,,,,,,,,"POLYGON ((121.0407668 14.5491098, 121.040795 14.549095, 121.0408107 14.5490919, 121.0408249 14.5490906, 121.0408356 14.5490864, 121.0408397 14.5490804, 121.0408486 14.5490707, 121.0408502 14.5490535, 121.0408464 14.549038, 121.0408378 14.5490223, 121.0408218 14.5490149, 121.0408091 14.5490124, 121.0407918 14.5490168, 121.0407845 14.5490223, 121.0407812 14.5490359, 121.0407837 14.549045, 121.0407906 14.5490509, 121.0408001 14.5490526, 121.0408048 14.5490579, 121.0408027 14.5490649, 121.0407946 14.5490686, 121.0407839 14.5490671, 121.0407746 14.5490612, 121.0407635 14.5490608, 121.040749 14.5490775, 121.0407284 14.5490987, 121.040698 14.5491216, 121.0406893 14.5491271, 121.0406846 14.5491398, 121.0406953 14.5491631, 121.0407168 14.5491709, 121.0407321 14.5491672, 121.0407383 14.5491538, 121.0407411 14.549137, 121.0407668 14.5491098))"
sand,,,,,,,,,,,,,,,,,,,,,,,,,,,,,,,,,,,,,,,,,bunker,,,,,,,,,,,,,,,,,,,,,,,,,,,,,,,"POLYGON ((121.0404741 14.5491871, 121.0404793 14.5491792, 121.040487 14.5491735, 121.0404962 14.5491705, 121.0405059 14.5491708, 121.040515 14.5491741, 121.0405224 14.5491802, 121.040527 14.5491878, 121.040529 14.5491964, 121.0405281 14.5492052, 121.0405243 14.5492132, 121.0405181 14.5492197, 121.0405102 14.549224, 121.0405012 14.5492257, 121.0404922 14.5492245, 121.040484 14.5492206, 121.0404771 14.549214, 121.0404729 14.5492056, 121.0404718 14.5491962, 121.0404741 14.5491871))"
,,,,,,,,,,,,,,,,,,,,,,,,,,,,,,,,,,,,,,,,,,,,,,,,,,,,,,,,,,,,,,,,,,,,,,,,"POLYGON ((121.0129274 14.5434957, 121.01349 14.543651, 121.013854 14.5423699, 121.0132456 14.542191, 121.0131854 14.542215, 121.0129274 14.5434957))"
water,,,,,,,,,,,,,,,,,,,,,,,,,,,,,,,,,,,,,,,,,water_hazard,stream,,,,,,,,,,,,,,,,,,,,,,,,,,,,,,"POLYGON ((121.0420389 14.5544625, 121.041986 14.5544227, 121.0419557 14.554358, 121.0419548 14.5543184, 121.0419902 14.5542671, 121.0420354 14.5542346, 121.0421839 14.5541793, 121.0422668 14.5541035, 121.0424224 14.5539893, 121.0425726 14.5538699, 121.0427013 14.5536466, 121.0427121 14.5534701, 121.0427607 14.5532589, 121.0427604 14.5531346, 121.042739 14.5530578, 121.0427013 14.5530028, 121.0426413 14.5529588, 121.0425941 14.5529093, 121.0425785 14.5528585, 121.0425802 14.552778, 121.0425632 14.5527237, 121.0424866 14.5526176, 121.0424516 14.552505, 121.0424509 14.552415, 121.042463 14.5522974, 121.0424658 14.5522189, 121.0424313 14.5521752, 121.0423741 14.552146, 121.0422735 14.552098, 121.0422334 14.5520569, 121.0422125 14.5519831, 121.0422093 14.5519414, 121.0422297 14.5518793, 121.042231 14.5518134, 121.0421981 14.5517647, 121.0421596 14.551735, 121.0421111 14.5517107, 121.0420412 14.5516888, 121.0420052 14.5516646, 121.0419841 14.5516507, 121.0419764 14.5516014, 121.0419725 14.5515486, 121.0419814 14.5514995, 121.0420127 14.5514278, 121.0420274 14.5513321, 121.0419955 14.551219, 121.0419675 14.5511982, 121.0419298 14.551191, 121.0418703 14.5511827, 121.0417977 14.5511797, 121.0417544 14.5511811, 121.0417216 14.5511897, 121.041692 14.5512014, 121.0416596 14.5512184, 121.0416269 14.5512347, 121.0416332 14.5512092, 121.0416475 14.5511986, 121.0416655 14.5511889, 121.0417116 14.5511707, 121.0417572 14.5511674, 121.0418081 14.5511535, 121.0418662 14.5511529, 121.0419038 14.5511608, 121.0419441 14.5511681, 121.0419889 14.5511698, 121.041997 14.5511592, 121.0419927 14.5511315, 121.0420052 14.5510785, 121.0420338 14.5510237, 121.0420732 14.5509885, 121.0421305 14.5509326, 121.0421066 14.5510069, 121.042098 14.5510364, 121.0420822 14.5510713, 121.0420535 14.5511745, 121.0420646 14.551278, 121.0420877 14.5513526, 121.0420951 14.5514438, 121.0420594 14.5515186, 121.042054 14.5515686, 121.0421814 14.551647, 121.0422715 14.55172, 121.0423161 14.5517772, 121.042334 14.5518557, 121.0423239 14.5519227, 121.0423119 14.5519703, 121.0423408 14.5520321, 121.042417 14.5520941, 121.0424534 14.5520983, 121.0424867 14.5521333, 121.0424997 14.5521993, 121.0425199 14.5522698, 121.0425081 14.5523839, 121.0425006 14.5524527, 121.0425188 14.5525393, 121.0425714 14.5526246, 121.0426285 14.5526977, 121.0426512 14.5527798, 121.0426578 14.5528756, 121.042695 14.5529256, 121.042755 14.5529716, 121.042805 14.5530528, 121.0428381 14.5531533, 121.0427925 14.5533662, 121.0427872 14.5536051, 121.0427282 14.5537764, 121.0425887 14.5539685, 121.0423473 14.5541503, 121.0422829 14.5542645, 121.0422983 14.5544105, 121.042274 14.5544459, 121.0422541 14.5544842, 121.0422409 14.5545473, 121.0422309 14.5545649, 121.042208 14.5545766, 121.0421814 14.5545815, 121.0421578 14.5545737, 121.0421191 14.5545607, 121.0420976 14.5545436, 121.042071 14.554509, 121.0420389 14.5544625))"
water,,,,,,,,,,,,,,,,,,,,,,,,,,,,,,,,,,,,,,,,,water_hazard,pond,,,,,,,,,,,,,,,,,,,,,,,,,,,,,,"POLYGON ((121.0405073 14.5553133, 121.0405288 14.5552303, 121.0405834 14.5552162, 121.0406294 14.5552196, 121.0406736 14.5552333, 121.0407002 14.5552556, 121.0407444 14.5552778, 121.040794 14.5552864, 121.0408575 14.5552761, 121.0409106 14.5552517, 121.0409576 14.555254, 121.040998 14.5552761, 121.0410435 14.55528, 121.0410974 14.5552542, 121.0411364 14.5552272, 121.0411496 14.5551764, 121.0411302 14.5551168, 121.0411143 14.5550826, 121.0410983 14.5550449, 121.0410877 14.5550055, 121.0410966 14.5549798, 121.0411284 14.5549541, 121.0411638 14.554949, 121.0412169 14.5549507, 121.0412541 14.5549541, 121.0413125 14.5549729, 121.0413709 14.5549661, 121.0414169 14.5549233, 121.0414151 14.5548959, 121.0414151 14.5548599, 121.0414062 14.5548137, 121.0414133 14.5547588, 121.0414487 14.5547195, 121.0414699 14.5546544, 121.0414806 14.554603, 121.0415142 14.5545602, 121.0416115 14.5545054, 121.0416522 14.5544642, 121.0416841 14.5544642, 121.0417088 14.5544779, 121.041723 14.5545122, 121.0417336 14.5545499, 121.0417442 14.5545961, 121.0417407 14.554639, 121.0417265 14.5546595, 121.0417177 14.5546903, 121.0417283 14.5547109, 121.0417531 14.5547229, 121.0417894 14.554737, 121.0418663 14.5548154, 121.0418787 14.5548822, 121.0418716 14.554913, 121.0418451 14.5549575, 121.0418079 14.5549781, 121.0417637 14.5549986, 121.0417189 14.5550226, 121.0416965 14.5550473, 121.0417045 14.5550813, 121.0416929 14.5551305, 121.0416841 14.5551682, 121.0416664 14.555199, 121.0416487 14.5552401, 121.0416328 14.5553378, 121.041608 14.5553926, 121.0415655 14.5554371, 121.0414965 14.5554851, 121.0414505 14.5555262, 121.0413921 14.5555502, 121.0413514 14.5555656, 121.0412983 14.555581, 121.0412045 14.5555947, 121.0411355 14.5555878, 121.0410974 14.555547, 121.0410806 14.5555142, 121.0410559 14.5554765, 121.0410311 14.5554662, 121.0409515 14.5554714, 121.0408878 14.5554748, 121.0408435 14.5554628, 121.0407303 14.5554303, 121.0406506 14.5554097, 121.0406117 14.5553874, 121.0405745 14.555384, 121.0405374 14.5553823, 121.0405144 14.55536, 121.0405073 14.5553133))"
,,,,,,,,,,,,,,,,,,,,,,,,,,,,,,,,,,,,,,,,,,,,,,,,,,,,,,,,,,,,,,,,,,,,,,,,"POLYGON ((121.0045836 14.5670887, 121.0046296 14.5671954, 121.0049783 14.5671921, 121.0049671 14.5669341, 121.004865 14.5668269, 121.0045836 14.5670887))"
,swimming_pool,,,,,,,,,,,,,,,,,,,,,,,,,,,,,,,,,,,,,,,,,,,,,,,,,,,,,,,,,,,,,,,,,,,,,,,"POLYGON ((121.0327314 14.5562178, 121.0326791 14.5561758, 121.0325924 14.556277, 121.0326447 14.556319, 121.0327314 14.5562178))"
,pitch,,,,,,2,yes,,,,,,,,,,,,private,,,,,,,,,,,,,,,,,,,,,,,,,,,,,,,,,,,,,,,,,,,,,,,,,,,,"POLYGON ((121.0300744 14.5373602, 121.0302266 14.5371907, 121.0298791 14.5368983, 121.0297268 14.5370679, 121.0300744 14.5373602))"
,pitch,,,,,,,,,,,,,,,,,,,private,,,,,,,,,,,,,,,,,,,,,,,,,,,,,,,,,,,,,,,,,,,,,,,,,,,,"POLYGON ((121.030292 14.5375408, 121.0303618 14.5374681, 121.0302008 14.5373279, 121.0301284 14.5374083, 121.030292 14.5375408))"
,swimming_pool,,,,,,,,,,,,,,,,,,,,,,,,,,,,,,,,,,,,,,,,,,,,,,,,,,,,,,,,,,,,,,,,,,,,,,,"POLYGON ((121.0447771 14.5667001, 121.0447025 14.5667413, 121.0448163 14.566934, 121.0448908 14.5668928, 121.0447771 14.5667001))"
,,,,,,,,,,,,,,,,,,,,,,,,,,,,,,,,,,,,,,,,,,,,,,,,,,,,,,,,,,,,,,,,,,,,,,,,"POLYGON ((121.0147552 14.5398616, 121.0146671 14.5401244, 121.0143621 14.5400296, 121.0144403 14.5397649, 121.0147552 14.5398616))"
,swimming_pool,,,,,,,,,,,,,,,,,,,,,,,,,,,,,,,,,,,,,,,,,,,,,,,,,,,,,,,,,,,,,,,,,,,,,,,"POLYGON ((121.0390223 14.5407086, 121.0390638 14.5407074, 121.0390611 14.5406197, 121.0389981 14.5406214, 121.0390004 14.5406927, 121.0390223 14.5407086))"
,swimming_pool,,,,,,,,,,,,,,,,,,,,,,,,,,,,,,,,,,,,,,,,,,,,,,,,,,,,,,,,,,,,,,,,,,,,,,,"POLYGON ((121.0396509 14.5431688, 121.0398516 14.543166, 121.0398449 14.5427123, 121.0396443 14.5427151, 121.0396509 14.5431688))"
,pitch,,,,,,,,,,,,,,,,,,,,,,,,,,,,,,,,,,,,,,,,,,,,,,,,,,,,,,,,,,,,,,,,,,,,,,,"POLYGON ((121.0403291 14.5428277, 121.0415917 14.5428146, 121.0416186 14.5452533, 121.0403561 14.5452664, 121.0403291 14.5428277))"
,swimming_pool,,,,,,,,,,,,,,,,,,,,,,,,,,,,,,,,,,,,,,,,,,,,,,,,,,,,,,,,,,,,,,,,,,,,,,,"POLYGON ((121.0396777 14.5433691, 121.0398169 14.5433685, 121.0398181 14.5435984, 121.0396788 14.543599, 121.0396777 14.5433691))"
,swimming_pool,,,,,,,,,,,,,,,,,,,,,,,,,,,,,,,,,,,,,,,,,,,,,,,,,,,,,,,,,,,,,,,,,,,,,,,"POLYGON ((121.0255871 14.5555975, 121.0255154 14.5556302, 121.0256054 14.5558152, 121.0256771 14.5557825, 121.0255871 14.5555975))"
,swimming_pool,,,,,,,,,,,,,,,,,,,,,,,,,,,,,,,,,,,,,,,,,,,,,,,,,,,,,,,,,,,,,,,,,,,,,,,"POLYGON ((121.0274026 14.5572956, 121.0274035 14.5573142, 121.0273916 14.5573268, 121.0273761 14.5573286, 121.0273625 14.5573206, 121.0273578 14.5573006, 121.0273674 14.5572869, 121.027377 14.5572831, 121.0273878 14.5572836, 121.0274026 14.5572956))"
,,,,,,,,,,,,,,,,,,,,,,,,,,,,,,,,,,,,,,,,,,,,,,,,,,,,,,,,,,,,,,,,,,,,,,,,"POLYGON ((121.0107501 14.5436501, 121.0103794 14.5435832, 121.0106248 14.5428135, 121.010945 14.5428497, 121.0109375 14.5430276, 121.0108987 14.5431766, 121.0115485 14.5432664, 121.0115338 14.5433761, 121.0108178 14.5432774, 121.0107501 14.5436501))"
,pitch,,,,,,,,,,,,,,,,,,,,,,,,,,,,,,,,,,,,,,,,,,,,,,,,,,,,,,,,,,,,,,,,,,,,,,,"POLYGON ((121.039242 14.5382872, 121.0391605 14.5380521, 121.0390592 14.5380851, 121.0391407 14.5383202, 121.039242 14.5382872))"
,sports_hall,,,,,,,,,,207445357855766,,,,,,,,,,,,,,,,,,,,,,,,,,,,,,,,,,,,,,,,,,,,,,,,,,,,,,,,,,,,,"POLYGON ((121.0075601 14.5521467, 121.0076222 14.5518968, 121.0076459 14.5519023, 121.0077223 14.5519201, 121.0076601 14.55217, 121.0075601 14.5521467))"
,swimming_pool,,,,,,,,,,,,,,,,,,,,,,,,,,,,,,,,,,,,,,,,,,,,,,,,,,,,,,,,,,,,,,,,,,,,,,,"POLYGON ((121.0123719 14.5672618, 121.0123656 14.567181, 121.0125611 14.5671619, 121.0125675 14.5672384, 121.0123719 14.5672618))"
,pitch,,,,,,,,,,,,,,,,,,,,,,,,,,,,,,,,,,,,,,,,,,,,,,,,,,,,,,,,,,,,,,,,,,,,,,,"POLYGON ((121.0122029 14.5672194, 121.0122044 14.566982, 121.0123312 14.566979, 121.0123261 14.5672242, 121.0122029 14.5672194))"
shrubbery,,,,,,,,,,,,,,,,,,,,,,,,,,,,,,,,,,,,,,,,,,,,,,,,,,,,,,,,,,,,,,,,,,,,,,,,"POLYGON ((121.0462475 14.5424669, 121.0463376 14.5422475, 121.046476 14.5420351, 121.0467657 14.5417747, 121.0469074 14.5417211, 121.0469748 14.5417814, 121.0468813 14.5419663, 121.0467568 14.5421451, 121.046598 14.5423191, 121.0464454 14.5425138, 121.0462421 14.5428256, 121.0461501 14.5430473, 121.0460117 14.5434492, 121.0456644 14.5445685, 121.0456046 14.5447818, 121.0455473 14.5448622, 121.045432 14.5449809, 121.0453648 14.5450027, 121.0457066 14.5440559, 121.0459208 14.5433455, 121.0459352 14.5432977, 121.0462228 14.5425326, 121.0462475 14.5424669))"
,,,,,,,,,,,,,urban,,,,,,,,,,,,,,,,,,,,,,,,,,,,,,,,,,,,,,,,,,,,,,,,,,,,,,,,,,,"POLYGON ((121.0121231 14.529172, 121.0120312 14.5292131, 121.0115407 14.529087, 121.0115021 14.5289788, 121.0112795 14.5288502, 121.0107918 14.5286085, 121.010033 14.5271179, 121.0106067 14.5268079, 121.0110415 14.5263089, 121.0113613 14.5258546, 121.0116722 14.5253164, 121.0118073 14.5251741, 121.0120204 14.525091, 121.0122225 14.5250591, 121.0127122 14.525046, 121.012821 14.5250059, 121.0129116 14.5249471, 121.013049 14.5248135, 121.0144292 14.5234983, 121.0150302 14.5240962, 121.0158327 14.5233498, 121.015761 14.5232704, 121.0166697 14.5224349, 121.0168307 14.5226093, 121.0170971 14.5228978, 121.0171292 14.5229326, 121.0172673 14.5230659, 121.0174751 14.5232585, 121.0175808 14.5233564, 121.0186586 14.5234347, 121.01898 14.5237019, 121.0191659 14.5238541, 121.0194949 14.5244592, 121.0193911 14.5249781, 121.0191679 14.5260947, 121.0186892 14.5265222, 121.018213 14.5272268, 121.018095 14.5280784, 121.0181654 14.5287958, 121.0182449 14.5296051, 121.0181697 14.5299348, 121.0181126 14.5300048, 121.0178821 14.5300808, 121.0175501 14.5301821, 121.0173 14.5301561, 121.0172218 14.5300981, 121.0168686 14.5296096, 121.0161939 14.529658, 121.0160969 14.5297903, 121.015823 14.5308369, 121.0156898 14.5309043, 121.0137251 14.530161, 121.0131705 14.530361, 121.0130523 14.5304174, 121.012879 14.5304332, 121.0127572 14.5303942, 121.0126339 14.5303049, 121.0124782 14.5301402, 121.0123387 14.5297553, 121.012205 14.5296079, 121.0121231 14.529172))"
,sports_hall,,,,,,,,,,,,,,,,,,,,,,,,,,,,,,,,,,,,,,,,,,roof,,,,,yes,yes,sports_centre,,,,,,,,,,,,,,,,,,,,,,"POLYGON ((121.0052789 14.5600932, 121.0049455 14.5600262, 121.0049003 14.5602365, 121.0052338 14.5603036, 121.0052789 14.5600932))"
,,,,,,,,,,,,,,,,,,,,,,,,,,,,,,,,,,,,,,,,,,,,,,,,,,,,,,,,,,,,,,,,,,,,,,,,"POLYGON ((121.0247514 14.5619453, 121.0247281 14.5617246, 121.0245783 14.5614262, 121.0252404 14.5611076, 121.025415 14.5614491, 121.0253099 14.5618153, 121.0252811 14.5618533, 121.0252475 14.5618766, 121.0252134 14.5618928, 121.0247514 14.5619453))"
,,,,,,,,,,,,,apartments,,,,,,,,,,,,,,,,,,,,,,,,,,,,,,,,,,,,,,,,,,,,,,,,,,,,,,,,,,,"POLYGON ((121.0416843 14.5665685, 121.0418002 14.5667694, 121.0419987 14.5669328, 121.0422601 14.5670855, 121.042361 14.5669268, 121.0420268 14.5664161, 121.0416843 14.5665685))"
,,,,,,,,,,,309671900607882,,,,,,,,,,,,,,,,,,,,,,,,,,,,,,,,,,,,,,,,,,,,,,,,,,,,,,,,,,,,,"POLYGON ((121.0390769 14.5581602, 121.0394008 14.5584327, 121.0395577 14.5582656, 121.039259 14.5579894, 121.0392204 14.5579966, 121.0390769 14.5581602))"
,,,,,,,,,,,,,apartments,,,,,,,,,,,,,,,,,,,,,,,,,,,,,,,,,,,,,,,,,,,,,,,,,,,,,,,,,,,"POLYGON ((121.0215014 14.5646674, 121.022565 14.5642898, 121.0225394 14.5642307, 121.0222378 14.563436, 121.0222182 14.5633676, 121.0221659 14.5631309, 121.0221512 14.5629953, 121.0221348 14.5629581, 121.0220826 14.5629133, 121.0209893 14.5627338, 121.020842 14.5627197, 121.0207497 14.5627437, 121.0215014 14.5646674))"
,,,,,,,,,,,,,,,,,,,,,,,,,,,,,,,,,,,,,,,,,,,,,,,,,,,,,,,,,,,,,,,,,,,,,,,,"POLYGON ((121.02182 14.5654734, 121.0228907 14.565078, 121.0227134 14.5646723, 121.022565 14.5642898, 121.0215014 14.5646674, 121.0216187 14.564971, 121.02182 14.5654734))"
,,,,,Q7261170,,,,,,,,,,,,,,,,,,,,,,,,,,,,supermarket,,,,,,,,,,,,,,,,,,,,,,,,,,,,,,,,,,,,,,,"POLYGON ((121.0121272 14.5733776, 121.0127787 14.5741765, 121.0121618 14.5749324, 121.011356 14.5740982, 121.0121272 14.5733776))"
,,,,,,,,,,,,,apartments,,,,,,,,,,,,,,,,,,,,,,,,,,,,,,,,,,,,,,,,,,,,,,,,,,,,,,,,,,,"POLYGON ((121.0087807 14.5644751, 121.0084475 14.5637792, 121.0091501 14.5633712, 121.0094033 14.5632925, 121.0096579 14.5632775, 121.0103443 14.5632309, 121.0105604 14.5637134, 121.0087807 14.5644751))"
,,,,,,,,,,,,,,,,,,,,,,,,,,,,,,,,,,,,,,,,,,,,,,,,,,,,,,,,,,,,,,,,,,,,,,,,"POLYGON ((121.0200353 14.5340779, 121.020987 14.5322748, 121.019998 14.531769, 121.0190315 14.5335683, 121.0200353 14.5340779))"
,,,,,,,,,,,,,apartments,,,,,,,,,,,,,,,,,,,,,,,,,,,,,,,,,,,,,,,,,,,,,,,,,,,,,,,,,,,"POLYGON ((121.0150092 14.573774, 121.0150309 14.5740392, 121.0150659 14.5743016, 121.0151522 14.5744529, 121.0153229 14.5745776, 121.0152654 14.5747952, 121.0149903 14.5748512, 121.0139665 14.574486, 121.0138175 14.5736466, 121.0150092 14.573774))"
,,,,,,,,,,,,,,,,,,,,,,,,,,,,,,,,,,,,,,,,,,,,,,,,,,,,,,,,,,,,,,,,,,,,,,,,"POLYGON ((121.0138175 14.5736466, 121.0137017 14.5732652, 121.0136089 14.5728113, 121.0137999 14.5726475, 121.0141885 14.5723688, 121.0147842 14.5720441, 121.0149729 14.5719703, 121.0153439 14.5718873, 121.0155719 14.5718445, 121.0157398 14.5724319, 121.0155422 14.5724769, 121.0154184 14.5725625, 121.0150349 14.573421, 121.0149768 14.5736029, 121.0150092 14.573774, 121.0138175 14.5736466))"
,,,,,,,,,,,,,,,,,,,,,,,,,,,,,,,,,,,,,,,,,,,,,,,,,,,,,,,,,,,,,,,,,,,,,,,,"POLYGON ((121.0138784 14.575082, 121.0140505 14.5750935, 121.0148898 14.574895, 121.0139959 14.5746018, 121.0138784 14.575082))"
,,,,,,,,,,,,,urban,,,,,,,,,,,,,,,,,,,,,,,,,,,,,,,,,,,,,,,,,,,,,,,,,,,,,,,,,,,"POLYGON ((121.0124445 14.5753884, 121.0122527 14.5756353, 121.0121349 14.575866, 121.0120774 14.5763644, 121.0121075 14.5766084, 121.0124445 14.5770061, 121.012724 14.5774659, 121.0131668 14.5781037, 121.0133985 14.5782893, 121.0136144 14.578432, 121.0139927 14.5786164, 121.014306 14.5787264, 121.0145346 14.5788989, 121.0148241 14.5791913, 121.0157665 14.5794956, 121.0160299 14.5795411, 121.0163125 14.5795164, 121.0163862 14.5792493, 121.0158665 14.5791428, 121.0160441 14.5786664, 121.0163193 14.5778269, 121.0169022 14.577138, 121.0169836 14.576973, 121.0168607 14.5756893, 121.0167398 14.5753553, 121.0167211 14.5753378, 121.0166097 14.5753735, 121.0165179 14.5750964, 121.0164428 14.5749951, 121.016396 14.5749004, 121.0157398 14.5724319, 121.0155422 14.5724769, 121.0153703 14.5728446, 121.0150443 14.5735711, 121.015046 14.5739361, 121.0150818 14.5741412, 121.0151059 14.5742319, 121.0151349 14.5742965, 121.0152237 14.5744316, 121.0153537 14.5745722, 121.0153399 14.5747235, 121.0152851 14.5748241, 121.0148773 14.5749428, 121.0139223 14.575153, 121.0136154 14.57512, 121.0131699 14.5750131, 121.012889 14.5750225, 121.0126623 14.57511, 121.0124445 14.5753884))"
,,,,,,,,,,,,,,,,,,,,,,,,,,,,,,,,,,,,,,,,,,,,,,,,,,,,,,,,,,,,,,,,,,,,,,,,"POLYGON ((121.0136089 14.5728113, 121.0135667 14.5729174, 121.0135102 14.5730053, 121.0132191 14.5735975, 121.0129432 14.5741313, 121.0130699 14.5741903, 121.0130536 14.5743973, 121.0132824 14.5745784, 121.0132832 14.5748935, 121.0134713 14.574944, 121.0138784 14.575082, 121.0139959 14.5746018, 121.0139665 14.574486, 121.0138175 14.5736466, 121.0137017 14.5732652, 121.0136089 14.5728113))"
,pitch,,,,,,,,,,,,,,,,,,,,,,,,,,,,,,,,,,,,,,,,,,,,,,,,,,,,,,,,,,,,,,,,,,,,,,,"POLYGON ((121.0143972 14.5743712, 121.0145244 14.5744174, 121.0146329 14.5741376, 121.0145058 14.5740913, 121.0143972 14.5743712))"
,pitch,,,,,,,,,,,,,,,,,,,,,,,,,,,,,,,,,,,,,,,,,,,,,,,,,,,,,,,,,,,,,,,,,,,,,,,"POLYGON ((121.0153271 14.5742326, 121.0152415 14.5740006, 121.0151136 14.5740448, 121.0151992 14.5742768, 121.0153271 14.5742326))"
,,,,,,,,,,,,,,,,,,,,,,,,,,,,,,,,,,,,,,,,,,,,,,,,,,,,,,,,,,,,,,,,,,,,,,,,"POLYGON ((121.0171343 14.5614019, 121.0177762 14.5614857, 121.0178217 14.5610381, 121.0172359 14.5609759, 121.01717 14.5610588, 121.0171343 14.5614019))"
,,,,,,,,,,,,,terrace,,,,,,,,,,,,,,,,,,,,,,,,,,,,,,,,,,,,,,,,,,,,,,,,,,,,,,,,,,,"POLYGON ((121.013668 14.5471709, 121.0134461 14.5475735, 121.0141463 14.5479385, 121.0143725 14.5475239, 121.013668 14.5471709))"
,swimming_pool,,,,,,,,,,,,,,,,,,,,,,,,,,,,,,,,,,,,,,,,,,,,,,,,,,,,,,,,,,,,,,,,,,,,,,,"POLYGON ((121.0372442 14.5488831, 121.0372764 14.5488348, 121.0373553 14.5488819, 121.0373717 14.5488599, 121.0373647 14.5488214, 121.0374064 14.5488116, 121.0374196 14.5488678, 121.0373925 14.5489044, 121.0374165 14.5489277, 121.03739 14.5489747, 121.0372442 14.5488831))"
,swimming_pool,,,,,,,,,,,,,,,,,,,,,,,,,,,,,,,,,,,,,,,,,,,,,,,,,,,,,,,,,,,,,,,,,,,,,,,"POLYGON ((121.0392081 14.5519836, 121.0392308 14.5519907, 121.0392453 14.5520063, 121.0392429 14.552022, 121.0392332 14.5520354, 121.0391959 14.5520542, 121.0391529 14.552066, 121.0391319 14.5520652, 121.0391221 14.5520487, 121.0391221 14.5520299, 121.0391319 14.5520165, 121.0391529 14.5520048, 121.0392081 14.5519836))"
,swimming_pool,,,,,,,,,,,,,,,,,,,,,,,,,,,,,,,,,,,,,,,,,,,,,,,,,,,,,,,,,,,,,,,,,,,,,,,"POLYGON ((121.0373711 14.5494519, 121.0373743 14.5494715, 121.0373702 14.5494966, 121.037354 14.5495225, 121.0373305 14.5495374, 121.0373078 14.5495398, 121.037277 14.5495147, 121.0372657 14.5494935, 121.0372454 14.5494778, 121.0372057 14.5494645, 121.0371733 14.5494448, 121.0371554 14.5494268, 121.0371538 14.5494087, 121.0371627 14.5493915, 121.0371976 14.5493593, 121.0372187 14.5493538, 121.0372341 14.5493679, 121.0372568 14.5494056, 121.0372876 14.5494284, 121.0373208 14.5494268, 121.0373532 14.5494315, 121.0373654 14.5494425, 121.0373711 14.5494519))"
,swimming_pool,,,,,,,,,,,,,,,,,,,,,,,,,,,,,,,,,,,,,,,,,,,,,,,,,,,,,,,,,,,,,,,,,,,,,,,"POLYGON ((121.0390455 14.5513583, 121.0390034 14.55125, 121.0389607 14.5512656, 121.0390028 14.5513739, 121.0390455 14.5513583))"
,swimming_pool,,,,,,,,,,,,,,,,,,,,,,,,,,,,,,,,,,,,,,,,,,,,,,,,,,,,,,,,,,,,,,,,,,,,,,,"POLYGON ((121.0388936 14.5489106, 121.0389404 14.5489381, 121.0390124 14.5488233, 121.0389656 14.5487958, 121.0388936 14.5489106))"
,pitch,,,,,,,,,,,,,,,,,,,,,,,,,,,,,,,,,,,,,,,,,,,,,,,,,,,,,,,,,,,,,,,,,,,,,,,"POLYGON ((121.0367545 14.5485812, 121.0368483 14.5485902, 121.0368694 14.5483846, 121.0367756 14.5483756, 121.0367545 14.5485812))"
,swimming_pool,,,,,,,,,,,,,,,,,,,,,,,,,,,,,,,,,,,,,,,,,,,,,,,,,,,,,,,,,,,,,,,,,,,,,,,"POLYGON ((121.0388078 14.5492007, 121.0387574 14.5491259, 121.038766 14.5491204, 121.0386897 14.5490072, 121.0386158 14.5490539, 121.0386886 14.5491619, 121.0387027 14.549153, 121.0387566 14.549233, 121.0388078 14.5492007))"
,,,,,,,,,,,,,,,,,,,,,,,,,,,,,,,,,,,,,,,,,,,,,,,,,,,Carmona,,,,,,,,,,,,,,,,,,,,,"POLYGON ((121.0215581 14.5764611, 121.0212946 14.5761089, 121.0208623 14.5742711, 121.0206097 14.5730735, 121.0205479 14.5727902, 121.0204955 14.5725757, 121.0204562 14.5723721, 121.0204381 14.5722893, 121.0197049 14.5720192, 121.0194677 14.5719715, 121.0193249 14.5719669, 121.0192542 14.5718212, 121.0177366 14.5723837, 121.0176446 14.5724204, 121.0175388 14.5732371, 121.0179116 14.5748298, 121.0174136 14.574934, 121.0168267 14.5750569, 121.016936 14.5755514, 121.0172133 14.5758323, 121.0184179 14.5756002, 121.0186782 14.5766889, 121.0188612 14.5769069, 121.0195762 14.5777447, 121.0215281 14.5764805, 121.0215581 14.5764611))"
,,,,,,,,,,,,,,,,,,,,,,,,,,,,,,,,,,,,,,,,,,,,,,,,,,,,,,,,,,,,,,,,,,,,,,,,"POLYGON ((121.0038322 14.5556149, 121.0037032 14.5559183, 121.0034582 14.5558256, 121.0035749 14.5555192, 121.0038322 14.5556149))"
,,,,,,,,,,,,,,,,,,,,,,,,,,,,,,,,,,,,,,,,,,,,,,,,,,,,,,,,,,,,,,,,,,,,,,,,"POLYGON ((121.0310734 14.5595555, 121.0312056 14.5594297, 121.0317359 14.5589583, 121.0321973 14.5584832, 121.0325809 14.5580698, 121.033188 14.5573253, 121.0333781 14.5570807, 121.0333698 14.5570744, 121.0338559 14.5564708, 121.0338535 14.5564687, 121.0340476 14.5562371, 121.0340701 14.5562554, 121.0342956 14.5564287, 121.0344438 14.5565406, 121.0331301 14.5581848, 121.0326558 14.5587072, 121.032031 14.5593484, 121.0315794 14.5597768, 121.0315412 14.5598023, 121.0314995 14.5598156, 121.0314466 14.5598132, 121.0311042 14.5597122, 121.0310693 14.5596916, 121.0310523 14.5596631, 121.0310481 14.5596301, 121.0310546 14.5595881, 121.0310734 14.5595555))"
,,,,,,,,,,,,,,,,,,,,,,,,,,,,,,,,,,,,,,,,,,,,,,,,,,,,,,,,,,,,,,,,,,,,,,,,"POLYGON ((121.0155303 14.5645826, 121.0154461 14.5643558, 121.0154746 14.5643484, 121.0154011 14.5641629, 121.0155537 14.5641113, 121.0156134 14.5641058, 121.0156576 14.5641182, 121.0156889 14.5641444, 121.0157322 14.5642216, 121.0157734 14.5643726, 121.0157757 14.5644516, 121.0157683 14.5644791, 121.0157562 14.5644931, 121.0155303 14.5645826))"
,,,,,,,,,,,,,,,,,,,,,,,,,,,,,,,,,,,,,,,,,,,,,,,,,,,,,,,,,,,,,,,,,,,,,,,,"POLYGON ((121.0302883 14.5677484, 121.0304317 14.5677056, 121.0303899 14.5675576, 121.0302571 14.5675992, 121.0302883 14.5677484))"
,sports_hall,,,,,,2,,concrete,,,,,,,,,,,,,,,,,,,,,,,,,,,,,,,,,,roof,,,,,,yes,,,,,,,,,,,,,,,,,,,,,,,"POLYGON ((121.0108605 14.5670814, 121.0108496 14.5669194, 121.0111177 14.5669024, 121.0111287 14.5670645, 121.0108605 14.5670814))"
,,,,,,,,,,,,,,,,,,,,,,,,,,,,,,,,,,,,,,,,,,,,,,,,,,,,,,,,,,,,,,,,,,,,,,,,"POLYGON ((121.0075266 14.5504583, 121.0078424 14.5505343, 121.007796 14.5507142, 121.0076846 14.5506885, 121.0076478 14.5508383, 121.0074461 14.5507919, 121.0075266 14.5504583))"
,sports_centre,,,,,,,,,,,,,,,,,,,,,,,,,,,,,,,,,,,,,,,,,,yes,,,,,,,,,,,,,,,,,,,,,,,,,,,,,"POLYGON ((121.0393246 14.5640327, 121.0392421 14.5642692, 121.0395266 14.5643533, 121.039609 14.564099, 121.0393246 14.5640327))"
,,,,,,,,,,,,,,,,,,,,,,,,,,,,,,,,,,,,,,,,,,,,,,,,,,,,,,,,,,,,,,,,,,,,,,,,"POLYGON ((121.0351212 14.5667438, 121.035155 14.5659468, 121.0365305 14.5659839, 121.0365592 14.5660289, 121.0365381 14.5665723, 121.0351212 14.5667438))"
,,,,,,,,,,,,,,,,,,,,,,,,,,,,,,,,,,,,,,,,,,,,,,,,,,,,,,,,,,,,,,,,,,,,,,,,"POLYGON ((121.0376521 14.5660789, 121.0371226 14.5659412, 121.037155 14.5657035, 121.0368094 14.5659104, 121.0367719 14.5666261, 121.0374813 14.5668332, 121.0376521 14.5660789))"
,swimming_pool,,,,,,,,,,,,,,,,,,,,,,,,,,,,,,,,,,,,,,,,,,,,,,,,,,,,,,,,,,,,,,,,,,,,,,,"POLYGON ((121.0396689 14.5631655, 121.0396501 14.5632046, 121.0396847 14.5632202, 121.0397035 14.5631811, 121.0396689 14.5631655))"
,swimming_pool,,,,,,,,,,,,,,,,,,,,,,,,,,,,,,,,,,,,,,,,,,,,,,,,,,,,,,,,,,,,,,,,,,,,,,,"POLYGON ((121.0394255 14.5630712, 121.0394099 14.5631112, 121.039634 14.5631934, 121.0396496 14.5631534, 121.0394255 14.5630712))"
,swimming_pool,,,,,,,,,,,,,,,,,,,,,,,,,,,,,,,,,,,,,,,,,,,,,,,,,,,,,,,,,,,,,,,,,,,,,,,"POLYGON ((121.0393936 14.5631629, 121.0393583 14.5632517, 121.0395676 14.5633298, 121.0396029 14.563241, 121.0393936 14.5631629))"
,pitch,,,,,,,,,,,,,,,,,,,,,,,,,,,,,,,,,,,,,,,,,,,,,,,,,,,,,,,,,,,,,,,,,,,,,,,"POLYGON ((121.0399032 14.5632081, 121.0398302 14.5635344, 121.0399878 14.5635674, 121.0400524 14.5632822, 121.0400405 14.5632603, 121.0400263 14.5632411, 121.0399032 14.5632081))"
,pitch,,,,,,,,,,,,,,,,,,,,,,,,,,,,,,,,,,,,,,,,,,,,,,,,,,,,,,,,,,,,,,,,,,,,,,,"POLYGON ((121.0398176 14.5635292, 121.0398959 14.5632081, 121.0397375 14.5631719, 121.0396592 14.563493, 121.0398176 14.5635292))"
,pitch,,,,,,,,,,,,,,,,,,,,,,,,,,,,,,,,,,,,,,,,,,,,,,,,,,,,,,,,,,,,,,,,,,,,,,,"POLYGON ((121.0439119 14.564223, 121.0440194 14.5643467, 121.0442865 14.5641293, 121.044179 14.5640056, 121.0439119 14.564223))"
,,,,,,,,,,,,,,,,,,,,,,,,,,,,,,,,,,,,,,,,,,,,,,,,,,,,,,,,,,,,,,,,,,,,,,,,"POLYGON ((121.0412238 14.5676993, 121.0412328 14.5674964, 121.041659 14.5674738, 121.0416406 14.5677705, 121.041424 14.5677329, 121.0412238 14.5676993))"
,,,,,,,,,,,,,,,,,,,,,,,,,,,,,,,,,,,,,,,,,,,,,,,,,,,,node:255062492,,,,,,,,,,,,,,,,,,,,"POLYGON ((121.0449994 14.5658787, 121.0452202 14.5666664, 121.0452696 14.5668363, 121.0453798 14.5672653, 121.0453598 14.5673049, 121.0453229 14.5673406, 121.0452667 14.5673754, 121.0451933 14.56741, 121.0451252 14.5674434, 121.0450388 14.5674711, 121.0449478 14.5675107, 121.0448713 14.5675529, 121.0447975 14.5676093, 121.0435611 14.5672676, 121.0436335 14.5669324, 121.0436448 14.5658776, 121.0445269 14.5658098, 121.0448289 14.5658826, 121.0449994 14.5658787))"
,,,,,,,,,,,,,,,,,,,,,,,,,,,,,,,,,,,,,,,,,,,,,,,,,,,,,,,,,,,,,,,,,,,,,,,,"POLYGON ((121.0419966 14.5679205, 121.0420421 14.5677363, 121.0421424 14.5674799, 121.0425961 14.5676451, 121.0425333 14.567831, 121.0422745 14.5677506, 121.0422321 14.5679667, 121.0419966 14.5679205))"
,,,,,,,,,,,,,,,,,,,,,,,,,,,,,,,,,,,,,,,,,,,,,,,,,,,,,,,,,,,,,,,,,,,,,,,,"POLYGON ((121.0435449 14.5651534, 121.043455 14.5649042, 121.0434663 14.5645651, 121.0444351 14.564244, 121.044572 14.5646289, 121.0447203 14.5650707, 121.0439267 14.5653398, 121.0436808 14.5653628, 121.0435449 14.5651534))"
,pitch,,,,,,,,,,,,,,,,,,,,,,,,,,,,,,,,,,,,,,,,,,,,,,,,,,,,,,,,,,,,,,,,,,,,,,,"POLYGON ((121.0442593 14.5664404, 121.0442608 14.566161, 121.0441274 14.5661603, 121.0441258 14.5664398, 121.0442593 14.5664404))"
,pitch,,,,,,,,,,,,,,,,,,,,,,,,,,,,,,,,,,,,,,,,,,,,,,,,,,,,,,,,,,,,,,,,,,,,,,,"POLYGON ((121.0437833 14.5663969, 121.0440208 14.5663999, 121.0440225 14.5662755, 121.0437849 14.5662725, 121.0437833 14.5663969))"
,pitch,,,,,,,,,,,,,,,,,,,,,,,,,,,,,,,,,,,,,,,,,,,,,,,,,,,,,,,,,,,,,,,,,,,,,,,"POLYGON ((121.0443741 14.5668843, 121.0444247 14.5671137, 121.0445434 14.5670891, 121.0444928 14.5668598, 121.0443741 14.5668843))"
,swimming_pool,,,,,,,,,,,,,,,,,,,,,,,,,,,,,,,,,,,,,,,,,,,,,,,,,,,,,,,,,,,,,,,,,,,,,,,"POLYGON ((121.0398105 14.543334, 121.039809 14.5432487, 121.0397538 14.5432496, 121.0397546 14.5432957, 121.0397133 14.5432964, 121.039714 14.5433356, 121.0398105 14.543334))"
,park,,,,,,,,,,,,,,,,,,,,,,,,,,,,,,,,,,,,,,,,,,,,,,,,,,,,,,,,,,,,,,,,,,,,,,,"POLYGON ((121.023741 14.5512258, 121.0234552 14.5513693, 121.0232068 14.5508937, 121.0232028 14.5508497, 121.0232167 14.5508325, 121.0234768 14.5507026, 121.023741 14.5512258))"
,park,,,,,,,,,,,,,,,,,,,,,,,,,,,,,,,,,,,,,,,,,,,,,,,,,,,,,,,,,,,,,,,,,,,,,,,"POLYGON ((121.0023526 14.5615698, 121.0023582 14.5615802, 121.002259 14.5617279, 121.0020977 14.5615704, 121.0020976 14.5615547, 121.0023526 14.5615698))"
,sports_centre,,,,,,,,,,,,,,,,,,,,,,,,,,,,,,,,,,,,,,,,,,roof,,,,,,,,,,,,,,,,,,,,,,,,,,,,,"POLYGON ((121.0247797 14.572059, 121.0249434 14.5719362, 121.0247393 14.5716814, 121.0245756 14.5718043, 121.0247797 14.572059))"
,,,,,,,,,,,,,,,,,,,,,,,,,,,,,,,,,,,,,,,,,,,,,,,,,,,,,,,,,,,,,,,,,,,,,,,,"POLYGON ((121.0136179 14.5460054, 121.0134188 14.5459162, 121.0132656 14.5462653, 121.0134491 14.5463455, 121.0136179 14.5460054))"
,,,,,,,,,,,,,,,,,,,,,,,,,,,,,,,,,,,,,,,,,,,,,,,,,,,,,,,,,,,,,,,,,,,,,,,,"POLYGON ((121.0106873 14.5526225, 121.0113304 14.5514452, 121.0111437 14.5514575, 121.0110811 14.5514994, 121.0106539 14.552299, 121.0100246 14.5535378, 121.0094716 14.5545428, 121.0086246 14.5561596, 121.0083291 14.5566651, 121.0082783 14.5567954, 121.0084413 14.5569024, 121.009551 14.5547916, 121.0106873 14.5526225))"
,,,,,,,,,,,,,,,,,,,,,,,,,,,,,,,,,,,,,,,,,,,,,,,,,,,,,,,,,,,,,,,,,,,,,,,,"POLYGON ((121.0074482 14.5586369, 121.0073307 14.5585802, 121.0064227 14.560301, 121.0065372 14.5603652, 121.0074482 14.5586369))"
,,,,,,,,,,,,,,,,,,,,,,,,,,,,,,,,,,,,,,,,,,,,,,,,,,,,,,,,,,,,,,,,,,,,,,,,"POLYGON ((121.0151609 14.5444259, 121.0153778 14.5440298, 121.0154712 14.5438558, 121.015651 14.5435243, 121.0157684 14.5433109, 121.0162062 14.5424905, 121.01645 14.54204, 121.016285 14.5419439, 121.0146796 14.5449123, 121.01485 14.5450046, 121.0151609 14.5444259))"
,,,,,,,,,,,,,,,,,,,,,,,,,,,,,,,,,,,,,,,,,,,,,,,,,,,,,,,,,,,,,,,,,,,,,,,,"POLYGON ((121.0129842 14.5485207, 121.0126238 14.5491643, 121.0124471 14.5490399, 121.0127034 14.5485128, 121.0131271 14.547645, 121.0133758 14.5477525, 121.0129842 14.5485207))"
,,,,,,,,,,,,,,,,,,,,,,,,,,,,,,,,,,,,,,,,,,,,,,,,,,,,,,,,,,,,,,,,,,,,,,,,"POLYGON ((121.0045047 14.5637821, 121.0033162 14.5660186, 121.0033896 14.5661372, 121.004596 14.5638698, 121.0059331 14.5614491, 121.0064751 14.5604673, 121.006375 14.5603994, 121.0056555 14.5615964, 121.0045047 14.5637821))"
,,,,,,,,,,,,,,,,,,,,,,,,,,,,,,,,,,,,,,,,,,,,,,,,,,,,,,,,,,,,,,,,,,,,,,,,"POLYGON ((121.0133021 14.5474988, 121.0134461 14.5475735, 121.013668 14.5471709, 121.0138384 14.5468605, 121.0140354 14.5465019, 121.0144304 14.5457827, 121.0148095 14.5450806, 121.0146381 14.54499, 121.0133021 14.5474988))"
,,,,,,,,,,,,,,,,,,,,,,,,,,,,,,,,,,,,,,,,,,,,,,,,,,,,,,,,,,,,,,,,,,,,,,,,"POLYGON ((121.0336415 14.5649433, 121.0332996 14.5651756, 121.0335268 14.5655108, 121.0338729 14.5652541, 121.0336415 14.5649433))"
,,,,,,,,,,,,,,,,,,,,,,,,,,,,,,,,,,,,,,,,,,,Baicapture HQ,,,,,,,,,,,,,,,,,,,,,,,,,,,,,"POLYGON ((121.0125244 14.5652545, 121.0127386 14.5651469, 121.0128096 14.5652793, 121.0125954 14.5653869, 121.0125539 14.5653096, 121.0125244 14.5652545))"
,pitch,,,,,,,,,,,,,,,,,,,,,,,,,,,,,,,,,,,,,,,,,,,,,,,,,,,,,,,,,,,,,,,,,,,,,,,"POLYGON ((121.0173667 14.5376645, 121.0172419 14.5376018, 121.0173498 14.537411, 121.017473 14.5374736, 121.0173667 14.5376645))"
,swimming_pool,,,,,,,,,,,,,,,,,,,,,,,,,,,,,,,,,,,,,,,,,,,,,,,,,,,,,,,,,,,,,,,,,,,,,,,"POLYGON ((121.0198685 14.5331282, 121.0199128 14.5330355, 121.0197778 14.5329751, 121.0197335 14.5330677, 121.0198685 14.5331282))"
,sports_hall,,,,,,,,,,,,,,,,,,,,,,,,,,,,,,,,,,,,,,,,,,yes,,,,,,,,,,,,,,,,,,,,,,,,,,,,,"POLYGON ((121.016591 14.5309551, 121.0163834 14.5308982, 121.0164654 14.530618, 121.016673 14.5306749, 121.016591 14.5309551))"
,park,,,,,,,,,,,,,,,,,,,,,,,,,,,,,,,,,,,,,,,,,,,,,,,,,,,,,,,,,,,,,,,,,,,,,,,"POLYGON ((121.0164812 14.5311189, 121.0164477 14.5311126, 121.0163782 14.5310222, 121.0163317 14.5308858, 121.0163451 14.5307326, 121.0165061 14.5301459, 121.0165517 14.5300809, 121.0166241 14.5300706, 121.0166643 14.5301043, 121.017064 14.5306639, 121.0170661 14.530706, 121.0170546 14.5307268, 121.0167344 14.5309148, 121.0164812 14.5311189))"
,pitch,,,,,,,,,,,,,,,,,,,,,,,,,,,,,,,,,,,,,,,,,,,,,,,,,,,,,,,,,,,,,,,,,,,,,,,"POLYGON ((121.0145546 14.5333277, 121.0145887 14.5330036, 121.0148961 14.5330339, 121.014862 14.5333581, 121.0145546 14.5333277))"
,park,,,,,,,,,,,,,,,,,,,,,,,,,,,,,,,,,,,,,,,,,,,,,,,,,,,,,,,,,,,,,,,,,,,,,,,"POLYGON ((121.0140076 14.5366272, 121.0140572 14.5362087, 121.0143805 14.5362446, 121.0143309 14.5366631, 121.0140076 14.5366272))"
,,,,,,Empty lot,,,,,,,,,,,,,,,,,,,,,,,,,,,,,,,,,,,,,,,,,,,,,,,,,,,,,,,,,,,,,,,,,,"POLYGON ((121.0182039 14.5320725, 121.0181969 14.5318991, 121.0183622 14.5318929, 121.0183691 14.5320663, 121.0182039 14.5320725))"
,swimming_pool,,,,,,,,,,,,,,,,,,,private,,,,,,,,,,,,,,,,,,,,,,,,,,,,,,,,,,,,,,,,,,,,,,,,,,,,"POLYGON ((121.0282782 14.5596994, 121.0282152 14.5596485, 121.0282462 14.5596169, 121.0282554 14.5596002, 121.0282607 14.5595855, 121.0282645 14.559561, 121.0282917 14.5595374, 121.0283114 14.5595371, 121.0283342 14.5595094, 121.0283649 14.559473, 121.0283866 14.5594803, 121.0284181 14.5594659, 121.028459 14.5594989, 121.0284824 14.5594947, 121.028508 14.5594668, 121.0284991 14.5594244, 121.028469 14.5594145, 121.0284473 14.5593911, 121.0284426 14.5593527, 121.028442 14.5593207, 121.0284545 14.5592893, 121.0284844 14.5592711, 121.0285306 14.5592686, 121.0285561 14.559276, 121.0285772 14.5592961, 121.0285857 14.559323, 121.0285603 14.5593467, 121.0285319 14.5593625, 121.0285238 14.5594099, 121.0285274 14.5594218, 121.0285334 14.5594707, 121.0285488 14.5595086, 121.0285313 14.5595335, 121.0285131 14.5595289, 121.0284834 14.5595567, 121.0284952 14.5595737, 121.0284615 14.5596322, 121.028416 14.5596373, 121.0283615 14.5596662, 121.0283141 14.5596669, 121.0282782 14.5596994))"
,sports_centre,,,,,,,,,,,,,,,,,,,,,,,,,,,,,,,,,,,,,,,,,,,,,,,,,,,,,,,,,,,,,,,,,,,,,,,"POLYGON ((121.0391651 14.5629163, 121.0397858 14.5631523, 121.0398981 14.5631924, 121.0400203 14.5632217, 121.040047 14.5632362, 121.0400634 14.5632603, 121.0400714 14.563283, 121.0399423 14.5639288, 121.0394701 14.5638296, 121.0392361 14.5637456, 121.038847 14.5636059, 121.0391651 14.5629163))"
,,,,,,,,,,,,,,,,,,,,,,,,,,,,,,,,,,,,,,,,,,,,,,,,,,,,,,,,,,,,,,,,,,,,,,,,"POLYGON ((121.0211992 14.5448439, 121.0213414 14.5446832, 121.0212207 14.5445832, 121.0210786 14.544744, 121.0211992 14.5448439))"
,swimming_pool,,,,,,,,,,,,,,,,,,,,,,,,,,,,,,,,,,,,,,,,,,,,,,,,,,,,,,,,,,,,,,,,,,,,,,,"POLYGON ((121.0269546 14.5394442, 121.0270041 14.5393879, 121.0270305 14.5394096, 121.0269809 14.5394659, 121.0269546 14.5394442))"
,sports_hall,,,,,,,,,,,,,,,,,,,,,,,,,,,,,,,,,,,,,,,,,,yes,,,,,,,,,,,,,,,,,,,,,,,,,,,,,"POLYGON ((121.0255725 14.5406977, 121.0258478 14.5408423, 121.025987 14.540594, 121.0261102 14.5403741, 121.0261459 14.5403105, 121.0258706 14.5401659, 121.0255725 14.5406977))"
,swimming_pool,,,,,,,,,,,,,,,,,,,,,,,,,,,,,,,,,,,,,,,,,,,,,,,,,,,,,,,,,,,,,,,,,,,,,,,"POLYGON ((121.0267116 14.5396421, 121.0266537 14.5395904, 121.0266226 14.539623, 121.0266344 14.5396336, 121.0266416 14.5396261, 121.0266877 14.5396672, 121.0267116 14.5396421))"
,pitch,,,,,,,,,,,,,,,,,,,,,,,,,,,,,,,,,,,,,,,,,,,,,,,,,,,,,,,,,,,,,,,,,,,,,,,"POLYGON ((121.0294396 14.5563921, 121.0295809 14.5564316, 121.0296555 14.5561814, 121.0295142 14.5561419, 121.0294396 14.5563921))"
,pitch,,,,,,,,,,,,,,,,,,,,,,,,,,,,,,,,,,,,,,,,,,,,,,,,,,,,,,,,,,,,,,,,,,,,,,,"POLYGON ((121.0357344 14.5480891, 121.0358644 14.5480594, 121.0358082 14.5478294, 121.0356782 14.5478591, 121.0357344 14.5480891))"
,pitch,,,,,Bel-Air 2 Basketball Court,,,,,,,,,,,,,,,,,,,,,,,,,,,,,,,,,,,,,,,,,,,,,,,,,,,,,,,,,,,,,,,,,,"POLYGON ((121.0273693 14.5636867, 121.0275597 14.5636334, 121.0274665 14.5633212, 121.027276 14.5633745, 121.0273693 14.5636867))"
,park,,,,,Bel-Air 2 Park,,,,,,,,,,,,,,,,,,,,,,,,,,,,,,,,,,,,,,,,,,,,,,,,,,,,,,,,,,,,,,,,,,"POLYGON ((121.0273384 14.5636718, 121.0272774 14.563454, 121.0272369 14.5633246, 121.0274537 14.56326, 121.0274389 14.5631897, 121.0274271 14.5631195, 121.0272017 14.5631682, 121.0270754 14.5632007, 121.0271236 14.563348, 121.0270885 14.5633672, 121.0270905 14.563363, 121.0270485 14.5634457, 121.0270185 14.5634583, 121.0270581 14.5635919, 121.0271058 14.5637383, 121.0273384 14.5636718))"
,park,,,,,,,,,,,,,,,,,,,,,private,,,,,,,,,,,,,,,,,,,,,,,,,,,,,,,,,,,,,,,,,,,,,,,,,,"POLYGON ((121.0260944 14.5674446, 121.0262843 14.5673811, 121.0262335 14.567239, 121.0260436 14.5673025, 121.0260944 14.5674446))"
,,,,,,,,,,,,,,,,,,,,,,,,,,,,,,,,,,,,,,,,,,,,,,,,,,,,,,,,,,,,,,,,,,,,,,,,"POLYGON ((121.0054393 14.5664704, 121.0056362 14.5664648, 121.0056549 14.566422, 121.0056281 14.5662331, 121.005433 14.5662539, 121.0054393 14.5664704))"
,,,,,,,,,,,,,,,,,,,,,,,,,,,,,,,,,,,,,,,,,,,,,,,,,,,,,,,,,,,,,,,,,,,,,,,,"POLYGON ((121.0047329 14.5637447, 121.0049122 14.5638311, 121.0049519 14.563754, 121.0047726 14.5636676, 121.0047329 14.5637447))"
,,,,,,,,,,,,,apartments,,,,,,,,,,,,,,,,,,,,,,,,,,,,,,,,,,,,,,,,,,,,,,,,,,,,,,,,,,,"POLYGON ((121.0061929 14.5616119, 121.0062403 14.5615198, 121.0059853 14.5613969, 121.0059379 14.561489, 121.0061929 14.5616119))"
,,,,,,,,,,,,,,,,,,,,,,,,,,,,,,,,,,,,,,,,,,,,,,,,,,,,,,,,,,,,,,,,,,,,,,,,"POLYGON ((121.008487 14.5666201, 121.0086543 14.5666113, 121.0086425 14.5664013, 121.0085316 14.5664071, 121.0084729 14.566411, 121.0084819 14.5665297, 121.008487 14.5666201))"
,,,,,,,,,,,,,,,,,,,,,,,,,,,,,,,,,,,,,,,,,,,,,,,,,,,,,,,,,,,,,,,,,,,,,,,,"POLYGON ((121.0107646 14.5667901, 121.0109432 14.5667816, 121.0109292 14.5665044, 121.0107506 14.5665128, 121.0107646 14.5667901))"
,,,,,,,,,,,,,,,,,,,,,,,,,,,,,,,,,,,,,,,,,,,,,,,,,,,,,,,,,,,,,,,,,,,,,,,,"POLYGON ((121.005296 14.5635809, 121.0053836 14.5636233, 121.0054417 14.5635108, 121.0053541 14.5634685, 121.005296 14.5635809))"
,,,,,,,,,,,,,,,,,,,,,,,,,,,,,,,,,,,,,,,,,,,,,,,,,,,,,,,,,,,,,,,,,,,,,,,,"POLYGON ((121.0059838 14.5634973, 121.006083 14.5635574, 121.0061767 14.5634235, 121.0060614 14.5633551, 121.0059838 14.5634973))"
,,,,,,,,,,,,,,,,,,,,,,,,,,,,,,,,,,,,,,,,,,,,,,,,,,,,,,,,,,,,,,,,,,,,,,,,"POLYGON ((121.0071603 14.5652277, 121.0070465 14.5649993, 121.0069272 14.565055, 121.0070409 14.5652834, 121.0071603 14.5652277))"
,sports_hall,,,,,,,,,,,,,,,,,,,,,,,,,,,,,,,,,,,,,,,,,,yes,,,,,,,,,,,,,,,,,,,,,,,,,,,,,"POLYGON ((121.0084352 14.5624497, 121.0086334 14.5625709, 121.0088116 14.5622981, 121.0086134 14.5621768, 121.0084352 14.5624497))"
,,,,,,,,,,,,,,,,,,,,,,,,,,,,,,,,,,,,,,,,,,,,,,,,,,,,,,,,,,,,,,,,,,,,,,,,"POLYGON ((121.0090362 14.5646808, 121.0089345 14.5644525, 121.0087986 14.5645092, 121.0089003 14.5647375, 121.0090362 14.5646808))"
,park,,,,,Palm & sunflower park,,,,,,,,,,,,,,,,,,,,,,,,,,,,,,,,,,,,,,,,,,,,,,,,,,,,,,,,,,,,,,,,,,"POLYGON ((121.0248964 14.550277, 121.0246073 14.5504662, 121.0242347 14.5498223, 121.0240765 14.5496815, 121.0242952 14.5495178, 121.0248964 14.550277))"
,sports_centre,,,,,,,,,,,,,,,,,,,,,,,,,,,,,,,,,,,,,,,,,,,,,,,,,,,,,,,,,,,,,,,,,,,,,,,"POLYGON ((121.0372906 14.5423955, 121.0382544 14.542393, 121.0382955 14.5425522, 121.0382929 14.5434105, 121.0382518 14.5436394, 121.0381953 14.5438284, 121.0381284 14.543928, 121.0380308 14.5439976, 121.0379306 14.5440125, 121.0374319 14.5439802, 121.037288 14.5438732, 121.0372906 14.5423955))"
,pitch,,,,,,,,,,,,,,,,,,,,,,,,,,,,,,,,,,,,,,,,,,,,,,,,,,,,,,,,,,,,,,,,,,,,,,,"POLYGON ((121.0391638 14.5438094, 121.0391973 14.5438343, 121.039196 14.5441104, 121.0392204 14.5441092, 121.0392332 14.5444998, 121.0390148 14.5445085, 121.0389133 14.5444973, 121.038822 14.5444674, 121.0387372 14.5444214, 121.0386421 14.5443294, 121.0385406 14.5442149, 121.038502 14.5441515, 121.0384853 14.544098, 121.0384802 14.5440321, 121.0384956 14.5439525, 121.0385329 14.5438231, 121.038795 14.5438119, 121.0391638 14.5438094))"
,,,,,,,,,,,,,,,,,,,,,,,,,,,,,,,,,,,,,,,,,,,,,,,,,,,,,,,,,,,,,,,,,,,,,,,,"POLYGON ((121.0297204 14.5496081, 121.0295191 14.5498069, 121.0294969 14.5498259, 121.0294598 14.5498223, 121.029396 14.5498179, 121.0293288 14.5498115, 121.0292991 14.5497927, 121.0289175 14.5494783, 121.0290817 14.5493088, 121.0291255 14.5492636, 121.0292069 14.5492035, 121.0293362 14.5491419, 121.0294609 14.549116, 121.0295568 14.5491167, 121.029654 14.549129, 121.0297258 14.5491548, 121.0297893 14.5491951, 121.0295922 14.549404, 121.0297204 14.5496081))"
,,,,,Q277470,,,,,,508524337618785,,,,,,,,,,,,,,,,,,,,,,,,,,,,,,,,roof,,,,,,,,,,no,,,,,,,,,,,,,,,,,,,"POLYGON ((121.012768 14.5574432, 121.0129259 14.5574776, 121.0129688 14.5574869, 121.0129837 14.5574227, 121.012941 14.5574134, 121.0127829 14.557379, 121.012768 14.5574432))"
,,,,,,,,,,,,,,,,,,,,,,,,,,,,,,,,,,,,,,,,,,,,,,,,,,,Bangkal,,,,,,,,,,,,,,,,,,,,,"POLYGON ((121.0139371 14.5443025, 121.0140876 14.54395, 121.0139111 14.5438794, 121.0137606 14.5442319, 121.0139371 14.5443025))"
water,,,,,,,,,,,,,,,,,,,,,,,,,,,,,,,,,,,,,,,,,,,,,,,,,,,,,,,,,,,,,,,,,,,,,,,,"POLYGON ((121.021463 14.5521921, 121.0214436 14.5522109, 121.0214336 14.5522327, 121.0214317 14.5522527, 121.0214474 14.55228, 121.0214686 14.5522939, 121.0214962 14.5523012, 121.0215231 14.5522994, 121.0215506 14.5522994, 121.0215813 14.5523115, 121.0216126 14.5523291, 121.0216326 14.5523527, 121.0216439 14.5523757, 121.0216558 14.5523897, 121.0216752 14.5523987, 121.0216959 14.5524018, 121.0217146 14.5523969, 121.0217322 14.5523848, 121.0217497 14.5523654, 121.0217616 14.5523503, 121.0217772 14.5523363, 121.0217948 14.5523327, 121.0218154 14.5523436, 121.021863 14.5523563, 121.0218937 14.5523618, 121.0219175 14.5523691, 121.0219563 14.5523866, 121.0219675 14.5524, 121.0219732 14.5524169, 121.0219813 14.5524393, 121.0219951 14.5524527, 121.0220189 14.5524618, 121.0220439 14.5524618, 121.0220621 14.5524654, 121.0220765 14.5524854, 121.022084 14.5525017, 121.0220952 14.5525163, 121.0221109 14.5525254, 121.0221428 14.5525429, 121.0221547 14.5525629, 121.0221735 14.5525745, 121.0221941 14.552589, 121.0222085 14.552609, 121.0222104 14.5526284, 121.0222123 14.5526417, 121.022206 14.5526738, 121.0221948 14.5527084, 121.0221885 14.5527344, 121.0221929 14.5527562, 121.0222023 14.5527708, 121.022201 14.5528051, 121.0222102 14.5527635, 121.0222228 14.5527426, 121.0222514 14.552712, 121.0222583 14.5527059, 121.0222873 14.5526918, 121.0223315 14.5526847, 121.0223394 14.5526447, 121.0223306 14.5526344, 121.0223156 14.5526223, 121.0223056 14.5526187, 121.0222874 14.552606, 121.022278 14.5525854, 121.0222649 14.5525642, 121.0222323 14.5525411, 121.0222073 14.5525333, 121.0221804 14.5525278, 121.022161 14.552523, 121.0221447 14.5525084, 121.0221378 14.552489, 121.0221234 14.5524702, 121.0221021 14.5524527, 121.0220808 14.5524448, 121.0220527 14.5524424, 121.0220295 14.5524381, 121.0220101 14.5524315, 121.0219901 14.5524187, 121.0219851 14.5524036, 121.0219782 14.5523769, 121.0219531 14.5523557, 121.0219175 14.552343, 121.021893 14.5523454, 121.021873 14.5523424, 121.0218486 14.5523339, 121.0218416 14.5523233, 121.0218398 14.5523097, 121.0218251 14.5523067, 121.0218098 14.5522985, 121.0218007 14.5522891, 121.0217939 14.552277, 121.0217904 14.5522648, 121.0217751 14.5522658, 121.0217608 14.552266, 121.0217484 14.5522642, 121.021729 14.5522806, 121.0217278 14.5522988, 121.0217222 14.5523145, 121.0217121 14.5523254, 121.021694 14.5523321, 121.0216777 14.5523327, 121.0216602 14.5523285, 121.0216489 14.5523212, 121.0216395 14.5523073, 121.0216383 14.552297, 121.0215945 14.552283, 121.0215657 14.5522703, 121.0215425 14.5522545, 121.0215312 14.5522346, 121.0215187 14.5521982, 121.0215062 14.5521885, 121.0214874 14.5521873, 121.021463 14.5521921))"
,,,,,,,,,,,,,,,,,,,,,,,,,,,,,,,Vsionarch,,,,,,,,,,,,,,,,,,,,,,,,,,,,,,,,,,,,,,,,,"POLYGON ((121.0279538 14.5495451, 121.0288842 14.550322, 121.0289032 14.5503756, 121.0289013 14.5504245, 121.0288433 14.5505088, 121.0286268 14.5507518, 121.0279783 14.5514672, 121.0278925 14.5514634, 121.0278875 14.5514674, 121.026884 14.5506598, 121.0268872 14.5505753, 121.0276558 14.5497216, 121.0277406 14.549789, 121.0279538 14.5495451))"
,pitch,,,,,,,,grass,,,,,,,,,,,,,,,,,,,,,,,,,,,,,,,,,,,,,,,,,,,,,,,,,,,,,,,,,,,,,,,"POLYGON ((121.0274244 14.5423865, 121.0269246 14.5433688, 121.027324 14.5435591, 121.0278235 14.5425767, 121.0274244 14.5423865))"
,swimming_pool,,,,,,,,,,,,,,,,,,,,,,,,,,,,,,,,,,,,,,,,,,,,,,,,,,,,,,,,,,,,,,,,,,,,,,,"POLYGON ((121.026149 14.5405916, 121.0262843 14.5406617, 121.0263486 14.5405455, 121.0262132 14.5404754, 121.026149 14.5405916))"
,pitch,,,,,,,,,,,,,,,,,,,,,,,,,,,,,,,,,,,,,,,,,,,,,,,,,,,,,,,,,,,,,,,,,,,,,,,"POLYGON ((121.0275612 14.5430642, 121.028071 14.5432783, 121.0282862 14.5428659, 121.0280137 14.5426897, 121.0278989 14.5426674, 121.0278015 14.5426904, 121.0276931 14.542782, 121.0275612 14.5430642))"
,pitch,,,,,,,,,,,,,,,,,,,,,,,,,,,,,,,,,,,,,,,,,,,,,,,,,,,,,,,,,,,,,,,,,,,,,,,"POLYGON ((121.0280476 14.5433237, 121.027835 14.5437732, 121.0275466 14.5436703, 121.027478 14.5435877, 121.0274378 14.5435096, 121.027431 14.543351, 121.0275381 14.5431124, 121.0280476 14.5433237))"
,,,,,,,,,,,,,,,,,,,,,,,,,,,,,,,,,,,,,,,,,,,,,,,,,,,,,,,,,,,,,,,,,,,,,,,,"POLYGON ((121.0088783 14.5669155, 121.0084738 14.5669334, 121.0084606 14.5666545, 121.0088651 14.5666365, 121.0088783 14.5669155))"
,,,,,,,,,,,,,,,,,,,,,,,,,,,,,,,,,,,,,,,,,,,,,,,,,,,,,,,,,,,,,,,,,,,,,,,,"POLYGON ((121.0325598 14.5656177, 121.0325991 14.5655874, 121.0325768 14.5655582, 121.0325404 14.5655864, 121.0325598 14.5656177))"
water,,,,,,,,,,,,,,,,,,,,,,,,,,,,,,,,,,,,,,,,,,basin,,,,,,,,,,,,,,,,,,,,,,,,,,,,,,"POLYGON ((121.0275513 14.5715564, 121.027881 14.5719347, 121.0283298 14.5715987, 121.0282109 14.5714547, 121.0284358 14.5712703, 121.0282159 14.5710155, 121.0275513 14.5715564))"
,,,,,,,,,,,,,,,,,,,,,,,,,,,,,,,,,,,,,,,,,,,roof,,,,,,,,,,,,,,,,,,,,,,,,,,,,,"POLYGON ((121.0077781 14.5506391, 121.0077931 14.5505773, 121.0077579 14.5505692, 121.0076259 14.5505391, 121.007599 14.550533, 121.0075839 14.5505948, 121.0076111 14.550601, 121.007742 14.5506308, 121.0077781 14.5506391))"
,,,,,,,,,,,,,,,,,,,,,,,,,,,,,,,,,,,,,,,,,,,,,,,,,,,,,,,,,,,,,,,,,,,,,,,,"POLYGON ((121.0050675 14.5582323, 121.0052646 14.5582791, 121.0053741 14.5578467, 121.005177 14.5578, 121.0050675 14.5582323))"
,pitch,,,,,,,,,,,,,,,,,,,,,,,,,,,,,,,,,,,,,,,,,,,,,,,,,,,,,,,,,,,,,,,,,,,,,,,"POLYGON ((121.0250894 14.5537514, 121.0252539 14.5536614, 121.0252063 14.55358, 121.0250418 14.55367, 121.0250894 14.5537514))"
,,,,,,,,,,,,,,,,,,,,,,,,,,,,,,,,,,,,,,,,,,,,,,depot,,,,,,,,,,,,,,,,,,,,,,,,,,"POLYGON ((121.0125621 14.5633411, 121.0128796 14.5634469, 121.0129714 14.5631925, 121.0126739 14.5630907, 121.0125621 14.5633411))"
,,,,,,,,,,,,,apartments,,,,,,,,,,,,,,,,,,,,,,,,,,,,,,,,,,,,,,,,,,,,,,,,,,,,,,,,,,,"POLYGON ((121.0141983 14.5627546, 121.0143372 14.5618277, 121.0134988 14.5615705, 121.0131591 14.5623977, 121.013656 14.5625825, 121.0141983 14.5627546))"
,,,,,,,,,,,,,,,,,,,,,,,,,,,,,,,,,,,,,,,,,,,,,,,,,,,,,,,,,,,,,,,,,,,,,,,,"POLYGON ((121.0151387 14.5629245, 121.0147764 14.5628936, 121.0145666 14.5628629, 121.0141983 14.5627546, 121.0143372 14.5618277, 121.014739 14.5619312, 121.0151387 14.5629245))"
,,,,,,,,,,,,,,,,,,,,,,,,,,,,,,,,,,,,,,,,,,,,,,,,,,,,,,,,,,,,,,,,,,,,,,,,"POLYGON ((121.0282123 14.5709443, 121.027244 14.5717255, 121.0277106 14.5722777, 121.0272707 14.5726489, 121.0273574 14.5727406, 121.0277342 14.5724042, 121.027776 14.5723496, 121.0277896 14.572261, 121.0278106 14.5722193, 121.028109 14.5719637, 121.0283622 14.5717617, 121.0282955 14.5716762, 121.0284403 14.5715481, 121.0284693 14.5715872, 121.0286053 14.5714355, 121.0282123 14.5709443))"
,,,,,,,,,,,,,,,,,,,,,,,,,,,,,,,,,,,,,,,,,,,,,,,,,,,,,,,,,,,,,,,,,,,,,,,,"POLYGON ((121.0256396 14.5726639, 121.0257204 14.5726006, 121.0255647 14.5724143, 121.0254839 14.5724776, 121.0256396 14.5726639))"
,,,,,,,,,,,,,,,,,,,,,,,,,,,,,,,,,,,,,,,,,,,,,,,,,,,,,,,,,,,,,,,,,,,,,,,,"POLYGON ((121.0253537 14.572295, 121.0254104 14.5723667, 121.0255248 14.5722818, 121.025468 14.5722102, 121.0253537 14.572295))"
,,,,,,,,,,,,,,,,,,,,,,,,,,,,,,,,,,,,,,,,,,,,,,,,,,,,,,,,,,,,,,,,,,,,,,,,"POLYGON ((121.0152058 14.5425788, 121.0152877 14.5426161, 121.0153722 14.5424499, 121.0152863 14.5424087, 121.0152058 14.5425788))"
,,,,,,,,,,,,,,,,,,,,,,,,,,,,,,,,residential,,,,,,,,,,,,,,,,,,,,,,2027014380805422,,,,,,,,,,,,,,,,,,"POLYGON ((121.0155245 14.5639471, 121.0153505 14.5635037, 121.0149175 14.5634338, 121.0148538 14.5636658, 121.0149601 14.5636954, 121.0150219 14.5637386, 121.0152073 14.5639862, 121.0152403 14.5640169, 121.0152838 14.5640356, 121.0155245 14.5639471))"
,,,,,,,,,,,,,,,,,,,,,,,,,,,,,,,,,,,,,,,,,,,,,,,,,,,,,,,,,,,,,,,,,,,,,,,,"POLYGON ((121.0106009 14.5628603, 121.0105513 14.5626669, 121.0102992 14.5627305, 121.0103354 14.5629317, 121.0106009 14.5628603))"
,,,,,,,,,,,,,,,,,,,,,,,,,,,,,,,,,,,,,,,,,,,,,,,,,,,,,,,,,,,,,,,,,,,,,,,,"POLYGON ((121.0242952 14.5495178, 121.0248562 14.5490067, 121.0257435 14.5497766, 121.0254817 14.5500693, 121.0253081 14.5501175, 121.0251037 14.5501872, 121.0248964 14.550277, 121.0242952 14.5495178))"
,,,,,,,,,,,,,,,,,,,,,,,,,,,,,,,,,,,,,,,,,,,,,,,,,,,,,,,,,,,,,,,,,,,,,,,,"POLYGON ((121.0234274 14.550139, 121.0239399 14.5511365, 121.0241225 14.5510459, 121.024228 14.5508775, 121.0243495 14.5507233, 121.0244728 14.550595, 121.0246073 14.5504662, 121.0242347 14.5498223, 121.0240765 14.5496815, 121.0234274 14.550139))"
water,,,,,,,,,,,,,,,,,,,,,,,,,,,,,,,,,,,,,,,,,water_hazard,stream,,,,,,,,,,,,,,,,,,,,,,,,,,,,,,"POLYGON ((121.0427318 14.5484229, 121.0427444 14.5485221, 121.0427005 14.5486374, 121.0427193 14.5487061, 121.0426942 14.5487486, 121.0426984 14.5488154, 121.0427005 14.5488862, 121.04255 14.5489995, 121.0425019 14.5490379, 121.0424309 14.5490561, 121.0424037 14.5491026, 121.0423807 14.5491572, 121.042295 14.5492038, 121.0422386 14.5491876, 121.0421884 14.549228, 121.0421717 14.5492624, 121.0421822 14.5493433, 121.0421508 14.5493939, 121.0421529 14.5495214, 121.0421362 14.5495881, 121.0421111 14.5497014, 121.042155 14.5497823, 121.0421487 14.5498693, 121.0421529 14.549936, 121.0421582 14.549994, 121.0421332 14.5500494, 121.0420703 14.5501346, 121.042075 14.5500374, 121.0420923 14.5499785, 121.0420798 14.5498855, 121.0420881 14.5498248, 121.0420359 14.5496731, 121.0420756 14.5495699, 121.0420944 14.5494708, 121.042132 14.5492968, 121.042132 14.549224, 121.0421843 14.5491229, 121.0423034 14.5490723, 121.0424998 14.5489509, 121.0426085 14.5488437, 121.0426587 14.5486556, 121.0426712 14.5485686, 121.0427067 14.5485079, 121.0427164 14.5484698, 121.0427318 14.5484229))"
,,,,,,,,,,,,,,,,,,,,,,,,,,,,,,,,,,,,,,,,,,,,,,,,,,,,,,,,,,,,,,,,,,,,,,,,"POLYGON ((121.0238285 14.567161, 121.0237887 14.56705, 121.0239748 14.5669875, 121.0240146 14.5670985, 121.0238285 14.567161))"
,pitch,,,,,,,yes,artificial_turf,,,,,,,,,,,,,,,,,,,,,,,,,,,,,,,,,,,,,,,,,,,,,,,,,,,,,,,,,,,,,,,"POLYGON ((121.0204093 14.5761534, 121.0210716 14.5760224, 121.0208677 14.5750695, 121.0201907 14.5752056, 121.0204093 14.5761534))"
,,,,,,,,,,,,,,,,,,,,,,,,,,,,,,,"Skidmore, Owings & Merrill",,,,,,,,,,,,,,,,,,,,,,,,,,,,,,,,,,,,,,,,,"POLYGON ((121.0241609 14.5574927, 121.0242992 14.5569897, 121.0245162 14.5568283, 121.0251109 14.5564647, 121.0257889 14.5578377, 121.0258006 14.557884, 121.0257628 14.5579326, 121.0257272 14.5579536, 121.0256793 14.5579592, 121.0241609 14.5574927))"
,,,,,,,,,,,,,apartments,,,,,,,,,,,,,,,,,,,,,,,,,,,,,,,,,,,,,,,,,,,,,,,,,,,,,,,,,,,"POLYGON ((121.0221752 14.5594901, 121.022608 14.5595924, 121.0226362 14.5596215, 121.0226455 14.559656, 121.0226512 14.5597088, 121.0225291 14.5603069, 121.0225084 14.5603469, 121.0224765 14.5603669, 121.0224389 14.560376, 121.0219807 14.5602931, 121.0221752 14.5594901))"
,,,,,,,,,,,,,,,,,,,,,,,,,,,,,,,,,,,,,,,,,,,,,,,,,,,,,,,,,,,,,,,,,,,,,,,,"POLYGON ((121.0264556 14.5656594, 121.0268481 14.5666076, 121.0275812 14.5663409, 121.0271913 14.5653812, 121.0264556 14.5656594))"
,pitch,,,,,,,yes,earth,,,,,,,,,,,,,,,,,,,,,,,,,,,,,,,,,,,,,,,,,,,,,,,,,,,,,,,,,,,,,,,"POLYGON ((121.0219716 14.5480729, 121.0218137 14.5476395, 121.0223233 14.5473308, 121.0226211 14.5476483, 121.0224958 14.5477694, 121.0223425 14.5478778, 121.02213 14.5480176, 121.0219716 14.5480729))"
,pitch,,,,,,,,,,,,,,,,,,,,,,,,,,,,,,,,,,,,,,,,,,,,,,,,,,,,,,,,,,,,,,,,,,,,,,,"POLYGON ((121.0138794 14.5675093, 121.0140021 14.5674681, 121.0139283 14.5672624, 121.0138056 14.5673036, 121.0138794 14.5675093))"
,,,,,,,,,,,,,apartments,,,,,,,,,,,,,,,,,,,,,,,,,,,,,,,,,,,,,,,,,,,,,,,,,,,,,,,,,,,"POLYGON ((121.0136983 14.5670035, 121.0143822 14.5669674, 121.0144874 14.567273, 121.014582 14.567453, 121.0139741 14.5677594, 121.0138352 14.5674625, 121.0136983 14.5670035))"
,pitch,,,,,,,,,,,,,,,,,,,,,,,,,,,,,,,,,,,,,,,,,,,,,,,,,,,,,,,,,,,,,,,,,,,,,,,"POLYGON ((121.0224779 14.5472735, 121.0226885 14.5475203, 121.0228236 14.5474123, 121.0226131 14.5471655, 121.0224779 14.5472735))"
,pitch,,,,,,,,,,,,,,,,,,,,,,,,,,,,,,,,,,,,,,,,,,,,,,,,,,,,,,,,,,,,,,,,,,,,,,,"POLYGON ((121.0229312 14.5468173, 121.0232022 14.5470005, 121.0233036 14.5468602, 121.0230325 14.5466769, 121.0229312 14.5468173))"
,,,,,,,,,,,,,,,,,,,,,,,,,,,,,,,,,,,,,,,,,,,,,,,,,,,,,,,,,,,,,,,,,,,,,,,,"POLYGON ((121.0215615 14.5764529, 121.021301 14.5760975, 121.0212567 14.5759092, 121.0215155 14.5758595, 121.021638 14.5759031, 121.0228982 14.5750665, 121.0231785 14.5754656, 121.0215615 14.5764529))"
,,,,,,,,,,,,,,,,,,,,,,,,,,,,,,,,,,,,,,,,,,,,,,,,,,,,,,,,,,,,,,,,,,,,,,,,"POLYGON ((121.0286346 14.5632875, 121.0289946 14.5640079, 121.0290423 14.5641004, 121.0291017 14.5642128, 121.0291555 14.5643158, 121.029223 14.5644446, 121.0292225 14.5644516, 121.029217 14.5644567, 121.0290955 14.564518, 121.0289648 14.564578, 121.0288474 14.5646316, 121.0287137 14.5646907, 121.0284555 14.5647973, 121.0282853 14.5648644, 121.0282645 14.5648175, 121.0282369 14.5647499, 121.0282045 14.5646721, 121.0281251 14.5644744, 121.0281205 14.5644646, 121.0282468 14.5644148, 121.0284061 14.564357, 121.0285589 14.5642702, 121.0287202 14.5641761, 121.0287371 14.5641654, 121.0286239 14.5638713, 121.028462 14.5634867, 121.0284072 14.5633641, 121.0286346 14.5632875))"
,,,,,,,,,,,,,,,,,,,,,,,,,,,,,,,,,,,,,,,,,,,,,,,,,,,,,,,,,,,,,,,,,,,,,,,,"POLYGON ((121.0124232 14.5585884, 121.0120057 14.5583807, 121.0120802 14.5582453, 121.0124321 14.5583446, 121.0124657 14.5583758, 121.0124781 14.5583961, 121.0124829 14.558419, 121.0124855 14.5584459, 121.0124789 14.55847, 121.0124232 14.5585884))"
,,,,,,,,,,,,,,,,,,,,,,,,,,,,,,,,,,,,,,,,,,,,,,,,,,,,,,,,,,,,,,,,,,,,,,,,"POLYGON ((121.0105669 14.5603809, 121.0106818 14.5604406, 121.0107859 14.5602527, 121.010671 14.560193, 121.0105669 14.5603809))"
,,,,,Q37614,,,,,,,,,,,,,,,,,,,,,,,,,,,,,,,,,,,,,,,,,,,,,,,,,,yes,,,,,,,,,,,,,,,,,"POLYGON ((121.0017882 14.5554618, 121.0017066 14.5557732, 121.0018524 14.5558104, 121.0018692 14.5557506, 121.0020831 14.5558003, 121.0021053 14.5557226, 121.0019743 14.5555115, 121.0017882 14.5554618))"
,,,,,,,,,,,,,,,,,,,,,,,,,,,,,,,,,,,,,,,,,,,,,,,,,,,,,,,,,,,,,,,,,,,,,,,,"POLYGON ((121.0045282 14.5570445, 121.0046962 14.5571052, 121.0048199 14.5568835, 121.0046385 14.5567994, 121.0045282 14.5570445))"
,,,,,,,,,,,,,,,,,,,,,,,,,,,,,,,,,,,,,,,,,,,,,,,,,,,,,,,,,,,,,,,,,,,,,,,,"POLYGON ((121.0403346 14.5570625, 121.0403373 14.556881, 121.0402176 14.5568865, 121.0402246 14.5570989, 121.0403164 14.5570814, 121.0403346 14.5570625))"
,park,,,,,,,,,,,,,,,,,,,,,,,,,,,,,,,,,,,,,,,,,,,,,,,,,,,,,,,,,,,,,,,,,,,,,,,"POLYGON ((121.0312802 14.5665864, 121.0315342 14.5665644, 121.0315164 14.5662658, 121.0314472 14.5662247, 121.031385 14.5662075, 121.0312485 14.5662123, 121.0312802 14.5665864))"
,pitch,,,,,,,,concrete,,,,,,,,,,,,,,,,,,,,,,,,,,,,,,,,,,,,,,,,,,,,,,,,,,,,,,,,,,,,,,,"POLYGON ((121.0210925 14.5765068, 121.0211152 14.5765849, 121.0211293 14.5766154, 121.0211548 14.5766211, 121.0211895 14.5766159, 121.021305 14.5765284, 121.0214889 14.5764303, 121.0213172 14.5762031, 121.021189 14.576226, 121.0210616 14.5762928, 121.0209347 14.5764201, 121.0209295 14.5764622, 121.0209462 14.576481, 121.0210623 14.5764895, 121.0210925 14.5765068))"
,pitch,,,,,,,,,,,,,,,,,,,,,,,,,,,,,,,,,,,,,,,,,,,,,,,,,,,,,,,,,,,,,,,,,,,,,,,"POLYGON ((121.0199872 14.5747659, 121.02082 14.5745973, 121.020675 14.5739265, 121.0198422 14.574095, 121.0199118 14.5744172, 121.0199872 14.5747659))"
,,,,,,,,,,,,,,,,,,,,,,,,,,neighbourhood,,,,,,,,,,,,,,,,,,,,,,,,,,,,,,,,,,,,,,,,,,,,,,"POLYGON ((121.0349748 14.5492379, 121.0343502 14.5478785, 121.0327933 14.5485109, 121.0333796 14.5498875, 121.0349748 14.5492379))"
,,,,,,,,,,,,,,,,,,,,,,,,,,,,,,,,,,,,,,,,,,,,,,,,,,,,,,,,,,,,,,,,,,,,,,,,"POLYGON ((121.0086835 14.5666119, 121.0086835 14.5663867, 121.0088575 14.5663867, 121.0088575 14.5666119, 121.0086835 14.5666119))"
,park,,,,,,,,,,,,,,,,,,,,,,,,,,,,,,,,,,,,,,,,,,,,,,,,,,,,,,,,,,,,,,,,,,,,,,,"POLYGON ((121.0358795 14.5635056, 121.0358928 14.5631093, 121.0361801 14.5631106, 121.0362439 14.5631721, 121.0362026 14.5632847, 121.0360622 14.5635166, 121.0358795 14.5635056))"
,swimming_pool,,,,,,,,,,,,,,,,,,,,,,,,,,,,,,,,,,,,,,,,,,,,,,,,,,,,,,,,,,,,,,,,,,,,,,,"POLYGON ((121.0353681 14.5650613, 121.0356028 14.5650639, 121.0356068 14.5651443, 121.0355881 14.5652041, 121.0355344 14.5652612, 121.0355049 14.5652774, 121.0355054 14.5652881, 121.0355193 14.5652874, 121.0355274 14.5652949, 121.0355294 14.5653063, 121.0355264 14.5653163, 121.03552 14.5653228, 121.035511 14.565327, 121.0354972 14.565328, 121.0354858 14.5653244, 121.0354778 14.5653176, 121.0354764 14.5653085, 121.0354794 14.5653001, 121.0354865 14.5652952, 121.0354825 14.5652881, 121.0354573 14.5653001, 121.0354312 14.5653066, 121.0354322 14.5652881, 121.0354231 14.5652654, 121.0354047 14.5652397, 121.0353661 14.5652138, 121.0353681 14.5650613))"
,swimming_pool,,,,,,,,,,,,,,,,,,,,,,,,,,,,,,,,,,,,,,,,,,,,,,,,,,,,,,,Metro Manila,,,,,,,,,,,,,,,,"POLYGON ((121.0434387 14.5406623, 121.0435594 14.5406739, 121.0435666 14.5406139, 121.0434463 14.5406015, 121.0434387 14.5406623))"
,swimming_pool,,,,,,,,,,,,,,,,,,,,,,,,,,,,,,,,,,,,,,,,,,,,,,,,,,,,,,,Metro Manila,,,,,,,,,,,,,,,,"POLYGON ((121.0417673 14.5408814, 121.041856 14.540878, 121.0418539 14.5408323, 121.0417646 14.5408361, 121.0417673 14.5408814))"
,pitch,,,,,,,,,,,,,,,,,,,,,,,,,,,,,,,,,,,,,,,,,,,,,,,,,,,,,,,,,,,,,,,,,,,,,,,"POLYGON ((121.0216112 14.5762683, 121.0217212 14.5762021, 121.0215837 14.5759882, 121.0214738 14.5760544, 121.0216112 14.5762683))"
sand,,,,,,,,,,,,,,,,,,,,,,,,,,,,,,,,,,,,,,,,,bunker,,,,,,,,,,,,,,,,,,,,,,,,,,,,,,,"POLYGON ((121.0428649 14.5519037, 121.0428783 14.5519182, 121.0428853 14.5519364, 121.0428864 14.5519551, 121.0428831 14.5519718, 121.0428745 14.5519827, 121.0428649 14.5519874, 121.0428547 14.5519884, 121.0428429 14.5519837, 121.0428364 14.5519749, 121.0428348 14.5519686, 121.0428407 14.551964, 121.0428434 14.5519562, 121.0428353 14.5519536, 121.0428278 14.5519583, 121.042823 14.5519692, 121.0428219 14.5519806, 121.0428224 14.5519884, 121.0428294 14.5519998, 121.0428364 14.5520071, 121.0428375 14.5520175, 121.0428326 14.5520274, 121.0428224 14.5520362, 121.0428106 14.5520368, 121.0427983 14.5520326, 121.0427886 14.5520264, 121.0427832 14.5520175, 121.0427827 14.5520082, 121.0427902 14.5520009, 121.0427945 14.5519936, 121.0427967 14.5519858, 121.0427924 14.5519811, 121.0427816 14.5519822, 121.0427714 14.5519874, 121.0427655 14.5519952, 121.0427558 14.5520056, 121.0427515 14.5520196, 121.042751 14.552029, 121.0427537 14.5520409, 121.0427564 14.5520513, 121.042751 14.5520638, 121.0427413 14.5520716, 121.0427193 14.5520737, 121.0427027 14.5520674, 121.0426951 14.552057, 121.0426908 14.5520466, 121.0426898 14.5520352, 121.0426941 14.5520248, 121.0427005 14.552016, 121.0427086 14.5520061, 121.0427107 14.5519931, 121.0427139 14.551977, 121.0427145 14.5519608, 121.0427193 14.5519489, 121.0427241 14.551938, 121.0427381 14.5519338, 121.0427515 14.5519359, 121.0427585 14.5519411, 121.0427655 14.5519473, 121.0427703 14.5519557, 121.0427762 14.5519619, 121.0427859 14.551965, 121.0427993 14.5519619, 121.0428122 14.5519541, 121.0428187 14.5519458, 121.0428257 14.5519369, 121.0428251 14.5519276, 121.0428219 14.5519224, 121.042816 14.5519219, 121.0428112 14.5519286, 121.0428095 14.5519354, 121.0428031 14.551939, 121.0427929 14.5519401, 121.0427827 14.5519354, 121.04278 14.551925, 121.0427827 14.5519156, 121.0427886 14.5519042, 121.0427977 14.5518943, 121.0428063 14.5518901, 121.0428198 14.5518875, 121.0428353 14.5518922, 121.0428514 14.5518979, 121.0428649 14.5519037))"
sand,,,,,,,,,,,,,,,,,,,,,,,,,,,,,,,,,,,,,,,,,bunker,,,,,,,,,,,,,,,,,,,,,,,,,,,,,,,"POLYGON ((121.041929 14.5538564, 121.0419397 14.5538705, 121.0419429 14.5538866, 121.0419413 14.5538991, 121.0419381 14.5539136, 121.0419311 14.5539266, 121.0419214 14.5539406, 121.0419155 14.5539474, 121.0419102 14.5539625, 121.0419069 14.5539817, 121.0419064 14.5540004, 121.0419042 14.5540155, 121.0418994 14.5540254, 121.0418903 14.5540316, 121.0418795 14.5540337, 121.0418666 14.5540342, 121.0418559 14.5540264, 121.0418478 14.5540129, 121.0418462 14.5539989, 121.0418532 14.5539859, 121.0418602 14.5539786, 121.0418666 14.5539781, 121.0418752 14.5539765, 121.0418774 14.5539682, 121.0418752 14.5539604, 121.0418677 14.5539573, 121.0418586 14.5539578, 121.0418516 14.553964, 121.0418398 14.5539776, 121.0418312 14.5539926, 121.041829 14.5540114, 121.0418328 14.5540264, 121.0418392 14.5540441, 121.0418392 14.5540613, 121.041835 14.5540711, 121.0418269 14.55408, 121.041814 14.5540826, 121.0418038 14.5540774, 121.0417973 14.5540722, 121.0417893 14.5540774, 121.0417818 14.5540909, 121.041785 14.5541075, 121.0417973 14.554119, 121.0418038 14.5541289, 121.0418038 14.5541419, 121.0417968 14.5541533, 121.0417888 14.5541621, 121.0417818 14.5541668, 121.0417689 14.5541673, 121.041756 14.5541668, 121.0417479 14.5541611, 121.0417399 14.5541543, 121.0417388 14.5541429, 121.0417458 14.5541341, 121.0417565 14.554132, 121.0417587 14.5541216, 121.041756 14.5541107, 121.0417469 14.5541101, 121.0417372 14.5541133, 121.0417291 14.5541211, 121.0417205 14.5541185, 121.0417109 14.5541091, 121.0417103 14.5540997, 121.0417119 14.5540883, 121.0417157 14.5540779, 121.0417221 14.5540774, 121.0417313 14.5540727, 121.0417377 14.5540659, 121.0417372 14.5540571, 121.0417447 14.5540488, 121.0417528 14.5540493, 121.041764 14.5540478, 121.0417743 14.5540446, 121.0417877 14.5540405, 121.0417957 14.5540337, 121.0418038 14.5540244, 121.0418049 14.554015, 121.0418011 14.5540093, 121.0417947 14.5540088, 121.0417898 14.554015, 121.0417839 14.5540218, 121.0417743 14.5540202, 121.041764 14.5540134, 121.0417571 14.554003, 121.0417538 14.5539911, 121.0417571 14.5539802, 121.0417662 14.5539687, 121.0417828 14.5539625, 121.0417963 14.5539646, 121.041807 14.5539635, 121.0418172 14.5539588, 121.0418264 14.5539542, 121.0418344 14.5539443, 121.0418392 14.5539334, 121.0418376 14.5539266, 121.0418307 14.5539261, 121.0418247 14.5539323, 121.0418178 14.553937, 121.0418027 14.5539313, 121.0417957 14.5539193, 121.0417952 14.5539089, 121.0417984 14.5538985, 121.0418081 14.5538892, 121.0418188 14.5538824, 121.0418307 14.5538798, 121.0418425 14.5538876, 121.0418495 14.5538991, 121.0418543 14.5539089, 121.0418613 14.5539178, 121.0418699 14.5539256, 121.0418779 14.5539287, 121.0418897 14.5539276, 121.0419005 14.553923, 121.0419059 14.5539209, 121.0419134 14.5539121, 121.0419182 14.5539027, 121.0419166 14.5538949, 121.0419096 14.5538928, 121.0419042 14.5538939, 121.041901 14.5539006, 121.0418919 14.5539079, 121.0418833 14.5539089, 121.041872 14.5539032, 121.0418618 14.5538923, 121.0418629 14.5538783, 121.0418666 14.5538653, 121.0418736 14.5538538, 121.0418849 14.5538445, 121.0418989 14.5538393, 121.0419209 14.5538455, 121.041929 14.5538564))"
sand,,,,,,,,,,,,,,,,,,,,,,,,,,,,,,,,,,,,,,,,,bunker,,,,,,,,,,,,,,,,,,,,,,,,,,,,,,,"POLYGON ((121.0418537 14.5531486, 121.0418569 14.5531387, 121.0418645 14.5531315, 121.0418682 14.5531221, 121.0418639 14.5531101, 121.0418467 14.5531044, 121.041829 14.5531039, 121.0418161 14.5531107, 121.041807 14.5531278, 121.0418043 14.5531455, 121.0418054 14.5531637, 121.0418081 14.5531783, 121.0418134 14.5531913, 121.0418215 14.5532032, 121.0418258 14.5532084, 121.0418279 14.5532162, 121.0418258 14.5532256, 121.0418161 14.5532287, 121.0418086 14.5532209, 121.0417995 14.5532152, 121.0417844 14.5532178, 121.0417758 14.5532266, 121.0417731 14.5532354, 121.0417753 14.5532453, 121.0417807 14.5532536, 121.0417839 14.553264, 121.041785 14.5532734, 121.0417807 14.5532828, 121.0417748 14.5532869, 121.0417662 14.5532859, 121.0417646 14.5532802, 121.0417656 14.5532713, 121.0417646 14.5532614, 121.0417538 14.5532583, 121.0417425 14.5532614, 121.0417339 14.5532724, 121.0417296 14.5532906, 121.0417355 14.5533062, 121.0417592 14.5533301, 121.0417721 14.5533368, 121.041785 14.5533425, 121.0417995 14.5533462, 121.0418167 14.5533436, 121.0418317 14.5533358, 121.0418419 14.5533249, 121.0418462 14.5533129, 121.0418435 14.5533004, 121.0418349 14.5532947, 121.0418258 14.553288, 121.0418231 14.5532802, 121.0418285 14.5532729, 121.0418344 14.5532682, 121.0418419 14.5532672, 121.0418532 14.5532718, 121.0418596 14.5532786, 121.0418672 14.5532864, 121.0418774 14.5532906, 121.0418881 14.5532885, 121.0418962 14.5532838, 121.0418999 14.5532718, 121.041901 14.5532635, 121.0418999 14.5532521, 121.0418951 14.5532432, 121.0418876 14.5532334, 121.041879 14.5532323, 121.0418666 14.5532328, 121.0418537 14.5532292, 121.0418489 14.5532193, 121.0418494 14.5532084, 121.0418553 14.5532017, 121.0418618 14.5531985, 121.041872 14.553197, 121.0418854 14.5531965, 121.0418983 14.5531965, 121.0419085 14.5531897, 121.0419155 14.5531855, 121.0419246 14.5531736, 121.0419246 14.5531627, 121.0419219 14.5531528, 121.0419209 14.553145, 121.0419133 14.5531377, 121.0419026 14.5531325, 121.0418919 14.5531346, 121.0418822 14.5531393, 121.0418757 14.5531491, 121.041872 14.5531564, 121.0418666 14.5531601, 121.041858 14.5531601, 121.0418553 14.5531538, 121.0418537 14.5531486))"
sand,,,,,,,,,,,,,,,,,,,,,,,,,,,,,,,,,,,,,,,,,bunker,,,,,,,,,,,,,,,,,,,,,,,,,,,,,,,"POLYGON ((121.0419243 14.5547555, 121.0419314 14.5547726, 121.0419402 14.5547889, 121.0419535 14.5547966, 121.0419721 14.5547966, 121.0419889 14.5547829, 121.0419889 14.5547606, 121.0419747 14.5547452, 121.0419623 14.5547418, 121.0419508 14.5547341, 121.0419446 14.5547238, 121.0419482 14.5547118, 121.0419579 14.5547092, 121.0419694 14.5547152, 121.0419836 14.5547127, 121.0419942 14.5547015, 121.0419968 14.554681, 121.0419915 14.554663, 121.04198 14.5546416, 121.041965 14.5546279, 121.0419446 14.5546125, 121.0419243 14.5546048, 121.0419057 14.554603, 121.041888 14.5546099, 121.0418747 14.554621, 121.0418685 14.5546347, 121.0418774 14.5546484, 121.0418995 14.5546587, 121.0419137 14.5546544, 121.0419287 14.5546484, 121.0419437 14.5546484, 121.0419473 14.5546596, 121.041942 14.5546733, 121.0419287 14.5546818, 121.0419145 14.5546887, 121.0419039 14.554699, 121.0418986 14.5547118, 121.0418986 14.5547238, 121.041911 14.5547366, 121.0419199 14.5547435, 121.0419243 14.5547555))"
sand,,,,,,,,,,,,,,,,,,,,,,,,,,,,,,,,,,,,,,,,,bunker,,,,,,,,,,,,,,,,,,,,,,,,,,,,,,,"POLYGON ((121.0406962 14.5544004, 121.0407165 14.5544047, 121.0407325 14.5544184, 121.0407351 14.5544287, 121.040736 14.5544406, 121.0407422 14.5544518, 121.0407519 14.5544689, 121.040759 14.5544835, 121.0407634 14.5545057, 121.0407599 14.5545254, 121.0407502 14.5545417, 121.040736 14.5545486, 121.0407201 14.5545511, 121.0407041 14.5545451, 121.040698 14.5545357, 121.0407015 14.5545169, 121.040713 14.5545109, 121.0407227 14.5545057, 121.0407307 14.5544989, 121.0407298 14.5544878, 121.040721 14.5544895, 121.0407139 14.554492, 121.040698 14.5544878, 121.0406971 14.5544766, 121.0406997 14.5544646, 121.040705 14.5544561, 121.040705 14.5544449, 121.0406944 14.5544398, 121.0406865 14.5544501, 121.040682 14.5544595, 121.0406811 14.5544758, 121.0406865 14.5544903, 121.0406909 14.5545023, 121.0406865 14.5545152, 121.040682 14.5545271, 121.0406714 14.554534, 121.0406564 14.5545357, 121.0406422 14.5545306, 121.0406334 14.5545194, 121.0406298 14.5545074, 121.0406325 14.5544946, 121.0406396 14.5544792, 121.0406537 14.5544749, 121.0406643 14.5544689, 121.0406661 14.5544578, 121.040659 14.5544509, 121.0406431 14.5544501, 121.0406351 14.5544415, 121.040636 14.5544304, 121.0406431 14.5544167, 121.0406599 14.5544073, 121.0406767 14.5544004, 121.0406962 14.5544004))"
sand,,,,,,,,,,,,,,,,,,,,,,,,,,,,,,,,,,,,,,,,,bunker,,,,,,,,,,,,,,,,,,,,,,,,,,,,,,,"POLYGON ((121.040893 14.5542417, 121.0408984 14.5542515, 121.0408925 14.5542651, 121.0408871 14.5542775, 121.0408818 14.5542905, 121.0408764 14.5543009, 121.0408673 14.5543134, 121.0408624 14.5543269, 121.0408673 14.5543446, 121.0408775 14.554354, 121.0408871 14.5543566, 121.0408984 14.5543571, 121.0409118 14.5543534, 121.0409188 14.5543467, 121.0409231 14.5543378, 121.0409161 14.5543285, 121.0409081 14.5543181, 121.0409049 14.5543056, 121.0409054 14.5542988, 121.0409081 14.5542879, 121.0409167 14.5542864, 121.0409204 14.5542947, 121.0409242 14.5543051, 121.0409301 14.5543098, 121.0409398 14.5543103, 121.0409527 14.5543056, 121.0409575 14.5542978, 121.0409613 14.55429, 121.0409629 14.5542806, 121.0409602 14.5542703, 121.0409521 14.5542656, 121.0409376 14.5542588, 121.0409274 14.5542505, 121.0409194 14.5542396, 121.0409145 14.5542297, 121.0409129 14.5542167, 121.0409129 14.5542068, 121.0409151 14.554199, 121.0409194 14.5541933, 121.0409285 14.5541959, 121.0409285 14.5542058, 121.0409242 14.5542162, 121.0409274 14.5542224, 121.0409317 14.5542261, 121.0409382 14.5542271, 121.0409489 14.554224, 121.0409575 14.5542188, 121.0409639 14.5542073, 121.0409629 14.5541975, 121.0409591 14.5541917, 121.0409543 14.5541798, 121.0409543 14.5541699, 121.0409564 14.5541579, 121.0409623 14.5541496, 121.0409656 14.5541346, 121.040965 14.5541231, 121.0409613 14.5541122, 121.0409554 14.5541044, 121.0409451 14.5540914, 121.040928 14.5540878, 121.0409135 14.5540867, 121.0409011 14.5540909, 121.0408882 14.5540997, 121.0408823 14.5541101, 121.0408807 14.5541216, 121.0408866 14.5541314, 121.0408979 14.5541382, 121.0409097 14.5541351, 121.0409167 14.5541283, 121.0409221 14.5541184, 121.040928 14.5541153, 121.0409333 14.554119, 121.0409312 14.5541288, 121.0409269 14.5541398, 121.0409215 14.5541486, 121.0409129 14.5541538, 121.0409032 14.5541538, 121.0408909 14.5541527, 121.0408753 14.5541512, 121.0408656 14.5541527, 121.0408576 14.554159, 121.0408501 14.5541678, 121.0408452 14.5541746, 121.0408436 14.5541839, 121.0408426 14.5541902, 121.0408463 14.5541969, 121.0408533 14.5542001, 121.0408614 14.5541969, 121.0408678 14.554198, 121.0408716 14.5542021, 121.0408705 14.5542099, 121.0408667 14.5542172, 121.040856 14.5542219, 121.0408447 14.5542219, 121.0408388 14.5542266, 121.0408361 14.554238, 121.0408388 14.5542489, 121.0408399 14.5542552, 121.0408479 14.5542625, 121.0408565 14.5542682, 121.0408646 14.5542708, 121.0408726 14.5542682, 121.0408791 14.5542619, 121.0408802 14.5542531, 121.0408791 14.5542463, 121.0408802 14.5542406, 121.0408871 14.5542375, 121.040893 14.5542417))"
sand,,,,,,,,,,,,,,,,,,,,,,,,,,,,,,,,,,,,,,,,,bunker,,,,,,,,,,,,,,,,,,,,,,,,,,,,,,,"POLYGON ((121.0412247 14.5527782, 121.0412199 14.5527969, 121.0412129 14.5528172, 121.0412204 14.5528463, 121.0412355 14.5528687, 121.0412511 14.5528869, 121.0412672 14.5528952, 121.0412827 14.5528957, 121.0412967 14.5528921, 121.0413048 14.5528838, 121.0413107 14.5528786, 121.0413166 14.5528671, 121.0413139 14.5528541, 121.0413053 14.5528437, 121.0412935 14.5528391, 121.0412806 14.5528359, 121.0412656 14.5528302, 121.0412548 14.5528214, 121.0412489 14.5528079, 121.0412457 14.5527943, 121.0412478 14.5527798, 121.0412516 14.5527725, 121.0412596 14.5527694, 121.0412645 14.5527756, 121.0412688 14.5527891, 121.0412747 14.5527995, 121.0412876 14.5528063, 121.0413005 14.5528079, 121.0413118 14.5528047, 121.0413209 14.552798, 121.0413279 14.5527881, 121.0413322 14.5527751, 121.0413327 14.5527564, 121.0413273 14.5527444, 121.0413225 14.5527351, 121.0413091 14.5527294, 121.0412919 14.5527294, 121.0412779 14.5527257, 121.0412634 14.5527195, 121.041257 14.5527117, 121.0412537 14.5526976, 121.0412564 14.5526872, 121.0412613 14.5526826, 121.0412725 14.5526867, 121.0412817 14.5526945, 121.041293 14.5526982, 121.0413085 14.5526956, 121.0413182 14.5526893, 121.0413252 14.5526794, 121.0413284 14.552667, 121.0413268 14.552656, 121.0413193 14.5526446, 121.0413058 14.5526379, 121.0412908 14.5526316, 121.0412768 14.552628, 121.0412596 14.5526249, 121.0412408 14.5526197, 121.0412306 14.5526155, 121.0412183 14.5526145, 121.0412049 14.5526176, 121.0411914 14.5526233, 121.0411823 14.5526316, 121.0411699 14.5526436, 121.0411673 14.5526586, 121.0411759 14.5526737, 121.0411855 14.5526815, 121.0412011 14.552682, 121.0412135 14.5526763, 121.0412188 14.5526701, 121.041221 14.5526633, 121.0412161 14.5526576, 121.0412118 14.5526503, 121.0412161 14.5526441, 121.0412231 14.5526467, 121.0412317 14.5526534, 121.0412355 14.5526638, 121.0412355 14.5526753, 121.0412333 14.5526846, 121.0412296 14.5526961, 121.0412226 14.5527039, 121.0412129 14.5527075, 121.0411909 14.5527117, 121.0411683 14.5527096, 121.0411522 14.5527122, 121.0411425 14.552719, 121.0411297 14.5527351, 121.0411264 14.5527496, 121.041128 14.5527647, 121.041134 14.5527751, 121.0411409 14.5527808, 121.0411501 14.5527891, 121.0411619 14.5527933, 121.0411759 14.5527954, 121.0411877 14.5527917, 121.0411957 14.552785, 121.0412027 14.5527772, 121.0412054 14.5527663, 121.0412016 14.5527559, 121.0412 14.5527476, 121.0412016 14.5527408, 121.0412075 14.5527372, 121.0412161 14.5527403, 121.0412242 14.5527481, 121.0412274 14.552759, 121.0412274 14.5527689, 121.0412247 14.5527782))"
,,,,,,,,,,,,,,,,,,,,,,,,,,,,,,,,,,,,,,,,,tee,,,,,,,,,,,,,,,,,,,,,,,,,,,,,,,"POLYGON ((121.0428468 14.5527717, 121.0429116 14.5527994, 121.0429442 14.5527281, 121.0428794 14.5527004, 121.0428468 14.5527717))"
,,,,,,,,,,,,,,,,,,,,,,,,,,,,,,,,,,,,,,,,,green,,,,,,,,,,,,,,,,,,,,,,,,,,,,,,,"POLYGON ((121.041992 14.5544982, 121.0419699 14.5544982, 121.0419495 14.5545085, 121.0419292 14.5545282, 121.0419212 14.5545573, 121.0419283 14.5545779, 121.0419442 14.5545967, 121.0419779 14.5546164, 121.0419991 14.5546327, 121.0420133 14.5546524, 121.0420283 14.5546824, 121.0420363 14.554714, 121.0420478 14.5547355, 121.0420548 14.5547586, 121.0420734 14.5547757, 121.0420885 14.5547843, 121.0421141 14.5547868, 121.0421327 14.5547826, 121.0421548 14.5547706, 121.0421699 14.5547543, 121.0421814 14.5547346, 121.0421876 14.55472, 121.0421929 14.5546978, 121.0421955 14.5546738, 121.0421929 14.5546541, 121.0421867 14.5546327, 121.0421725 14.5546138, 121.0421557 14.5546053, 121.0421407 14.554601, 121.0421106 14.554589, 121.0420938 14.5545804, 121.0420708 14.5545659, 121.0420504 14.5545513, 121.0420327 14.5545333, 121.0420141 14.5545111, 121.041992 14.5544982))"
,,,,,,,,,,,,,,,,,,,,,,,,,,,,,,,,,,,,,,,,,tee,,,,,,,,,,,,,,,,,,,,,,,,,,,,,,,"POLYGON ((121.0429382 14.5526451, 121.0429962 14.5526754, 121.0430476 14.5525834, 121.0429896 14.552553, 121.0429382 14.5526451))"
sand,,,,,,,,,,,,,,,,,,,,,,,,,,,,,,,,,,,,,,,,,bunker,,,,,,,,,,,,,,,,,,,,,,,,,,,,,,,"POLYGON ((121.040351 14.5529046, 121.0403367 14.552901, 121.0403266 14.5529046, 121.0403164 14.5529121, 121.0403119 14.5529243, 121.0403135 14.5529345, 121.0403192 14.5529428, 121.040331 14.552946, 121.0403388 14.5529471, 121.0403481 14.5529487, 121.0403571 14.5529527, 121.0403632 14.5529586, 121.0403673 14.5529649, 121.0403701 14.5529716, 121.0403685 14.5529791, 121.0403628 14.552983, 121.0403551 14.5529814, 121.0403461 14.5529755, 121.0403343 14.5529735, 121.0403258 14.5529743, 121.040316 14.5529802, 121.0403127 14.5529893, 121.0403111 14.5530023, 121.0403188 14.5530153, 121.0403302 14.5530185, 121.0403404 14.5530192, 121.0403498 14.5530181, 121.040364 14.5530192, 121.0403762 14.5530248, 121.0403864 14.5530311, 121.0403933 14.5530425, 121.0403962 14.5530504, 121.0403917 14.5530602, 121.0403868 14.5530606, 121.0403807 14.5530583, 121.040375 14.55305, 121.0403665 14.5530472, 121.0403555 14.5530488, 121.0403477 14.5530547, 121.0403453 14.5530642, 121.0403424 14.553078, 121.0403449 14.5530874, 121.0403498 14.5530953, 121.0403579 14.5531016, 121.0403665 14.5531048, 121.0403738 14.5531063, 121.0403823 14.5531063, 121.0403925 14.5531048, 121.0404023 14.5531004, 121.0404092 14.5530973, 121.0404165 14.5530929, 121.0404226 14.5530866, 121.0404263 14.5530823, 121.0404271 14.5530756, 121.0404279 14.5530673, 121.0404263 14.5530579, 121.0404247 14.5530484, 121.0404259 14.5530425, 121.0404271 14.5530366, 121.0404316 14.5530303, 121.0404369 14.553024, 121.040441 14.5530169, 121.0404434 14.5530094, 121.0404418 14.5529984, 121.0404365 14.5529917, 121.0404292 14.5529858, 121.0404218 14.5529834, 121.0404173 14.552985, 121.0404145 14.5529909, 121.0404121 14.5529976, 121.0404059 14.5530015, 121.0403974 14.5529988, 121.0403933 14.5529909, 121.0403954 14.552983, 121.0403974 14.5529767, 121.0404023 14.5529716, 121.0404072 14.5529637, 121.0404116 14.5529578, 121.0404169 14.5529499, 121.0404222 14.5529412, 121.0404263 14.5529334, 121.0404292 14.5529267, 121.0404275 14.5529184, 121.0404243 14.5529089, 121.0404182 14.5529018, 121.0404104 14.5528979, 121.0404003 14.5528971, 121.0403913 14.5529014, 121.0403848 14.5529093, 121.0403864 14.5529172, 121.0403901 14.5529227, 121.0403917 14.5529274, 121.0403901 14.5529326, 121.0403844 14.5529373, 121.0403775 14.5529385, 121.0403681 14.5529369, 121.0403624 14.5529302, 121.0403644 14.5529239, 121.0403661 14.5529176, 121.0403595 14.5529089, 121.040351 14.5529046))"
,,,,,,,,,,,,,,,,,,,,,,,,,,,,,,,,,,,,,,,,,tee,,,,,,,,,,,,,,,,,,,,,,,,,,,,,,,"POLYGON ((121.0412895 14.5545599, 121.0413608 14.5545729, 121.0413803 14.5544727, 121.041309 14.5544598, 121.0412895 14.5545599))"
,,,,,,,,,,,,,,,,,,,,,,,,,,,,,,,,,,,,,,,,,green,,,,,,,,,,,,,,,,,,,,,,,,,,,,,,,"POLYGON ((121.0408191 14.5541924, 121.0408116 14.5541706, 121.0407951 14.5541503, 121.0407696 14.554146, 121.0407292 14.5541634, 121.0406962 14.5541924, 121.0406767 14.5542374, 121.0406693 14.5542809, 121.0406812 14.5543258, 121.0406947 14.5543606, 121.0407172 14.5543737, 121.0407442 14.5543925, 121.0407592 14.5544172, 121.0407711 14.5544506, 121.0407771 14.5544781, 121.0407816 14.5545013, 121.0407981 14.5545187, 121.0408161 14.5545245, 121.0408431 14.554526, 121.0408685 14.5545187, 121.0408925 14.5544955, 121.040909 14.5544636, 121.0409135 14.5544404, 121.040912 14.5544128, 121.040897 14.5543809, 121.040867 14.5543693, 121.0408521 14.5543577, 121.0408326 14.5543345, 121.0408221 14.5543113, 121.0408191 14.554291, 121.0408176 14.5542635, 121.0408221 14.5542446, 121.0408191 14.5542171, 121.0408191 14.5541924))"
,,,,,,,,,,,,,,,,,,,,,,,,,,,,,,,,,,,,,,,,,tee,,,,,,,,,,,,,,,,,,,,,,,,,,,,,,,"POLYGON ((121.0407111 14.5551559, 121.0407861 14.5551854, 121.0408283 14.5550848, 121.0407534 14.5550553, 121.0407111 14.5551559))"
,,,,,,,,,,,,,,,,,,,,,,,,,,,,,,,,,,,,,,,,,tee,,,,,,,,,,,,,,,,,,,,,,,,,,,,,,,"POLYGON ((121.0407972 14.5550032, 121.0408773 14.5550361, 121.0409615 14.5548444, 121.0408813 14.5548114, 121.0407972 14.5550032))"
sand,,,,,,,,,,,,,,,,,,,,,,,,,,,,,,,,,,,,,,,,,bunker,,,,,,,,,,,,,,,,,,,,,,,,,,,,,,,"POLYGON ((121.0420556 14.5547866, 121.0420468 14.5547915, 121.0420401 14.5547988, 121.0420361 14.5548079, 121.0420353 14.5548177, 121.0420378 14.5548272, 121.0420432 14.5548355, 121.0420516 14.5548419, 121.0420617 14.5548453, 121.0420723 14.5548452, 121.0420824 14.5548418, 121.0420906 14.5548352, 121.0420962 14.5548264, 121.0420984 14.5548163, 121.042097 14.5548061, 121.0420921 14.5547969, 121.0420848 14.5547901, 121.0420757 14.5547858, 121.0420656 14.5547846, 121.0420556 14.5547866))"
,,,,,,,,,,,,,,,,,,,,,,,,,,,,,,,,,,,,,,,,,fairway,,,,,,,,,,,,,,,,,,,,,,,,,,,,,,,"POLYGON ((121.041878 14.5516798, 121.0418373 14.5517585, 121.0418292 14.5518963, 121.0418292 14.5520143, 121.0417886 14.5521481, 121.0417642 14.5523134, 121.0417276 14.5524393, 121.0416747 14.5526164, 121.0415853 14.5528603, 121.0415243 14.5529784, 121.0414796 14.5531319, 121.0414552 14.5532853, 121.0414308 14.5534427, 121.0414023 14.5535529, 121.0413495 14.5536946, 121.0412885 14.5538598, 121.0412275 14.5540133, 121.0411652 14.5541831, 121.0411381 14.5542858, 121.0411356 14.5543622, 121.0411578 14.5544387, 121.0412047 14.5544626, 121.0412516 14.554465, 121.0412862 14.5544411, 121.0413257 14.5544076, 121.04138 14.5543742, 121.0414367 14.5543527, 121.041491 14.5543001, 121.0415157 14.554207, 121.0415256 14.5541401, 121.0415404 14.5540254, 121.0415873 14.5539227, 121.0416539 14.553765, 121.0417181 14.5535739, 121.0417749 14.5534377, 121.0417625 14.5533684, 121.0417444 14.5533253, 121.0417292 14.5533031, 121.0417275 14.5532824, 121.0417354 14.5532347, 121.0417675 14.5531893, 121.0417847 14.5531534, 121.0417946 14.5530985, 121.0418415 14.5530459, 121.0418909 14.5529958, 121.04196 14.5529169, 121.0419921 14.5527855, 121.0420241 14.5526374, 121.0420883 14.5524439, 121.0421253 14.5523651, 121.0421846 14.5522647, 121.0422191 14.5522289, 121.0422364 14.5521859, 121.0422537 14.5521477, 121.0422216 14.5520688, 121.042187 14.5519781, 121.0421895 14.5519279, 121.0422043 14.551861, 121.0422019 14.5518132, 121.0421772 14.5517631, 121.0421253 14.5517296, 121.0420636 14.5517129, 121.0419575 14.5516794, 121.041878 14.5516798))"
,,,,,,,,,,,,,,,,,,,,,,,,,,,,,,,,,,,,,,,,,fairway,,,,,,,,,,,,,,,,,,,,,,,,,,,,,,,"POLYGON ((121.0425559 14.553073, 121.0425723 14.5531117, 121.042565 14.5531592, 121.0425432 14.5532033, 121.0425377 14.553279, 121.0425486 14.553323, 121.0425213 14.5533794, 121.0424649 14.553441, 121.0423922 14.5535379, 121.0423358 14.5536523, 121.0422939 14.5537421, 121.0422284 14.553839, 121.0421902 14.5538883, 121.0421666 14.553964, 121.0421629 14.5540168, 121.0421629 14.5540802, 121.0421629 14.5541225, 121.0421466 14.5541648, 121.0420884 14.5542035, 121.0420277 14.554227, 121.0419967 14.5542334, 121.0419735 14.5542516, 121.0419437 14.5542858, 121.0419327 14.5543425, 121.0419426 14.5543906, 121.041968 14.5544301, 121.0420022 14.5544558, 121.0420221 14.5544793, 121.0420464 14.5545039, 121.042074 14.5545371, 121.0421105 14.5545691, 121.0421171 14.554583, 121.0421106 14.554589, 121.0420938 14.5545804, 121.0420708 14.5545659, 121.0420504 14.5545513, 121.0420327 14.5545333, 121.0420141 14.5545111, 121.041992 14.5544982, 121.0419699 14.5544982, 121.0419495 14.5545085, 121.0419292 14.5545282, 121.0419212 14.5545573, 121.0419283 14.5545779, 121.0419051 14.5545755, 121.0418752 14.5545499, 121.0418454 14.5545317, 121.0418178 14.5544954, 121.0418045 14.5544708, 121.0418001 14.554428, 121.0418067 14.5543746, 121.0418255 14.5543275, 121.0418178 14.5542751, 121.0418134 14.5542217, 121.0418255 14.5541618, 121.0418498 14.5541019, 121.0418719 14.554056, 121.0419017 14.5540335, 121.0419161 14.5540036, 121.0419227 14.5539683, 121.0419448 14.5539245, 121.0419525 14.5538892, 121.0419426 14.5538582, 121.0419194 14.5538261, 121.0419006 14.5538069, 121.0418973 14.5537748, 121.0419216 14.5537395, 121.0419625 14.553701, 121.0419691 14.5536679, 121.0419791 14.5536315, 121.0420022 14.5535963, 121.0420343 14.5535674, 121.042063 14.5535417, 121.0420939 14.5535172, 121.0421182 14.5534861, 121.0421193 14.5534562, 121.0421171 14.5534049, 121.0421304 14.5533461, 121.0421503 14.5533076, 121.0422088 14.5532916, 121.0422386 14.5532445, 121.0422519 14.5532071, 121.0422718 14.5531772, 121.0422972 14.5531547, 121.0423347 14.5531291, 121.04238 14.553112, 121.0424131 14.5531002, 121.0424474 14.5530799, 121.0424728 14.5530692, 121.0425236 14.5530564, 121.0425559 14.553073))"
,,,,,,,,,,,,,,,,,,,,,,,,,,,,,,,,,,,,,,,,,tee,,,,,,,,,,,,,,,,,,,,,,,,,,,,,,,"POLYGON ((121.0435773 14.5497677, 121.043648 14.5497815, 121.0436658 14.549696, 121.0435951 14.5496823, 121.0435773 14.5497677))"
,,,,,,,,,,,,,,,,,,,,,,,,,,,,,,,,,,,,,,,,,tee,,,,,,,,,,,,,,,,,,,,,,,,,,,,,,,"POLYGON ((121.0436414 14.549576, 121.0437109 14.5495873, 121.0437323 14.5494643, 121.0436629 14.549453, 121.0436414 14.549576))"
,,,,,,,,,,,,,,,,,,,,,,,,,,,,,,,,,,,,,,,,,tee,,,,,,,,,,,,,,,,,,,,,,,,,,,,,,,"POLYGON ((121.0436824 14.549422, 121.0437493 14.5494341, 121.0437672 14.5493413, 121.0437003 14.5493292, 121.0436824 14.549422))"
,,,,,,,,,,,,,,,,,,,,,,,,,,,,,,,,,,,,,,,,,fairway,,,,,,,,,,,,,,,,,,,,,,,,,,,,,,,"POLYGON ((121.0435209 14.5503731, 121.0434864 14.550352, 121.0434373 14.5503485, 121.0433918 14.5503766, 121.0433499 14.5504312, 121.0433117 14.5505175, 121.0432808 14.5506232, 121.0432699 14.5507024, 121.0432389 14.5507905, 121.0432098 14.5508609, 121.0431625 14.550919, 121.0430952 14.5510229, 121.0430679 14.5510705, 121.0430479 14.5511339, 121.0430625 14.5511673, 121.0430861 14.5511814, 121.0431443 14.5511849, 121.0431789 14.5511656, 121.0432007 14.5511391, 121.0432171 14.551081, 121.043228 14.551044, 121.0432389 14.5510018, 121.0432499 14.5509718, 121.0432717 14.5509507, 121.0433044 14.5509578, 121.0433008 14.551, 121.0432826 14.551037, 121.0432553 14.5510898, 121.0432244 14.5511532, 121.0431825 14.5512061, 121.0431152 14.5512483, 121.0430679 14.5512976, 121.0430279 14.5513786, 121.0430097 14.5514632, 121.0429952 14.5515178, 121.0429879 14.5515723, 121.0429697 14.5516252, 121.0429351 14.5516798, 121.0428733 14.5517449, 121.0428369 14.5517889, 121.0428351 14.5518365, 121.0428605 14.5518647, 121.0428915 14.551877, 121.0429224 14.5519087, 121.0429242 14.551958, 121.0429002 14.5520134, 121.0429257 14.5520222, 121.0429348 14.5520433, 121.0429439 14.5520627, 121.0429384 14.5520962, 121.0429442 14.5521165, 121.042977 14.5521182, 121.0430079 14.5521112, 121.0430243 14.5520496, 121.043037 14.5520003, 121.0430643 14.5519527, 121.0430752 14.5518928, 121.0430916 14.5518365, 121.0430934 14.5517819, 121.0430843 14.5517326, 121.0431007 14.551678, 121.0431225 14.5516269, 121.0431571 14.551597, 121.0431898 14.5515671, 121.0432026 14.5515301, 121.0432262 14.5514843, 121.043259 14.5514667, 121.0432881 14.551435, 121.0433208 14.5513786, 121.0433499 14.551354, 121.0433918 14.5513311, 121.0434154 14.5512783, 121.0434518 14.5512378, 121.0434773 14.5511691, 121.0434791 14.5511198, 121.0434882 14.5510634, 121.04349 14.551, 121.0435046 14.5509137, 121.0435009 14.5508451, 121.0435118 14.5507781, 121.0435246 14.5507235, 121.0435337 14.5506848, 121.043541 14.5506285, 121.0435555 14.550558, 121.0435555 14.5505087, 121.0435537 14.5504612, 121.0435482 14.5504066, 121.0435209 14.5503731))"
sand,,,,,,,,,,,,,,,,,,,,,,,,,,,,,,,,,,,,,,,,,bunker,,,,,,,,,,,,,,,,,,,,,,,,,,,,,,,"POLYGON ((121.043274 14.5514921, 121.0432519 14.5514899, 121.0432353 14.5514953, 121.0432221 14.5515081, 121.0432176 14.5515295, 121.043221 14.5515434, 121.0432375 14.5515509, 121.043253 14.5515466, 121.0432662 14.5515359, 121.0432828 14.551537, 121.0432828 14.551553, 121.0432685 14.5515584, 121.0432519 14.5515637, 121.0432364 14.5515787, 121.043221 14.5515958, 121.0431989 14.5516097, 121.0431779 14.5516172, 121.0431602 14.5516417, 121.0431657 14.5516578, 121.0431801 14.5516717, 121.0432011 14.5516728, 121.0432141 14.5516635, 121.0432175 14.5516506, 121.0432202 14.5516343, 121.0432289 14.5516324, 121.0432396 14.5516298, 121.0432443 14.5516389, 121.0432403 14.5516486, 121.0432349 14.5516603, 121.0432369 14.5516726, 121.043243 14.5516778, 121.0432577 14.5516804, 121.0432705 14.5516707, 121.0432805 14.5516609, 121.0432879 14.5516421, 121.0433 14.5516272, 121.0433033 14.5516006, 121.0433114 14.5515954, 121.0433221 14.5515792, 121.0433281 14.5515629, 121.0433315 14.5515441, 121.0433315 14.5515311, 121.0433201 14.5515149, 121.0432973 14.551498, 121.043274 14.5514921))"
,,,,,,,,,,,,,,,,,,,,,,,,,,,,,,,,,,,,,,,,,green,,,,,,,,,,,,,,,,,,,,,,,,,,,,,,,"POLYGON ((121.0422622 14.5510887, 121.0422862 14.5511119, 121.0423176 14.5511206, 121.0423536 14.5511264, 121.0423791 14.5511467, 121.0424045 14.5511742, 121.042418 14.5512047, 121.0424075 14.5512279, 121.0423671 14.5512439, 121.0422966 14.5512743, 121.0422577 14.5512845, 121.0422262 14.5512671, 121.0421963 14.5512468, 121.0421678 14.5512265, 121.0421258 14.5511946, 121.0421153 14.5511496, 121.0421198 14.551109, 121.0421678 14.5510727, 121.0422067 14.5510626, 121.0422367 14.5510684, 121.0422622 14.5510887))"
,,,,,,,,,,,,,,,,,,,,,,,,,,,,,,,,,,,,,,,,,fairway,,,,,,,,,,,,,,,,,,,,,,,,,,,,,,,"POLYGON ((121.0424405 14.5511423, 121.0424735 14.5511771, 121.0424974 14.5511975, 121.0425394 14.5512134, 121.0425843 14.5512294, 121.0426173 14.5512453, 121.0426353 14.5512685, 121.0426548 14.5513062, 121.0426593 14.5513541, 121.0426503 14.5513874, 121.0426218 14.5514237, 121.0425873 14.5514629, 121.0425783 14.5515209, 121.0425694 14.5515571, 121.0425783 14.5516079, 121.0425709 14.5516587, 121.0425589 14.5517123, 121.0425469 14.5517428, 121.0425139 14.5517892, 121.0424884 14.5518167, 121.0424615 14.5518225, 121.0424195 14.5518167, 121.0423851 14.5518008, 121.0423656 14.5517892, 121.0423431 14.5517573, 121.0423206 14.5517225, 121.0423011 14.5516732, 121.0422577 14.5516442, 121.0422187 14.5516282, 121.0421648 14.5515992, 121.0421453 14.5515731, 121.0421228 14.5515252, 121.0421243 14.5514658, 121.0421843 14.5514121, 121.0422412 14.5513874, 121.0423026 14.5513628, 121.0423056 14.551341, 121.0422937 14.5513106, 121.0422577 14.5512845, 121.0422966 14.5512743, 121.0423671 14.5512439, 121.0424075 14.5512279, 121.042418 14.5512047, 121.0424045 14.5511742, 121.0423791 14.5511467, 121.0424405 14.5511423))"
sand,,,,,,,,,,,,,,,,,,,,,,,,,,,,,,,,,,,,,,,,,bunker,,,,,,,,,,,,,,,,,,,,,,,,,,,,,,,"POLYGON ((121.0421132 14.5512702, 121.0421221 14.5512696, 121.0421304 14.5512665, 121.0421373 14.551261, 121.042142 14.5512536, 121.0421442 14.5512453, 121.0421436 14.5512367, 121.0421398 14.5512279, 121.0421331 14.5512209, 121.0421244 14.5512166, 121.0421147 14.5512154, 121.0421051 14.5512174, 121.0420968 14.5512225, 121.0420908 14.55123, 121.0420878 14.5512391, 121.0420882 14.5512486, 121.0420914 14.5512566, 121.042097 14.5512633, 121.0421045 14.551268, 121.0421132 14.5512702))"
sand,,,,,,,,,,,,,,,,,,,,,,,,,,,,,,,,,,,,,,,,,bunker,,,,,,,,,,,,,,,,,,,,,,,,,,,,,,,"POLYGON ((121.042186 14.5512733, 121.0421711 14.5512696, 121.0421496 14.5512792, 121.0421363 14.551291, 121.0421297 14.5513049, 121.042127 14.5513236, 121.0421303 14.5513364, 121.0421358 14.5513492, 121.0421452 14.5513573, 121.0421518 14.5513621, 121.0421645 14.5513653, 121.0421778 14.5513669, 121.042196 14.5513631, 121.042212 14.5513567, 121.0422242 14.5513471, 121.0422302 14.5513386, 121.0422374 14.5513327, 121.0422457 14.5513193, 121.0422507 14.5513124, 121.0422512 14.5513027, 121.0422462 14.5512921, 121.042233 14.5512819, 121.0422159 14.551284, 121.0422059 14.5512942, 121.0422054 14.5513033, 121.042201 14.5513124, 121.042196 14.5513188, 121.0421872 14.5513193, 121.0421822 14.5513156, 121.0421827 14.551307, 121.0421877 14.5513033, 121.0421954 14.551299, 121.0421987 14.5512921, 121.0421987 14.5512835, 121.0421943 14.5512776, 121.042186 14.5512733))"
,,,,,,,,,,,,,,,,,,,,,,,,,,,,,,,,,,,,,,,,,tee,,,,,,,,,,,,,,,,,,,,,,,,,,,,,,,"POLYGON ((121.0406035 14.5517545, 121.0406559 14.5517357, 121.0406265 14.551659, 121.0405741 14.5516778, 121.0406035 14.5517545))"
,,,,,,,,,,,,,,,,,,,,,,,,,,,,,,,,,,,,,,,,,fairway,,,,,,,,,,,,,,,,,,,,,,,,,,,,,,,"POLYGON ((121.040808 14.5518069, 121.0407512 14.5517878, 121.0406994 14.5518165, 121.0406673 14.5518786, 121.0406895 14.551967, 121.0407068 14.5520315, 121.040734 14.5521461, 121.0407759 14.5522537, 121.0408204 14.552354, 121.0408623 14.5524328, 121.040887 14.5525284, 121.0409092 14.552612, 121.0409166 14.5526789, 121.0409141 14.5527529, 121.0408993 14.5528485, 121.0409092 14.552913, 121.0409339 14.5529966, 121.0409364 14.5530755, 121.040924 14.5531615, 121.0409092 14.5532522, 121.0409067 14.5533502, 121.0408919 14.5534648, 121.0408697 14.5535747, 121.0408574 14.5536584, 121.0408129 14.5537467, 121.0407636 14.5538208, 121.0407315 14.5538757, 121.0407266 14.553945, 121.0407044 14.5540048, 121.0407044 14.5540597, 121.0406994 14.5541075, 121.040692 14.5541505, 121.0407241 14.5541433, 121.0407759 14.5541075, 121.0408253 14.5540812, 121.0408648 14.5540693, 121.040924 14.5540525, 121.0409734 14.5540239, 121.0410227 14.553988, 121.0410326 14.5538805, 121.0410499 14.5538136, 121.041082 14.5537611, 121.0411042 14.5537085, 121.0411239 14.5536345, 121.0411338 14.5535246, 121.0411511 14.5534386, 121.0411733 14.5533765, 121.0411832 14.5533263, 121.0412029 14.5532594, 121.0412029 14.5532045, 121.0412177 14.5531591, 121.0412054 14.5530587, 121.041198 14.5529536, 121.0411733 14.5528796, 121.0411536 14.5528389, 121.0411319 14.5527876, 121.0411165 14.5527365, 121.0411192 14.5527154, 121.0411374 14.5526687, 121.0411553 14.5526318, 121.0411972 14.552584, 121.0412194 14.5525362, 121.0412194 14.5525099, 121.0411898 14.5524383, 121.0411651 14.552369, 121.0411306 14.5522639, 121.0410936 14.5521898, 121.0410368 14.5521253, 121.0410195 14.5520441, 121.0409702 14.5519461, 121.0409208 14.5518864, 121.040864 14.5518339, 121.040808 14.5518069))"
,,,,,,,,,,,,,,,,,,,,,,,,,,,,,,,,,,,,,,,,,tee,,,,,,,,,,,,,,,,,,,,,,,,,,,,,,,"POLYGON ((121.0414372 14.5525084, 121.0415183 14.5524876, 121.0414819 14.5523549, 121.0414008 14.5523758, 121.0414372 14.5525084))"
,,,,,,,,,,,,,,,,,,,,,,,,,,,,,,,,,,,,,,,,,tee,,,,,,,,,,,,,,,,,,,,,,,,,,,,,,,"POLYGON ((121.0414742 14.5522482, 121.0415594 14.5522204, 121.0415116 14.5520832, 121.0414264 14.5521109, 121.0414742 14.5522482))"
,,,,,,,,,,,,,,,,,,,,,,,,,,,,,,,,,,,,,,,,,tee,,,,,,,,,,,,,,,,,,,,,,,,,,,,,,,"POLYGON ((121.0415093 14.5520307, 121.0415966 14.5519961, 121.0415435 14.5518705, 121.0414562 14.551905, 121.0415093 14.5520307))"
,park,,,,,,,,,,,,,,,,,,,,,,,,,,,,,,,,,,,,,,,,,,,,,,,,,,,,,,,,,,,,,,,,,,,,,,,"POLYGON ((121.0451079 14.5457715, 121.0453148 14.5451532, 121.0454567 14.5451945, 121.0453788 14.545403, 121.0450932 14.5461975, 121.0450767 14.5462591, 121.044998 14.546514, 121.0450453 14.5465722, 121.0449371 14.5468657, 121.0448931 14.5469102, 121.0448544 14.5469517, 121.0448176 14.5470145, 121.0447339 14.5472369, 121.0446784 14.5474225, 121.0446294 14.5475916, 121.0445733 14.5478177, 121.0442261 14.5485691, 121.0440352 14.5490847, 121.0439895 14.5492228, 121.043907 14.5495663, 121.0438601 14.549906, 121.0438453 14.5500767, 121.0438351 14.550206, 121.0438304 14.5503504, 121.0441622 14.5503957, 121.0441206 14.5504136, 121.0438282 14.5503756, 121.0437259 14.551264, 121.043635 14.5515521, 121.0435546 14.5518228, 121.0434977 14.5520517, 121.0434756 14.552161, 121.0434379 14.5522918, 121.0433577 14.5525314, 121.0432401 14.5528496, 121.0431516 14.5531821, 121.0430031 14.5536389, 121.0428737 14.5540102, 121.0425587 14.5544459, 121.0425083 14.5543893, 121.0426589 14.5541687, 121.0428042 14.5539386, 121.0429267 14.5535483, 121.0429894 14.5533298, 121.0430551 14.5531124, 121.0430953 14.5529957, 121.0431245 14.5528898, 121.0431708 14.5527253, 121.0433163 14.5521494, 121.0435761 14.5512896, 121.0437118 14.5498251, 121.0437644 14.5496348, 121.0439314 14.549085, 121.0442524 14.5481128, 121.0443131 14.5479517, 121.0447482 14.5467858, 121.0451079 14.5457715))"
,,,,,,,,,,,,,,,,,,,,,,,,,,,,,,,,,,,,,,,,,tee,,,,,,,,,,,,,,,,,,,,,,,,,,,,,,,"POLYGON ((121.0426727 14.5510295, 121.0427766 14.5510599, 121.0428191 14.550924, 121.0427153 14.5508935, 121.0426727 14.5510295))"
,,,,,,,,,,,,,,,,,,,,,,,,,,,,,,,,,,,,,,,,,tee,,,,,,,,,,,,,,,,,,,,,,,,,,,,,,,"POLYGON ((121.0427743 14.5508177, 121.0428832 14.5508557, 121.0429636 14.55064, 121.0428546 14.550602, 121.0427743 14.5508177))"
,,,,,,,,,,,,,,,,,,,,,,,,,,,,,,,,,,,,,,,,,fairway,,,,,,,,,,,,,,,,,,,,,,,,,,,,,,,"POLYGON ((121.0430383 14.550259, 121.0430704 14.550271, 121.0431 14.550259, 121.0431247 14.5502304, 121.0431345 14.5501945, 121.0431345 14.5501754, 121.0431197 14.5501324, 121.0431074 14.5501085, 121.0431123 14.5500823, 121.0431247 14.5500631, 121.0431494 14.550056, 121.0431814 14.5500655, 121.0432135 14.5500846, 121.0432481 14.5500823, 121.0432826 14.5500655, 121.0433024 14.550044, 121.0433166 14.5500149, 121.0433166 14.5499975, 121.0433047 14.549983, 121.0432927 14.5499671, 121.0432837 14.5499439, 121.0432777 14.5499192, 121.0432807 14.5498917, 121.0432927 14.5498742, 121.0433151 14.5498597, 121.0433301 14.5498554, 121.0433541 14.5498394, 121.0433826 14.5498104, 121.043405 14.5497698, 121.043414 14.5497205, 121.0434275 14.5496756, 121.0434335 14.549632, 121.043429 14.5496117, 121.043417 14.5495856, 121.0434021 14.5495798, 121.0433751 14.5495798, 121.0433496 14.5496001, 121.0433166 14.5496364, 121.0432837 14.5496683, 121.0432552 14.5496872, 121.0432192 14.5497031, 121.0431923 14.549722, 121.0431593 14.549751, 121.0431533 14.5497974, 121.0431533 14.5498742, 121.0431548 14.5499018, 121.0431503 14.5499323, 121.0431323 14.5499555, 121.0430964 14.549983, 121.0430679 14.5500164, 121.0430469 14.5500497, 121.0430319 14.5500831, 121.0430155 14.5501353, 121.0430125 14.5501687, 121.043011 14.5501991, 121.043014 14.5502281, 121.0430383 14.550259))"
,,,,,,,,,,,,,,,,,,,,,,,,,,,,,,,,,,,,,,,,,green,,,,,,,,,,,,,,,,,,,,,,,,,,,,,,,"POLYGON ((121.043483 14.5491563, 121.043453 14.5491317, 121.0434245 14.5491215, 121.0433826 14.5491259, 121.0433496 14.5491447, 121.0433241 14.549194, 121.0433316 14.5492303, 121.0433526 14.5492767, 121.0433601 14.5493188, 121.0433406 14.549355, 121.0433331 14.5493956, 121.0433511 14.5494319, 121.0433766 14.5494507, 121.0434125 14.5494565, 121.0434455 14.5494435, 121.0434575 14.5494101, 121.0434665 14.5493594, 121.0434755 14.5493144, 121.043489 14.5492738, 121.0435054 14.5492491, 121.0435129 14.5492216, 121.0435024 14.5491795, 121.043483 14.5491563))"
,,,,,,,,,,,,,,,,,,,,,,,,,,,,,,,,,,,,,,,,,tee,,,,,,,,,,,,,,,,,,,,,,,,,,,,,,,"POLYGON ((121.0437269 14.5492714, 121.0438039 14.5492846, 121.0438247 14.5491706, 121.0437477 14.5491574, 121.0437269 14.5492714))"
,,,,,,,,,,,,,,,,,,,,,,,,,,,,,,,,,,,,,,,,,fairway,,,,,,,,,,,,,,,,,,,,,,,,,,,,,,,"POLYGON ((121.0435035 14.5490138, 121.0435229 14.5490428, 121.0435514 14.5490616, 121.0435829 14.5490733, 121.0436143 14.5490762, 121.0436428 14.5490689, 121.0436788 14.5490471, 121.0437057 14.5490109, 121.0437147 14.5489659, 121.0437162 14.5489268, 121.0437087 14.5488963, 121.0437013 14.5488571, 121.0437072 14.5488238, 121.0437297 14.5487919, 121.0437492 14.5487498, 121.0437627 14.5487179, 121.0437747 14.5486918, 121.0437912 14.5486744, 121.0438196 14.5486657, 121.0438646 14.548657, 121.043911 14.5486323, 121.043956 14.5485859, 121.0439874 14.5485192, 121.0440279 14.5484104, 121.0440654 14.5483249, 121.0440923 14.5482567, 121.0441058 14.5482001, 121.0441058 14.5481479, 121.0441103 14.5480566, 121.0441178 14.5479724, 121.0441358 14.5479362, 121.0441613 14.5478883, 121.0442272 14.5478085, 121.0442572 14.5477592, 121.0442991 14.5476925, 121.0443051 14.5476534, 121.0443066 14.5476171, 121.0443366 14.5475533, 121.044365 14.5474967, 121.0443965 14.5474373, 121.0444055 14.5473908, 121.0444355 14.5473111, 121.0444699 14.5472328, 121.0444834 14.5471675, 121.0444744 14.5471356, 121.0444535 14.5470964, 121.0444145 14.547079, 121.04438 14.5470703, 121.0443171 14.5470805, 121.0442691 14.5471037, 121.0442047 14.5471979, 121.0441568 14.5472893, 121.0441238 14.5473473, 121.0440564 14.5474271, 121.0440039 14.5474721, 121.0439485 14.5475083, 121.043917 14.547546, 121.0438945 14.5475895, 121.043893 14.5476447, 121.043905 14.5476867, 121.043917 14.5477302, 121.043917 14.5477737, 121.043899 14.5478216, 121.0438811 14.5478811, 121.0438646 14.5479275, 121.0438376 14.5479797, 121.0438016 14.5480159, 121.0437882 14.5480551, 121.0437747 14.5481015, 121.0437687 14.5481668, 121.0437627 14.5482204, 121.0437342 14.5483075, 121.0437043 14.5483698, 121.0436563 14.5484511, 121.0436099 14.5485149, 121.0436009 14.548554, 121.0435874 14.5486454, 121.0435649 14.5487382, 121.0435409 14.5488049, 121.0435229 14.5488891, 121.0435065 14.5489543, 121.0435035 14.5490138))"
,,,,,,,,,,,,,,,,,,,,,,,,,,,,,,,,,,,,,,,,,tee,,,,,,,,,,,,,,,,,,,,,,,,,,,,,,,"POLYGON ((121.0448645 14.5460469, 121.0449259 14.546066, 121.0449572 14.5459717, 121.0448958 14.5459526, 121.0448645 14.5460469))"
,,,,,,,,,,,,,,,,,,,,,,,,,,,,,,,,,,,,,,,,,tee,,,,,,,,,,,,,,,,,,,,,,,,,,,,,,,"POLYGON ((121.0447827 14.5462091, 121.0448522 14.5462324, 121.0448828 14.5461468, 121.0448133 14.5461235, 121.0447827 14.5462091))"
,,,,,,,,,,,,,,,,,,,,,,,,,,,,,,,,,,,,,,,,,tee,,,,,,,,,,,,,,,,,,,,,,,,,,,,,,,"POLYGON ((121.0447238 14.5463507, 121.0448142 14.5463791, 121.0448425 14.5462947, 121.0447522 14.5462663, 121.0447238 14.5463507))"
,,,,,,,,,,,,,,,,,,,,,,,,,,,,,,,,,,,,,,,,,tee,,,,,,,,,,,,,,,,,,,,,,,,,,,,,,,"POLYGON ((121.0446505 14.5465146, 121.0447266 14.5465387, 121.0447585 14.5464442, 121.0446824 14.5464201, 121.0446505 14.5465146))"
,,,,,,,,,,,,,,,,,,,,,,,,,,,,,,,,,,,,,,,,,green,,,,,,,,,,,,,,,,,,,,,,,,,,,,,,,"POLYGON ((121.04439 14.5457501, 121.044351 14.5457603, 121.044318 14.5457835, 121.0442851 14.5458313, 121.0442626 14.5458748, 121.0442671 14.5459184, 121.0442911 14.5459677, 121.0443195 14.5459981, 121.0443615 14.5460329, 121.0443945 14.5460416, 121.0444334 14.5460416, 121.0444574 14.5460286, 121.0444844 14.5459938, 121.0444919 14.545959, 121.0444949 14.5459213, 121.0444814 14.5458734, 121.0444529 14.5458255, 121.0444334 14.5457878, 121.0444109 14.5457603, 121.04439 14.5457501))"
,,,,,,,,,,,,,,,,,,,,,,,,,,,,,,,,,,,,,,,,,fairway,,,,,,,,,,,,,,,,,,,,,,,,,,,,,,,"POLYGON ((121.0442042 14.5460619, 121.0442371 14.5460387, 121.0442791 14.5460184, 121.0442956 14.5460112, 121.0443195 14.5459981, 121.0443615 14.5460329, 121.0443945 14.5460416, 121.0444334 14.5460416, 121.0444574 14.5460286, 121.0444844 14.5459938, 121.0444919 14.545959, 121.0444949 14.5459213, 121.0445233 14.5459488, 121.0445443 14.5459807, 121.0445458 14.5460242, 121.0445143 14.546059, 121.0444889 14.5460822, 121.0444349 14.5461185, 121.0444319 14.5461722, 121.0444484 14.5461968, 121.0444679 14.5462244, 121.0444784 14.5462577, 121.0444739 14.5462897, 121.0444469 14.5463288, 121.0443975 14.5463535, 121.0443585 14.5463926, 121.0443345 14.546439, 121.04433 14.5464985, 121.0443345 14.5465493, 121.0443255 14.5465899, 121.0442926 14.5466377, 121.0442671 14.5466972, 121.0442431 14.5467581, 121.0442087 14.5468234, 121.0441397 14.5468829, 121.0440618 14.5469481, 121.0440094 14.5469902, 121.0439629 14.5470424, 121.0439359 14.5470975, 121.0439135 14.5471613, 121.0438835 14.5472048, 121.0438101 14.5472628, 121.0437516 14.5473122, 121.0437067 14.5473586, 121.0436617 14.547389, 121.0436243 14.5474412, 121.0436003 14.5474964, 121.0435778 14.5475471, 121.0435539 14.547608, 121.0435254 14.5476791, 121.0434969 14.5477299, 121.0434759 14.5477835, 121.0434625 14.5478502, 121.043455 14.5478938, 121.0434355 14.5479547, 121.0434115 14.548004, 121.043374 14.5480562, 121.0433681 14.5481171, 121.0433591 14.5481911, 121.0433456 14.5482607, 121.0433546 14.5483129, 121.0433546 14.5483724, 121.0433486 14.548426, 121.0433396 14.5484666, 121.0433186 14.5485015, 121.0432811 14.5485348, 121.0432302 14.5485522, 121.0431853 14.548545, 121.0431373 14.5485131, 121.0431088 14.5484724, 121.0430909 14.5484115, 121.0430968 14.5483405, 121.0431133 14.5482607, 121.0431268 14.5481766, 121.0431373 14.5481229, 121.0431628 14.5480533, 121.0431688 14.5480011, 121.0431508 14.5479547, 121.0431343 14.5479141, 121.0431193 14.5478705, 121.0431193 14.5478357, 121.0431283 14.5477835, 121.0431553 14.5477284, 121.0431912 14.5476864, 121.0432107 14.5476486, 121.0432572 14.5475848, 121.0432916 14.54755, 121.0433216 14.547521, 121.0433531 14.5475007, 121.043377 14.547476, 121.043395 14.5474325, 121.043407 14.5474021, 121.0434295 14.5473818, 121.0434535 14.5473586, 121.0434655 14.5473194, 121.0434789 14.5472454, 121.043513 14.5471884, 121.043553 14.5471217, 121.043588 14.5470769, 121.0436409 14.5470267, 121.0437006 14.5469828, 121.0437631 14.5469489, 121.0438129 14.5469132, 121.0438445 14.5468755, 121.043873 14.5468193, 121.0438979 14.5467399, 121.04393 14.5466634, 121.0439369 14.5466093, 121.0439357 14.5465555, 121.0439536 14.5465099, 121.0439762 14.5464667, 121.0440107 14.5464428, 121.0440579 14.5464293, 121.0441067 14.5464234, 121.0441417 14.5464147, 121.0441694 14.5463924, 121.0441944 14.5463511, 121.0442005 14.5463225, 121.0442035 14.5463045, 121.0442074 14.5462899, 121.0441992 14.5462563, 121.0441772 14.5462157, 121.0441709 14.5461662, 121.0441842 14.5461008, 121.0442042 14.5460619))"
,,,,,,,,,,,,,,,,,,,,,,,,,,,,,,,,,,,,,,,,,tee,,,,,,,,,,,,,,,,,,,,,,,,,,,,,,,"POLYGON ((121.0430619 14.5524528, 121.0431449 14.552488, 121.0431924 14.5523831, 121.0431094 14.5523479, 121.0430619 14.5524528))"
,,,,,,,,,,,,,,,,,,,,,,,,,,,,,,,,,,,,,,,,,green,,,,,,,,,,,,,,,,,,,,,,,,,,,,,,,"POLYGON ((121.0426584 14.5503154, 121.0426519 14.5502902, 121.0426259 14.550265, 121.0425949 14.5502618, 121.0425689 14.5502713, 121.0425412 14.5502871, 121.0425265 14.5503202, 121.0425119 14.550347, 121.0425005 14.5503895, 121.0424744 14.5504163, 121.0424516 14.5504289, 121.0424223 14.5504478, 121.0424125 14.5504794, 121.042406 14.5505062, 121.0424125 14.5505314, 121.0424304 14.5505519, 121.0424402 14.5505645, 121.0424565 14.5505723, 121.042476 14.5505787, 121.0425005 14.5505834, 121.0425233 14.5505787, 121.0425542 14.5505723, 121.04259 14.5505534, 121.0426145 14.5505329, 121.0426454 14.5505077, 121.04266 14.5504746, 121.0426666 14.5504478, 121.0426698 14.5504226, 121.0426747 14.5503879, 121.0426698 14.5503501, 121.0426584 14.5503154))"
,,,,,,,,,,,,,,,,,,,,,,,,,,,,,,,,,,,,,,,,,tee,,,,,,,,,,,,,,,,,,,,,,,,,,,,,,,"POLYGON ((121.0427922 14.5500489, 121.0429475 14.5500626, 121.0429562 14.5499702, 121.0428009 14.5499565, 121.0427922 14.5500489))"
,,,,,,,,,,,,,,,,,,,,,,,,,,,,,,,,,,,,,,,,,tee,,,,,,,,,,,,,,,,,,,,,,,,,,,,,,,"POLYGON ((121.0426203 14.5500339, 121.0427195 14.5500437, 121.0427295 14.5499489, 121.0426303 14.5499391, 121.0426203 14.5500339))"
,,,,,,,,,,,,,,,,,,,,,,,,,,,,,,,,,,,,,,,,,tee,,,,,,,,,,,,,,,,,,,,,,,,,,,,,,,"POLYGON ((121.0424484 14.5499978, 121.0425462 14.5500087, 121.0425604 14.5498892, 121.0424626 14.5498783, 121.0424484 14.5499978))"
,,,,,,,,,,,,,,,,,,,,,,,,,,,,,,,,,,,,,,,,,tee,,,,,,,,,,,,,,,,,,,,,,,,,,,,,,,"POLYGON ((121.0422565 14.5499004, 121.0423585 14.5499101, 121.042366 14.5498362, 121.0422639 14.5498266, 121.0422565 14.5499004))"
,,,,,,,,,,,,,,,,,,,,,,,,,,,,,,,,,,,,,,,,,tee,,,,,,,,,,,,,,,,,,,,,,,,,,,,,,,"POLYGON ((121.0404605 14.55507, 121.0405412 14.55507, 121.0405412 14.5549444, 121.0404605 14.5549444, 121.0404605 14.55507))"
,,,,,,,,,,,,,,,,,,,,,,,,,,,,,,,,,,,,,,,,,tee,,,,,,,,,,,,,,,,,,,,,,,,,,,,,,,"POLYGON ((121.040436 14.5549007, 121.0405171 14.5548975, 121.0405082 14.5546856, 121.0404271 14.5546888, 121.040436 14.5549007))"
,,,,,,,,,,,,,,,,,,,,,,,,,,,,,,,,,,,,,,,,,tee,,,,,,,,,,,,,,,,,,,,,,,,,,,,,,,"POLYGON ((121.0404296 14.5546605, 121.0405104 14.5546508, 121.040494 14.5545227, 121.0404132 14.5545324, 121.0404296 14.5546605))"
,,,,,,,,,,,,,,,,,,,,,,,,,,,,,,,,,,,,,,,,,tee,,,,,,,,,,,,,,,,,,,,,,,,,,,,,,,"POLYGON ((121.0404698 14.5540223, 121.0405693 14.5540189, 121.0405644 14.5538842, 121.0404649 14.5538876, 121.0404698 14.5540223))"
,,,,,,,,,,,,,,,,,,,,,,,,,,,,,,,,,,,,,,,,,green,,,,,,,,,,,,,,,,,,,,,,,,,,,,,,,"POLYGON ((121.0408121 14.5555414, 121.040822 14.5555796, 121.0407998 14.5556154, 121.0407813 14.5556309, 121.0407412 14.5556179, 121.0407109 14.5556106, 121.0406739 14.555613, 121.0406468 14.5556202, 121.0406023 14.5556297, 121.0405801 14.5556178, 121.0405628 14.5555891, 121.0405727 14.5555605, 121.0405702 14.555539, 121.0405604 14.5555031, 121.0405579 14.5554721, 121.040582 14.5554445, 121.0406097 14.555441, 121.0406616 14.5554601, 121.0407011 14.5554792, 121.0407381 14.5554745, 121.0407726 14.5554769, 121.0407897 14.5554942, 121.040801 14.5555056, 121.0408121 14.5555414))"
sand,,,,,,,,,,,,,,,,,,,,,,,,,,,,,,,,,,,,,,,,,bunker,,,,,,,,,,,,,,,,,,,,,,,,,,,,,,,"POLYGON ((121.0405176 14.5555366, 121.0405339 14.5555331, 121.0405439 14.5555252, 121.0405467 14.5555102, 121.0405421 14.5554943, 121.0405367 14.5554838, 121.040523 14.555482, 121.0405057 14.5554838, 121.0404966 14.5554917, 121.0404966 14.5555067, 121.0404985 14.5555225, 121.0405057 14.5555313, 121.0405176 14.5555366))"
,,,,,,,,,,,,,,,,,,,,,,,,,,,,,,,,,,,,,,,,,tee,,,,,,,,,,,,,,,,,,,,,,,,,,,,,,,"POLYGON ((121.0404968 14.5509569, 121.0406656 14.5509161, 121.0406314 14.5507839, 121.0404627 14.5508247, 121.0404968 14.5509569))"
,,,,,,,,,,,,,,,,,,,,,,,,,,,,,,,,,,,,,,,,,fairway,,,,,,,,,,,,,,,,,,,,,,,,,,,,,,,"POLYGON ((121.0403233 14.5505704, 121.0403589 14.5505972, 121.0404064 14.5506163, 121.0404479 14.5506221, 121.0405151 14.5506221, 121.0405784 14.5506068, 121.0406179 14.5506106, 121.0406773 14.5506182, 121.0407366 14.5506297, 121.0408038 14.5506297, 121.0408671 14.550624, 121.0409323 14.5506144, 121.0409679 14.5506029, 121.0410173 14.5505819, 121.0410628 14.5505704, 121.0411201 14.5505723, 121.0411735 14.5505742, 121.0412427 14.5505819, 121.0412961 14.5505895, 121.0413376 14.550601, 121.0413594 14.5506029, 121.0413772 14.5505934, 121.0414029 14.5505704, 121.0414286 14.5505474, 121.0414602 14.550534, 121.0414938 14.5505359, 121.0415175 14.5505225, 121.041567 14.5505149, 121.0416243 14.5505283, 121.0416975 14.5505685, 121.0417825 14.5506221, 121.0418635 14.5506374, 121.0419426 14.5506508, 121.0420336 14.5506546, 121.0420929 14.5506431, 121.0421542 14.5506316, 121.0422313 14.5506221, 121.0422985 14.5506163, 121.0423341 14.5505914, 121.0423381 14.5505551, 121.0423381 14.5505072, 121.0423381 14.5504728, 121.0423262 14.5504211, 121.0423163 14.5503733, 121.0423025 14.5503388, 121.0422847 14.5503139, 121.0422333 14.5503006, 121.0421423 14.5503044, 121.0420652 14.5503139, 121.0419683 14.5503254, 121.0418853 14.5503159, 121.041826 14.550291, 121.0417627 14.5502795, 121.0416441 14.5502833, 121.0415195 14.5502967, 121.0414048 14.5503025, 121.0413218 14.5502967, 121.0412625 14.5502757, 121.0411953 14.5502565, 121.0411399 14.5502661, 121.0410569 14.5502948, 121.0409857 14.5503216, 121.0409323 14.5503293, 121.0408789 14.5503178, 121.0408176 14.5502948, 121.0407662 14.5502795, 121.0407128 14.5502795, 121.0406654 14.5502948, 121.04061 14.5503427, 121.0405705 14.5503675, 121.0405132 14.5503656, 121.040442 14.5503733, 121.0403886 14.5503848, 121.0403372 14.5504001, 121.0403036 14.5504422, 121.0402976 14.550513, 121.0403233 14.5505704))"
,,,,,,,,,,,,,,,,,,,,,,,,,,,,,,,,,,,,,,,,,tee,,,,,,,,,,,,,,,,,,,,,,,,,,,,,,,"POLYGON ((121.0399053 14.5506159, 121.0400019 14.5506055, 121.039986 14.5504685, 121.0398895 14.550479, 121.0399053 14.5506159))"
,,,,,,,,,,,,,,,,,,,,,,,,,,,,,,,,,,,,,,,,,tee,,,,,,,,,,,,,,,,,,,,,,,,,,,,,,,"POLYGON ((121.0396118 14.5506357, 121.0397722 14.550618, 121.0397589 14.5505054, 121.0395985 14.5505231, 121.0396118 14.5506357))"
,,,,,,,,,,,,,,,,,,,,,,,,,,,,,,,,,,,,,,,,,tee,,,,,,,,,,,,,,,,,,,,,,,,,,,,,,,"POLYGON ((121.0394041 14.5506219, 121.0395019 14.550608, 121.0394915 14.5505391, 121.0393937 14.5505529, 121.0394041 14.5506219))"
,,,,,,,,,,,,,,,,,,,,,,,,,,,,,,,,,,,,,,,,,fairway,,,,,,,,,,,,,,,,,,,,,,,,,,,,,,,"POLYGON ((121.0414721 14.5499754, 121.0415193 14.5499786, 121.0415714 14.5499865, 121.0416496 14.5499833, 121.0417017 14.5499691, 121.041744 14.5499313, 121.0417538 14.5498793, 121.0417424 14.5498288, 121.0417082 14.54978, 121.0416528 14.5497406, 121.0415779 14.5497248, 121.0415079 14.5497201, 121.041446 14.5497201, 121.0413955 14.5497138, 121.0413646 14.5496933, 121.0413174 14.5496555, 121.0412637 14.5496413, 121.0412034 14.5496334, 121.0411464 14.5496476, 121.0411057 14.5496586, 121.0410341 14.5496366, 121.0409803 14.5496224, 121.0409217 14.5496239, 121.0408777 14.5496271, 121.0408582 14.5496665, 121.0408549 14.5497028, 121.04085 14.5497343, 121.0408256 14.549769, 121.0407963 14.5497879, 121.04078 14.5497942, 121.0407458 14.549791, 121.0407214 14.5497784, 121.0406905 14.5497784, 121.0406579 14.5497957, 121.0406237 14.5498147, 121.04057 14.5498257, 121.0405244 14.5498288, 121.040482 14.5498288, 121.0404136 14.5498131, 121.0403778 14.5498005, 121.0403225 14.5498021, 121.0402736 14.5498194, 121.040228 14.5498478, 121.0402003 14.5498793, 121.040158 14.5499029, 121.0401157 14.5499077, 121.0400668 14.5499187, 121.0400294 14.5499329, 121.0399886 14.5499628, 121.0399821 14.5499943, 121.0399854 14.5500353, 121.0400082 14.5500747, 121.0400342 14.5501141, 121.0400717 14.5501457, 121.0401091 14.5501646, 121.0401547 14.5501709, 121.0402394 14.5501441, 121.0402997 14.5501157, 121.0403534 14.5500826, 121.0404234 14.5500684, 121.0405276 14.5500763, 121.0406139 14.5500763, 121.040697 14.550059, 121.0407475 14.5500243, 121.0407914 14.5499928, 121.0408386 14.5499786, 121.0408777 14.5499581, 121.0409396 14.5499644, 121.0410308 14.5499691, 121.041109 14.5499597, 121.0411822 14.5499281, 121.041262 14.5499344, 121.0413662 14.5499502, 121.0414721 14.5499754))"
,,,,,,,,,,,,,,,,,,,,,,,,,,,,,,,,,,,,,,,,,fairway,,,,,,,,,,,,,,,,,,,,,,,,,,,,,,,"POLYGON ((121.0417122 14.5470905, 121.0417659 14.5470646, 121.0418142 14.5470256, 121.0418678 14.5469296, 121.0419161 14.5468283, 121.0419805 14.54674, 121.0420904 14.5466336, 121.0422058 14.5465064, 121.0423318 14.5463922, 121.0424525 14.5463298, 121.0425223 14.5462987, 121.0425974 14.5462442, 121.0426349 14.5461793, 121.0426617 14.5461429, 121.0427368 14.5460676, 121.0428361 14.5460027, 121.0429675 14.5459482, 121.0430399 14.5459067, 121.0431097 14.5458521, 121.0432331 14.5457535, 121.0433618 14.5456964, 121.0434637 14.5456522, 121.043504 14.5456211, 121.0435335 14.5455795, 121.0435415 14.5455224, 121.0435147 14.5455068, 121.0434771 14.5454939, 121.043445 14.5455042, 121.043402 14.5455432, 121.0433511 14.5455562, 121.0433055 14.5455536, 121.0432465 14.5455614, 121.0432019 14.5455719, 121.0431596 14.5455893, 121.0431124 14.5456082, 121.0430831 14.5456334, 121.043057 14.5456586, 121.0430384 14.5456693, 121.0430255 14.5456639, 121.0430228 14.5456492, 121.043044 14.5456239, 121.0430798 14.5455987, 121.0431319 14.545564, 121.0431677 14.5455483, 121.0432215 14.5455215, 121.0432996 14.5455136, 121.0433501 14.5455136, 121.0433827 14.5454994, 121.0434315 14.5454616, 121.0434983 14.5454395, 121.0434608 14.5454348, 121.0434332 14.5454175, 121.0434201 14.5453875, 121.043425 14.5453465, 121.0434413 14.5453229, 121.0434364 14.5453087, 121.0433957 14.545326, 121.0433534 14.5453355, 121.0432915 14.5453591, 121.0432329 14.545397, 121.0431808 14.5454506, 121.0431205 14.5454789, 121.0430472 14.5454821, 121.0429951 14.545501, 121.0429349 14.5455467, 121.0428697 14.545605, 121.0428144 14.5456492, 121.0427427 14.5456901, 121.0426629 14.545739, 121.042588 14.5457989, 121.0425311 14.5458919, 121.0424578 14.5459486, 121.0423796 14.5459849, 121.0423308 14.5460243, 121.0422884 14.546059, 121.0422624 14.5460999, 121.0422298 14.5461346, 121.042181 14.5461788, 121.0421321 14.5461977, 121.0420686 14.5462702, 121.0419921 14.5463695, 121.0419432 14.5464152, 121.0418862 14.5464814, 121.0418439 14.5466232, 121.0418048 14.5466658, 121.0417576 14.5467099, 121.0417022 14.5467793, 121.0416501 14.5468581, 121.041611 14.5469196, 121.041598 14.5469731, 121.0415915 14.5470283, 121.0416224 14.547063, 121.0416615 14.547085, 121.0417122 14.5470905))"
,,,,,,,,,,,,,,,,,,,,,,,,,,,,,,,,,,,,,,,,,tee,,,,,,,,,,,,,,,,,,,,,,,,,,,,,,,"POLYGON ((121.0412566 14.5475949, 121.0413305 14.5476403, 121.0413911 14.5475479, 121.0413171 14.5475025, 121.0412566 14.5475949))"
,,,,,,,,,,,,,,,,,,,,,,,,,,,,,,,,,,,,,,,,,tee,,,,,,,,,,,,,,,,,,,,,,,,,,,,,,,"POLYGON ((121.0413824 14.5473269, 121.0414478 14.5473596, 121.0414922 14.5472763, 121.0414268 14.5472436, 121.0413824 14.5473269))"
,,,,,,,,,,,,,,,,,,,,,,,,,,,,,,,,,,,,,,,,,green,,,,,,,,,,,,,,,,,,,,,,,,,,,,,,,"POLYGON ((121.0434999 14.5452535, 121.0434674 14.5452835, 121.0434494 14.5452961, 121.0434364 14.5453087, 121.0434413 14.5453229, 121.043425 14.5453465, 121.0434201 14.5453875, 121.0434332 14.5454175, 121.0434608 14.5454348, 121.0434983 14.5454395, 121.0435423 14.5454364, 121.0435765 14.5454348, 121.0436269 14.5454348, 121.0436709 14.5454222, 121.0436937 14.5454064, 121.0437132 14.545367, 121.0437067 14.5453166, 121.0436823 14.545274, 121.043653 14.5452457, 121.0436058 14.5452299, 121.0435488 14.5452346, 121.0434999 14.5452535))"
,,,,,,,,,,,,,,,,,,,,,,,,,,,,,,,,,,,,,,,,,fairway,,,,,,,,,,,,,,,,,,,,,,,,,,,,,,,"POLYGON ((121.0398264 14.5493086, 121.039864 14.5493412, 121.0399233 14.5493584, 121.0399846 14.5493393, 121.0400301 14.5493029, 121.0400736 14.5492378, 121.0401289 14.5491613, 121.0401566 14.5490752, 121.0401428 14.5490197, 121.0401289 14.5489871, 121.0401072 14.5489508, 121.0400993 14.548924, 121.0401092 14.5489048, 121.0401546 14.5488742, 121.0402159 14.5488283, 121.0402792 14.5487939, 121.0403267 14.5487862, 121.0403543 14.54879, 121.0404117 14.5487728, 121.0404235 14.5487517, 121.0404552 14.548679, 121.040471 14.548614, 121.0405343 14.5485183, 121.0405817 14.5484551, 121.0406272 14.5483939, 121.0407162 14.5483116, 121.0407695 14.5482561, 121.0408091 14.5482121, 121.0408308 14.5481623, 121.0408605 14.5481068, 121.0408704 14.5480724, 121.0408822 14.5480303, 121.0408941 14.5479996, 121.0408743 14.5479824, 121.0408585 14.547948, 121.0408466 14.5479001, 121.0408724 14.5478695, 121.0408901 14.5478446, 121.0408546 14.5478446, 121.0408348 14.5478274, 121.0408209 14.5478044, 121.0408032 14.5477815, 121.0407498 14.5478083, 121.0407043 14.5478293, 121.0406667 14.5478886, 121.0406588 14.5479403, 121.0406351 14.5480169, 121.0406054 14.5480609, 121.0405738 14.5480724, 121.0405521 14.5481049, 121.0405422 14.5481355, 121.0405046 14.5481661, 121.0404512 14.5481814, 121.0403998 14.5482006, 121.0403642 14.5482197, 121.0403286 14.5482637, 121.040297 14.5483786, 121.0402416 14.5484647, 121.0401645 14.5485623, 121.0401032 14.5486618, 121.0400479 14.5487269, 121.0399945 14.5488053, 121.039953 14.5488876, 121.0399134 14.5489336, 121.0398739 14.5489757, 121.0398423 14.5490197, 121.0398126 14.5490867, 121.0397988 14.5491728, 121.0398047 14.5492512, 121.0398264 14.5493086))"
,,,,,,,,,,,,,,,,,,,,,,,,,,,,,,,,,,,,,,,,,green,,,,,,,,,,,,,,,,,,,,,,,,,,,,,,,"POLYGON ((121.0409712 14.5476265, 121.040904 14.5476475, 121.0408506 14.54768, 121.0408229 14.5477298, 121.0408111 14.5477604, 121.0408032 14.5477815, 121.0408209 14.5478044, 121.0408348 14.5478274, 121.0408546 14.5478446, 121.0408901 14.5478446, 121.0409297 14.547814, 121.0409673 14.5478006, 121.040991 14.5478006, 121.0410384 14.5478006, 121.0410918 14.5477815, 121.0411155 14.5477528, 121.0411234 14.5477088, 121.0411254 14.5476647, 121.0410898 14.5476303, 121.0410206 14.5476207, 121.0409712 14.5476265))"
,,,,,,,,,,,,,,,,,,,,,,,,,,,,,,,,,,,,,,,,,fairway,,,,,,,,,,,,,,,,,,,,,,,,,,,,,,,"POLYGON ((121.0424719 14.5468686, 121.0425233 14.5468935, 121.0425371 14.5469566, 121.0425134 14.5470141, 121.0424659 14.5470734, 121.0424046 14.5471691, 121.0423532 14.547238, 121.0423176 14.5472992, 121.0422425 14.5473777, 121.0421654 14.5474504, 121.0421041 14.547548, 121.0420665 14.5476245, 121.0420408 14.5476973, 121.0420606 14.5477719, 121.0420665 14.5478331, 121.0420567 14.547881, 121.0419973 14.5479422, 121.0419044 14.548015, 121.0418412 14.5481068, 121.0418036 14.5481757, 121.0417304 14.5482752, 121.0416256 14.5483843, 121.0415821 14.5484436, 121.0415446 14.5484972, 121.0414853 14.5485259, 121.0414437 14.5485355, 121.0414022 14.5485431, 121.0413587 14.5485585, 121.0413231 14.5485967, 121.0412974 14.5486274, 121.041248 14.5486522, 121.0412104 14.5486618, 121.0411867 14.5486848, 121.0411669 14.5487288, 121.0411768 14.5487996, 121.0411966 14.5488474, 121.0411986 14.5489144, 121.041163 14.5489929, 121.0410859 14.5490484, 121.0410424 14.5490924, 121.0409712 14.5491766, 121.0409238 14.5492398, 121.0408961 14.5492742, 121.0408625 14.5493106, 121.0408348 14.5493374, 121.040815 14.549345, 121.0407735 14.5493259, 121.0407478 14.5492991, 121.040728 14.5492933, 121.0406885 14.5493048, 121.0406687 14.5493182, 121.0406766 14.5492914, 121.0406924 14.5492512, 121.0406944 14.5492149, 121.0406806 14.5491766, 121.0406588 14.5491288, 121.0406292 14.5490943, 121.0405916 14.5490905, 121.040558 14.5490924, 121.0405248 14.5491214, 121.0405093 14.5490897, 121.0405184 14.5490637, 121.0405975 14.5490178, 121.0406806 14.5489412, 121.040726 14.5488895, 121.0408229 14.5488092, 121.0409336 14.5486829, 121.0410187 14.5485738, 121.0411096 14.5484647, 121.0412104 14.5483747, 121.0412777 14.5482886, 121.0413686 14.5482255, 121.0414062 14.5481451, 121.0414872 14.5480571, 121.0415387 14.5480073, 121.041592 14.5479537, 121.0416415 14.5478886, 121.0417028 14.5478561, 121.0417482 14.5478102, 121.0417838 14.5477451, 121.0417818 14.547659, 121.0417759 14.5475863, 121.0417561 14.5475174, 121.041766 14.5474332, 121.0418332 14.5473719, 121.0419104 14.5472724, 121.0419973 14.5472322, 121.0420764 14.5471595, 121.0421555 14.5471212, 121.0422247 14.5470849, 121.042288 14.5470121, 121.0423335 14.546949, 121.042371 14.5469031, 121.0424165 14.5468686, 121.0424719 14.5468686))"
,,,,,,,,,,,,,,,,,,,,,,,,,,,,,,,,,,,,,,,,,tee,,,,,,,,,,,,,,,,,,,,,,,,,,,,,,,"POLYGON ((121.0439292 14.5455786, 121.0439899 14.5456112, 121.0440423 14.5455198, 121.0439815 14.5454872, 121.0439292 14.5455786))"
,,,,,,,,,,,,,,,,,,,,,,,,,,,,,,,,,,,,,,,,,tee,,,,,,,,,,,,,,,,,,,,,,,,,,,,,,,"POLYGON ((121.0438485 14.5457023, 121.0439084 14.5457406, 121.0439725 14.5456466, 121.0439126 14.5456084, 121.0438485 14.5457023))"
,,,,,,,,,,,,,,,,,,,,,,,,,,,,,,,,,,,,,,,,,tee,,,,,,,,,,,,,,,,,,,,,,,,,,,,,,,"POLYGON ((121.0437685 14.5458423, 121.0438363 14.5458792, 121.043895 14.5457784, 121.0438272 14.5457414, 121.0437685 14.5458423))"
,,,,,,,,,,,,,,,,,,,,,,,,,,,,,,,,,,,,,,,,,tee,,,,,,,,,,,,,,,,,,,,,,,,,,,,,,,"POLYGON ((121.0436488 14.5459594, 121.0437187 14.5459979, 121.0437677 14.5459147, 121.0436977 14.5458762, 121.0436488 14.5459594))"
,,,,,,,,,,,,,,,,,,,,,,,,,,,,,,,,,,,,,,,,,tee,,,,,,,,,,,,,,,,,,,,,,,,,,,,,,,"POLYGON ((121.0426524 14.5465037, 121.042729 14.5465447, 121.042786 14.5464449, 121.0427093 14.5464039, 121.0426524 14.5465037))"
,,,,,,,,,,,,,,,,,,,,,,,,,,,,,,,,,,,,,,,,,tee,,,,,,,,,,,,,,,,,,,,,,,,,,,,,,,"POLYGON ((121.0430414 14.5463163, 121.0431288 14.5461985, 121.0430511 14.5461445, 121.0429636 14.5462623, 121.0430414 14.5463163))"
,,,,,,,,,,,,,,,,,,,,,,,,,,,,,,,,,,,,,,,,,tee,,,,,,,,,,,,,,,,,,,,,,,,,,,,,,,"POLYGON ((121.0431494 14.546081, 121.0432408 14.5461352, 121.0433163 14.546016, 121.0432249 14.5459618, 121.0431494 14.546081))"
,,,,,,,,,,,,,,,,,,,,,,,,,,,,,,,,,,,,,,,,,fairway,,,,,,,,,,,,,,,,,,,,,,,,,,,,,,,"POLYGON ((121.0435386 14.5463043, 121.0435842 14.5463432, 121.0436057 14.5463873, 121.043603 14.5464471, 121.0435735 14.5465146, 121.0435574 14.5465327, 121.0435332 14.5466028, 121.0435198 14.5466418, 121.0435118 14.5466859, 121.0434957 14.5467352, 121.0434635 14.546743, 121.0434447 14.5467274, 121.0434367 14.5466911, 121.0434689 14.5466158, 121.043493 14.5465769, 121.0435171 14.5465146, 121.0435145 14.5464626, 121.0434769 14.5464548, 121.0434367 14.5464938, 121.0434072 14.5465535, 121.0433857 14.546608, 121.0433643 14.5466444, 121.0433482 14.5466963, 121.0433535 14.5467586, 121.0433133 14.5467352, 121.0432677 14.54673, 121.0432892 14.5466885, 121.0433187 14.5466392, 121.0433133 14.5465976, 121.0432945 14.5465613, 121.0432892 14.5465197, 121.0433053 14.5464756, 121.0433482 14.5464445, 121.0433777 14.5463977, 121.0433804 14.5463718, 121.0434099 14.546325, 121.0434581 14.5463043, 121.0435386 14.5463043))"
,,,,,,,,,,,,,,,,,,,,,,,,,,,,,,,,,,,,,,,,,green,,,,,,,,,,,,,,,,,,,,,,,,,,,,,,,"POLYGON ((121.0433535 14.5467586, 121.0433696 14.5468053, 121.043383 14.5468573, 121.0433401 14.5469066, 121.0432838 14.5469585, 121.0432516 14.5469819, 121.0432087 14.5469819, 121.0431685 14.5469715, 121.0431416 14.5469351, 121.0431229 14.5469066, 121.0430987 14.5468832, 121.0430853 14.5468521, 121.0430853 14.5468261, 121.0431014 14.5467768, 121.043155 14.5467456, 121.0432275 14.5467352, 121.0432677 14.54673, 121.0433133 14.5467352, 121.0433535 14.5467586))"
,,,,,,,,,,,,,,,,,,,,,,,,,,,,,,,,,,,,,,,,,fairway,,,,,,,,,,,,,,,,,,,,,,,,,,,,,,,"POLYGON ((121.0428037 14.5476543, 121.0428707 14.5476179, 121.0428976 14.5475764, 121.0429297 14.5475193, 121.0429485 14.5474726, 121.0429512 14.5474232, 121.0428976 14.5473817, 121.0428707 14.5473505, 121.0428144 14.5473298, 121.04275 14.5473376, 121.0427205 14.5473895, 121.0427044 14.5474959, 121.0426723 14.5475712, 121.0425972 14.5476517, 121.0425194 14.5477296, 121.0424013 14.5477971, 121.0423262 14.5478776, 121.0422726 14.5479814, 121.0422726 14.5480801, 121.0422431 14.5481917, 121.0421814 14.54828, 121.0421439 14.5483683, 121.042109 14.5484332, 121.0420902 14.5485033, 121.0420902 14.5485396, 121.0421519 14.5485993, 121.042227 14.5485967, 121.0422967 14.5485448, 121.0423531 14.5484851, 121.0424148 14.5484124, 121.0424899 14.5483111, 121.0425381 14.5481969, 121.0425811 14.548119, 121.0425891 14.5480437, 121.0425757 14.5479944, 121.042565 14.5479451, 121.0425811 14.5479087, 121.0426267 14.547862, 121.0426481 14.547862, 121.0426776 14.5478386, 121.0426991 14.5478023, 121.0427339 14.5477296, 121.0428037 14.5476543))"
,,,,,,,,,,,,,,,,,,,,,,,,,,,,,,,,,,,,,,,,,tee,,,,,,,,,,,,,,,,,,,,,,,,,,,,,,,"POLYGON ((121.0416625 14.548976, 121.0417205 14.5490113, 121.0417751 14.5489273, 121.0417172 14.548892, 121.0416625 14.548976))"
,,,,,,,,,,,,,,,,,,,,,,,,,,,,,,,,,,,,,,,,,tee,,,,,,,,,,,,,,,,,,,,,,,,,,,,,,,"POLYGON ((121.0412203 14.5494219, 121.0412887 14.5494603, 121.0413603 14.5493408, 121.0412919 14.5493024, 121.0412203 14.5494219))"
,,,,,,,,,,,,,,,,,,,,,,,,,,,,,,,,,,,,,,,,,tee,,,,,,,,,,,,,,,,,,,,,,,,,,,,,,,"POLYGON ((121.0413423 14.5492827, 121.0414219 14.5493273, 121.0415126 14.5491759, 121.041433 14.5491313, 121.0413423 14.5492827))"
,,,,,,,,,,,,,,,,,,,,,,,,,,,,,,,,,,,,,,,,,tee,,,,,,,,,,,,,,,,,,,,,,,,,,,,,,,"POLYGON ((121.0428206 14.5484959, 121.0429268 14.5485313, 121.0428819 14.5486577, 121.0427757 14.5486224, 121.0428206 14.5484959))"
,,,,,,,,,,,,,,,,,,,,,,,,,,,,,,,,,,,,,,,,,tee,,,,,,,,,,,,,,,,,,,,,,,,,,,,,,,"POLYGON ((121.0427637 14.5487823, 121.0428334 14.5488051, 121.0428678 14.5487068, 121.0427981 14.548684, 121.0427637 14.5487823))"
,,,,,,,,,,,,,,,,,,,,,,,,,,,,,,,,,,,,,,,,,tee,,,,,,,,,,,,,,,,,,,,,,,,,,,,,,,"POLYGON ((121.0427934 14.5483864, 121.0428903 14.5484286, 121.0429393 14.548323, 121.0428424 14.5482808, 121.0427934 14.5483864))"
,,,,,,,,,,,,,,,,,,,,,,,,,,,,,,,,,,,,,,,,,tee,,,,,,,,,,,,,,,,,,,,,,,,,,,,,,,"POLYGON ((121.0430134 14.5491758, 121.0431239 14.5491923, 121.0431415 14.5490821, 121.0430309 14.5490657, 121.0430134 14.5491758))"
,,,,,,,,,,,,,,,,,,,,,,,,,,,,,,,,,,,,,,,,,tee,,,,,,,,,,,,,,,,,,,,,,,,,,,,,,,"POLYGON ((121.0429576 14.5495245, 121.0430553 14.5495417, 121.0430918 14.5493471, 121.0429942 14.5493299, 121.0429576 14.5495245))"
,,,,,,,,,,,,,,,,,,,,,,,,,,,,,,,,,,,,,,,,,tee,,,,,,,,,,,,,,,,,,,,,,,,,,,,,,,"POLYGON ((121.0429144 14.5497451, 121.0429968 14.549759, 121.0430256 14.5495986, 121.0429432 14.5495848, 121.0429144 14.5497451))"
,,,,,,,,,,,,,,,,,,,,,,,,,,,,,,,,,,,,,,,,,fairway,,,,,,,,,,,,,,,,,,,,,,,,,,,,,,,"POLYGON ((121.0426585 14.5490207, 121.0427054 14.5490303, 121.0427301 14.5490757, 121.0427375 14.5491473, 121.042698 14.5491879, 121.042661 14.5492381, 121.0426511 14.549305, 121.0426462 14.549391, 121.0426339 14.5494459, 121.0426042 14.5494842, 121.0425499 14.5494866, 121.0425154 14.5495009, 121.0424907 14.5495391, 121.0424537 14.5495869, 121.0424167 14.5496132, 121.0423673 14.5496156, 121.0423303 14.549606, 121.0422809 14.5495797, 121.042239 14.5495391, 121.0422192 14.5494842, 121.0422192 14.5494029, 121.0422612 14.5493528, 121.0423105 14.5493289, 121.0423204 14.5494053, 121.0422982 14.5494651, 121.042313 14.5495152, 121.0423698 14.5495415, 121.0424216 14.5495319, 121.0424784 14.5495033, 121.042508 14.5494531, 121.042508 14.5493767, 121.0424833 14.5493193, 121.0424463 14.5492907, 121.0424093 14.5492835, 121.0423698 14.5492835, 121.0424093 14.5492405, 121.0424265 14.5492023, 121.0424488 14.5491712, 121.0424858 14.5491688, 121.0425055 14.5491855, 121.0425055 14.5492214, 121.0424932 14.5492548, 121.0424907 14.5493002, 121.0425253 14.5493169, 121.0425574 14.5493074, 121.0425796 14.5492763, 121.0425771 14.5492405, 121.0425944 14.5491951, 121.0426067 14.549164, 121.0426042 14.5491234, 121.042587 14.5490757, 121.0426141 14.549035, 121.0426585 14.5490207))"
,,,,,,,,,,,,,,,,,,,,,,,,,,,,,,,,,,,,,,,,,green,,,,,,,,,,,,,,,,,,,,,,,,,,,,,,,"POLYGON ((121.0423476 14.5493026, 121.0423105 14.5493289, 121.0423204 14.5494053, 121.0422982 14.5494651, 121.042313 14.5495152, 121.0423698 14.5495415, 121.0424216 14.5495319, 121.0424784 14.5495033, 121.042508 14.5494531, 121.042508 14.5493767, 121.0424833 14.5493193, 121.0424463 14.5492907, 121.0424093 14.5492835, 121.0423698 14.5492835, 121.0423476 14.5493026))"
,,,,,,,,,,,,,,,,,,,,,,,,,,,,,,,,,,,,,,,,,green,,,,,,,,,,,,,,,,,,,,,,,,,,,,,,,"POLYGON ((121.0428259 14.5472525, 121.0428379 14.5472787, 121.0428844 14.5472961, 121.0429218 14.5472946, 121.0429683 14.5472351, 121.0430222 14.5472119, 121.0430866 14.547209, 121.0431346 14.5471742, 121.0431361 14.5471322, 121.0431076 14.5471017, 121.0430792 14.5470814, 121.0430537 14.5470596, 121.0430267 14.5470495, 121.0429892 14.5470567, 121.0429428 14.5471046, 121.0428889 14.5471394, 121.0428379 14.5471684, 121.0428229 14.547209, 121.0428259 14.5472525))"
,,,,,,,,,,,,,,,,,,,,,,,,,,,,,,,,,,,,,,,,,fairway,,,,,,,,,,,,,,,,,,,,,,,,,,,,,,,"POLYGON ((121.0403491 14.5538058, 121.0404108 14.5538321, 121.0405021 14.553813, 121.0405638 14.5537676, 121.0406304 14.5536505, 121.0406428 14.553512, 121.0406428 14.5533782, 121.0406625 14.5532659, 121.0406674 14.553113, 121.040628 14.5529506, 121.0406082 14.5528622, 121.0405687 14.5527475, 121.0405292 14.5526376, 121.0405292 14.5525946, 121.0405465 14.5525325, 121.04054 14.5524664, 121.0405169 14.5524154, 121.0404774 14.5523271, 121.0404552 14.5522411, 121.0403959 14.552026, 121.0403666 14.5519218, 121.0403071 14.5518421, 121.0402725 14.5517465, 121.0402207 14.551682, 121.0401812 14.5515793, 121.0401639 14.5515029, 121.0401393 14.5514838, 121.0400998 14.5514838, 121.0400578 14.5514814, 121.0400084 14.5514575, 121.0399566 14.5514073, 121.0399344 14.5513356, 121.0399245 14.551252, 121.0399393 14.5511804, 121.0399517 14.5511206, 121.0399097 14.551037, 121.0398727 14.5510227, 121.0398332 14.5510179, 121.0397296 14.5509964, 121.0396555 14.5509988, 121.0396185 14.5509797, 121.0396037 14.5510155, 121.0395765 14.5510275, 121.0396407 14.5510681, 121.0396827 14.5510896, 121.039737 14.551123, 121.0397838 14.5511684, 121.0397814 14.5512305, 121.0397567 14.551264, 121.0397024 14.5512879, 121.0396678 14.5513022, 121.0396604 14.5513548, 121.0396753 14.5514049, 121.0397221 14.5514766, 121.0398061 14.5515506, 121.0398752 14.551694, 121.0399591 14.5518278, 121.0400677 14.5519615, 121.0401368 14.5521383, 121.0401615 14.5523294, 121.0402553 14.5525492, 121.0402972 14.5526496, 121.0403293 14.552769, 121.0403688 14.5528263, 121.0404132 14.5528789, 121.0404354 14.552898, 121.0404502 14.5529434, 121.0404675 14.5529888, 121.0404527 14.553039, 121.0404346 14.5530907, 121.0404062 14.5531226, 121.0403717 14.5531545, 121.0403537 14.5532125, 121.0403372 14.5533024, 121.0403642 14.5534068, 121.0403837 14.5534736, 121.0403837 14.553591, 121.0403522 14.5536679, 121.0403358 14.5537564, 121.0403491 14.5538058))"
,,,,,,,,,,,,,,,,,,,,,,,,,,,,,,,,,,,,,,,,,green,,,,,,,,,,,,,,,,,,,,,,,,,,,,,,,"POLYGON ((121.0394592 14.5508078, 121.0394367 14.5508311, 121.0393888 14.5508528, 121.0393528 14.5508992, 121.0393618 14.5509282, 121.0393903 14.5509674, 121.0394157 14.5509804, 121.0394442 14.5509761, 121.0394742 14.5509804, 121.0395146 14.5509935, 121.0395461 14.5510123, 121.0395765 14.5510275, 121.0396037 14.5510155, 121.0396185 14.5509797, 121.039624 14.5509413, 121.039606 14.5508992, 121.0395881 14.5508673, 121.0395596 14.5508412, 121.0395131 14.5508136, 121.0394817 14.550802, 121.0394592 14.5508078))"
sand,,,,,,,,,,,,,,,,,,,,,,,,,,,,,,,,,,,,,,,,,bunker,,,,,,,,,,,,,,,,,,,,,,,,,,,,,,,"POLYGON ((121.041221 14.5510657, 121.0412345 14.5510586, 121.0412407 14.5510466, 121.0412382 14.5510335, 121.0412333 14.5510215, 121.0412197 14.551012, 121.0412037 14.5510144, 121.0411901 14.5510179, 121.0411802 14.5510323, 121.0411765 14.5510466, 121.0411827 14.5510574, 121.0412 14.5510669, 121.041221 14.5510657))"
,,,,,,,,,,,,,,,,,,,,,,,,,,,,,,,,,,,,,,,,,tee,,,,,,,,,,,,,,,,,,,,,,,,,,,,,,,"POLYGON ((121.0393751 14.5500539, 121.039453 14.5500982, 121.0395637 14.5499159, 121.0394858 14.5498716, 121.0393751 14.5500539))"
,,,,,,,,,,,,,,,,,,,,,,,,,,,,,,,,,,,,,,,,,tee,,,,,,,,,,,,,,,,,,,,,,,,,,,,,,,"POLYGON ((121.0395051 14.5497967, 121.0395521 14.5498226, 121.0396168 14.5497127, 121.0395698 14.5496868, 121.0395051 14.5497967))"
,,,,,,,,,,,,,,,,,,,,,,,,,,,,,,,,,,,,,,,,,tee,,,,,,,,,,,,,,,,,,,,,,,,,,,,,,,"POLYGON ((121.0395681 14.5496275, 121.0396257 14.549659, 121.0396774 14.5495703, 121.0396198 14.5495388, 121.0395681 14.5496275))"
,,,,,,,,,,,,,,,,,,,,,,,,,,,,,,,,,,,,,,,,,green,,,,,,,,,,,,,,,,,,,,,,,,,,,,,,,"POLYGON ((121.0393944 14.5493364, 121.0394092 14.5493627, 121.0394413 14.5493842, 121.0394709 14.5493914, 121.0395006 14.5493854, 121.0395364 14.5493639, 121.0395598 14.54934, 121.0395623 14.5493173, 121.0395635 14.5493018, 121.0395573 14.5492767, 121.0395462 14.54926, 121.0395215 14.5492433, 121.0394932 14.5492325, 121.03945 14.5492361, 121.0394154 14.5492445, 121.0393969 14.5492588, 121.0393784 14.5492779, 121.0393747 14.549309, 121.0393944 14.5493364))"
,,,,,,,,,,,,,,,,,,,,,,,,,,,,,,,,,,,,,,,,,fairway,,,,,,,,,,,,,,,,,,,,,,,,,,,,,,,"POLYGON ((121.0393451 14.5494404, 121.0393142 14.5494284, 121.0392834 14.5494272, 121.03925 14.5494392, 121.0392315 14.5494583, 121.0392377 14.5494917, 121.039271 14.549518, 121.0393142 14.5495264, 121.0393648 14.549524, 121.0393994 14.5495204, 121.0394352 14.549518, 121.0394796 14.549512, 121.0395166 14.5495001, 121.0395487 14.5494762, 121.0395672 14.5494559, 121.0395944 14.5494201, 121.0396153 14.5493878, 121.0396252 14.5493651, 121.039624 14.5493281, 121.0396116 14.5493078, 121.0395919 14.5492875, 121.0395573 14.5492767, 121.0395635 14.5493018, 121.0395623 14.5493173, 121.0395598 14.54934, 121.0395364 14.5493639, 121.0395006 14.5493854, 121.0394709 14.5493914, 121.0394413 14.5493842, 121.0394487 14.5494021, 121.0394537 14.5494189, 121.039445 14.5494368, 121.0394253 14.5494499, 121.0394018 14.5494559, 121.0393735 14.5494463, 121.0393451 14.5494404))"
sand,,,,,,,,,,,,,,,,,,,,,,,,,,,,,,,,,,,,,,,,,bunker,,,,,,,,,,,,,,,,,,,,,,,,,,,,,,,"POLYGON ((121.0393339 14.5494128, 121.0393444 14.5494172, 121.0393534 14.5494164, 121.0393669 14.5494186, 121.0393774 14.5494244, 121.0393804 14.5494346, 121.0393864 14.5494411, 121.0393954 14.549444, 121.0394126 14.5494425, 121.0394216 14.5494375, 121.0394313 14.5494288, 121.0394373 14.5494186, 121.0394358 14.549407, 121.0394313 14.5493947, 121.0394246 14.5493831, 121.0394148 14.5493751, 121.0394021 14.5493751, 121.0393909 14.5493794, 121.0393864 14.5493881, 121.0393819 14.5493961, 121.0393721 14.5493983, 121.0393624 14.5493947, 121.0393601 14.5493852, 121.0393586 14.5493765, 121.0393512 14.5493686, 121.0393399 14.5493678, 121.0393257 14.5493765, 121.0393182 14.5493889, 121.0393212 14.5494034, 121.0393339 14.5494128))"
,,,,,,,,,,,,,,,,,,,,,,,,,,,,,,,,,,,,,,,,,green,,,,,,,,,,,,,,,,,,,,,,,,,,,,,,,"POLYGON ((121.0405034 14.5493371, 121.0405133 14.5493718, 121.0405293 14.5493885, 121.0405466 14.5493957, 121.0405725 14.5493969, 121.0406034 14.5493861, 121.0406318 14.5493694, 121.0406564 14.5493419, 121.0406687 14.5493182, 121.0406766 14.5492914, 121.0406924 14.5492512, 121.0406944 14.5492149, 121.0406806 14.5491766, 121.0406588 14.5491288, 121.0406292 14.5490943, 121.0405916 14.5490905, 121.040558 14.5490924, 121.0405248 14.5491214, 121.0405207 14.5491556, 121.0405343 14.549189, 121.040538 14.5492213, 121.0405244 14.5492535, 121.0405071 14.5492882, 121.0405034 14.5493371))"
,,,,,,,,,,,,,,,,,,,,,,,,,,,,,,,,,,,,,,,,,fairway,,,,,,,,,,,,,,,,,,,,,,,,,,,,,,,"POLYGON ((121.04081 14.5556463, 121.0408435 14.555656, 121.0408753 14.5556552, 121.0409038 14.5556455, 121.040928 14.5556358, 121.040954 14.5556228, 121.0409841 14.5556188, 121.0410184 14.5556139, 121.0410502 14.555605, 121.0410636 14.555588, 121.0410779 14.5555588, 121.0410728 14.5555369, 121.0410528 14.5555102, 121.0410302 14.555494, 121.0410034 14.5554875, 121.0409598 14.5554932, 121.0408946 14.5555021, 121.0408401 14.5554964, 121.0407897 14.5554942, 121.040801 14.5555056, 121.0408121 14.5555414, 121.040822 14.5555796, 121.0407998 14.5556154, 121.0407813 14.5556309, 121.04081 14.5556463))"
sand,,,,,,,,,,,,,,,,,,,,,,,,,,,,,,,,,,,,,,,,,bunker,,,,,,,,,,,,,,,,,,,,,,,,,,,,,,,"POLYGON ((121.0406978 14.5556706, 121.0406903 14.5556763, 121.0406778 14.5556706, 121.0406711 14.5556617, 121.0406602 14.5556528, 121.0406459 14.555656, 121.0406326 14.5556706, 121.0406267 14.5556811, 121.040625 14.5556949, 121.0406309 14.5557079, 121.0406418 14.5557192, 121.0406635 14.5557233, 121.0406819 14.5557192, 121.0406953 14.5557135, 121.0407062 14.5557054, 121.0407154 14.5556965, 121.0407221 14.5556868, 121.0407297 14.5556771, 121.0407355 14.5556706, 121.0407405 14.5556641, 121.0407506 14.5556641, 121.0407556 14.5556706, 121.0407548 14.5556795, 121.0407481 14.5556876, 121.0407472 14.5556973, 121.0407506 14.5557087, 121.0407598 14.5557135, 121.040774 14.5557127, 121.0407807 14.5557087, 121.0407941 14.5557006, 121.0407991 14.5556901, 121.0408016 14.5556763, 121.0407991 14.5556657, 121.0407908 14.5556536, 121.0407832 14.5556431, 121.040764 14.5556341, 121.0407439 14.5556277, 121.0407305 14.5556285, 121.0407129 14.5556285, 121.0407054 14.5556366, 121.0407045 14.5556487, 121.0407062 14.5556641, 121.0406978 14.5556706))"
,,,,,,,,,,,,,,,,,,,,,,,,,,,,,,,,,,,,,,,,,fairway,,,,,,,,,,,,,,,,,,,,,,,,,,,,,,,"POLYGON ((121.0416838 14.5553253, 121.0417036 14.5553261, 121.0417458 14.5553028, 121.041769 14.5552911, 121.0417931 14.5552653, 121.0417957 14.5552353, 121.0418069 14.555197, 121.0418163 14.5551754, 121.0418551 14.5551604, 121.0418938 14.5551462, 121.0419273 14.555127, 121.0419437 14.5550971, 121.041942 14.5550496, 121.0419308 14.5550179, 121.0419144 14.5549979, 121.0418929 14.5549913, 121.0418542 14.5549996, 121.0418189 14.5550096, 121.0417802 14.5550288, 121.0417466 14.5550462, 121.0417174 14.5550737, 121.0417165 14.555142, 121.041695 14.555197, 121.0416743 14.5552453, 121.0416631 14.5552995, 121.0416838 14.5553253))"
sand,,,,,,,,,,,,,,,,,,,,,,,,,,,,,,,,,,,,,,,,,bunker,,,,,,,,,,,,,,,,,,,,,,,,,,,,,,,"POLYGON ((121.0399824 14.5512424, 121.0399571 14.5512731, 121.0399571 14.5513007, 121.0399634 14.5513206, 121.039984 14.5513375, 121.0400014 14.5513451, 121.0400125 14.5513589, 121.0400201 14.5513665, 121.0400201 14.5513749, 121.0400143 14.5513824, 121.0400047 14.5513759, 121.0400009 14.5513638, 121.0399942 14.5513582, 121.0399836 14.5513572, 121.0399711 14.5513628, 121.0399643 14.5513749, 121.0399653 14.5513926, 121.0399749 14.5514084, 121.0399893 14.5514196, 121.0400018 14.5514224, 121.0400172 14.5514187, 121.0400326 14.5514121, 121.040048 14.5514066, 121.0400663 14.5514047, 121.0400865 14.5514103, 121.0401038 14.5514168, 121.0401086 14.551427, 121.0401067 14.5514373, 121.040099 14.5514429, 121.0400874 14.5514382, 121.0400797 14.5514289, 121.0400663 14.5514215, 121.0400538 14.5514205, 121.0400422 14.5514308, 121.0400403 14.5514522, 121.0400509 14.5514671, 121.0400605 14.5514736, 121.0400768 14.5514717, 121.040097 14.5514671, 121.0401163 14.5514559, 121.040124 14.5514391, 121.0401249 14.5514261, 121.0401211 14.5514112, 121.0401028 14.5513889, 121.0400797 14.5513852, 121.0400672 14.5513647, 121.040073 14.5513461, 121.0400836 14.5513405, 121.0400922 14.5513302, 121.0400913 14.5513191, 121.0400884 14.5513088, 121.0400826 14.5512921, 121.0400682 14.5512865, 121.0400538 14.5512856, 121.0400451 14.5512893, 121.0400374 14.5513005, 121.0400384 14.5513107, 121.0400374 14.5513228, 121.0400451 14.551333, 121.0400481 14.5513405, 121.0400512 14.5513484, 121.040048 14.5513554, 121.0400426 14.5513546, 121.0400378 14.5513498, 121.0400341 14.5513413, 121.0400312 14.5513335, 121.0400314 14.5513208, 121.0400272 14.5513173, 121.0400204 14.5513167, 121.0400149 14.5513197, 121.0400116 14.5513244, 121.0400084 14.5513285, 121.0400035 14.5513291, 121.0399992 14.5513241, 121.0399975 14.5513157, 121.0400036 14.5513092, 121.0400127 14.5513024, 121.0400229 14.5512953, 121.0400278 14.5512824, 121.0400266 14.5512665, 121.0400176 14.5512515, 121.0399983 14.551243, 121.0399824 14.5512424))"
sand,,,,,,,,,,,,,,,,,,,,,,,,,,,,,,,,,,,,,,,,,bunker,,,,,,,,,,,,,,,,,,,,,,,,,,,,,,,"POLYGON ((121.0393283 14.5508161, 121.0393476 14.5508307, 121.0393691 14.5508265, 121.0393885 14.5508099, 121.0393863 14.5507891, 121.0393756 14.5507746, 121.0393541 14.5507683, 121.0393347 14.5507787, 121.039324 14.5507954, 121.0393283 14.5508161))"
sand,,,,,,,,,,,,,,,,,,,,,,,,,,,,,,,,,,,,,,,,,bunker,,,,,,,,,,,,,,,,,,,,,,,,,,,,,,,"POLYGON ((121.0396334 14.5509078, 121.0396453 14.5509124, 121.0396635 14.5509163, 121.0396762 14.5509201, 121.0396865 14.5509285, 121.0396952 14.5509377, 121.0396936 14.5509462, 121.0396872 14.5509523, 121.039677 14.5509477, 121.0396706 14.5509362, 121.0396619 14.5509362, 121.0396484 14.5509408, 121.0396445 14.5509523, 121.0396445 14.5509676, 121.0396516 14.5509807, 121.0396698 14.5509875, 121.0396801 14.5509883, 121.0396912 14.5509875, 121.0397063 14.550986, 121.0397165 14.5509814, 121.0397356 14.5509707, 121.0397466 14.5509561, 121.0397538 14.5509431, 121.0397569 14.5509247, 121.0397538 14.5509124, 121.0397411 14.5509025, 121.0397292 14.5509025, 121.0397197 14.5509055, 121.0397189 14.550914, 121.0397158 14.5509209, 121.0397047 14.550917, 121.0397007 14.5509063, 121.0396999 14.5508948, 121.0397063 14.5508848, 121.0397063 14.5508726, 121.0397031 14.5508588, 121.0396952 14.5508473, 121.0396872 14.5508434, 121.0396746 14.5508434, 121.0396659 14.5508457, 121.0396611 14.5508526, 121.0396603 14.5508641, 121.0396635 14.5508726, 121.039673 14.5508779, 121.039673 14.5508864, 121.0396603 14.550891, 121.0396532 14.5508856, 121.0396477 14.5508787, 121.0396445 14.5508664, 121.0396437 14.5508572, 121.0396437 14.5508396, 121.0396366 14.5508243, 121.0396152 14.5508212, 121.0395986 14.550825, 121.0395914 14.550835, 121.0395851 14.5508457, 121.0395922 14.5508626, 121.0396017 14.5508779, 121.039616 14.5508963, 121.0396334 14.5509078))"
sand,,,,,,,,,,,,,,,,,,,,,,,,,,,,,,,,,,,,,,,,,bunker,,,,,,,,,,,,,,,,,,,,,,,,,,,,,,,"POLYGON ((121.039597 14.5512052, 121.0395827 14.551196, 121.0395574 14.5511999, 121.0395495 14.5512206, 121.0395558 14.551242, 121.03957 14.551252, 121.0395835 14.5512597, 121.0395978 14.5512604, 121.0396104 14.5512589, 121.0396271 14.5512512, 121.0396461 14.5512413, 121.0396635 14.5512328, 121.0396817 14.5512336, 121.0396991 14.5512382, 121.0397221 14.551239, 121.0397387 14.551239, 121.0397546 14.5512328, 121.0397656 14.5512213, 121.0397704 14.5512052, 121.039768 14.5511868, 121.0397664 14.5511746, 121.0397522 14.5511569, 121.0397332 14.5511485, 121.0397221 14.5511539, 121.0397165 14.5511646, 121.0397213 14.5511784, 121.0397268 14.5511914, 121.0397221 14.5512014, 121.039707 14.5512006, 121.0397015 14.5511868, 121.0397015 14.5511715, 121.0397055 14.5511592, 121.0397102 14.5511455, 121.0397055 14.5511317, 121.0396912 14.5511225, 121.0396777 14.5511225, 121.0396627 14.5511278, 121.039654 14.5511409, 121.0396548 14.5511554, 121.0396579 14.5511646, 121.0396706 14.5511684, 121.039677 14.5511784, 121.039669 14.5511861, 121.0396579 14.5511876, 121.0396445 14.5511845, 121.0396381 14.5511746, 121.0396374 14.5511638, 121.0396374 14.5511485, 121.0396421 14.5511232, 121.0396437 14.5511071, 121.0396389 14.551091, 121.0396318 14.551078, 121.039612 14.5510711, 121.0395906 14.5510749, 121.0395819 14.5510803, 121.0395803 14.5510933, 121.0395811 14.5511048, 121.0395693 14.5511079, 121.0395605 14.5511033, 121.0395574 14.5510918, 121.0395613 14.5510765, 121.0395629 14.5510565, 121.0395621 14.551042, 121.0395471 14.5510259, 121.0395304 14.5510182, 121.039517 14.551019, 121.0395051 14.5510266, 121.039498 14.5510366, 121.0395004 14.5510473, 121.0395083 14.5510535, 121.0395146 14.5510588, 121.0395122 14.5510665, 121.0395011 14.5510688, 121.0394909 14.5510596, 121.0394813 14.5510542, 121.0394774 14.5510466, 121.039479 14.5510305, 121.0394837 14.5510136, 121.039479 14.5509983, 121.0394639 14.5509906, 121.039452 14.5509875, 121.039437 14.5509891, 121.0394212 14.5509937, 121.0394156 14.5510029, 121.0394117 14.5510136, 121.0394117 14.5510274, 121.0394196 14.5510412, 121.0394283 14.5510558, 121.0394433 14.5510757, 121.0394608 14.5510849, 121.0394726 14.5510864, 121.0394932 14.5510872, 121.0395091 14.5510895, 121.0395249 14.5510926, 121.0395352 14.5510987, 121.0395368 14.5511125, 121.0395281 14.5511209, 121.0395178 14.5511179, 121.0395059 14.5511156, 121.0394909 14.5511186, 121.0394861 14.5511294, 121.0394821 14.551137, 121.0394853 14.5511531, 121.0394964 14.5511646, 121.0395122 14.551173, 121.0395352 14.5511746, 121.0395487 14.5511738, 121.0395669 14.551173, 121.039578 14.551173, 121.039593 14.5511799, 121.0396025 14.5511838, 121.0396088 14.5511922, 121.0396152 14.5511991, 121.0396073 14.551206, 121.039597 14.5512052))"
,,,,,,,,,,,,,,,,,,,,,,,,,,,,,,,,,,,,,,,,,green,,,,,,,,,,,,,,,,,,,,,,,,,,,,,,,"POLYGON ((121.0398857 14.5501131, 121.0399137 14.5501339, 121.0399223 14.5501818, 121.0399266 14.5502171, 121.039918 14.5502587, 121.0399008 14.5502795, 121.039875 14.5503003, 121.0398492 14.5503294, 121.0398148 14.5503481, 121.039774 14.5503419, 121.0397375 14.5503107, 121.0397074 14.5502774, 121.0396838 14.5502358, 121.0396709 14.5502046, 121.0396644 14.5501776, 121.0396752 14.5501443, 121.039701 14.5501235, 121.0397504 14.5501194, 121.0397912 14.5501256, 121.0398428 14.5501215, 121.0398857 14.5501131))"
sand,,,,,,,,,,,,,,,,,,,,,,,,,,,,,,,,,,,,,,,,,bunker,,,,,,,,,,,,,,,,,,,,,,,,,,,,,,,"POLYGON ((121.0396516 14.5503245, 121.0396699 14.5503308, 121.0396868 14.5503258, 121.0396986 14.5503131, 121.0397025 14.5502929, 121.0396921 14.5502791, 121.0396777 14.5502702, 121.0396634 14.5502702, 121.0396399 14.5502828, 121.039636 14.550298, 121.0396399 14.5503119, 121.0396516 14.5503245))"
sand,,,,,,,,,,,,,,,,,,,,,,,,,,,,,,,,,,,,,,,,,bunker,,,,,,,,,,,,,,,,,,,,,,,,,,,,,,,"POLYGON ((121.0397351 14.5500972, 121.039756 14.5501048, 121.0397768 14.5500985, 121.0397926 14.5500867, 121.039796 14.5500769, 121.0398042 14.5500695, 121.0398123 14.5500681, 121.0398191 14.550076, 121.039822 14.5500867, 121.0398321 14.5500946, 121.0398446 14.5500969, 121.0398551 14.5500946, 121.0398662 14.5500862, 121.039871 14.5500774, 121.0398782 14.5500662, 121.0398883 14.550055, 121.0399047 14.5500429, 121.0399191 14.550029, 121.0399292 14.5500155, 121.0399364 14.5499997, 121.0399349 14.5499806, 121.0399253 14.5499624, 121.0399147 14.549955, 121.0399013 14.5499517, 121.0398873 14.5499522, 121.0398753 14.5499624, 121.03987 14.549975, 121.0398729 14.5499843, 121.039883 14.5499918, 121.0398955 14.5499941, 121.0398979 14.550002, 121.0398965 14.5500104, 121.0398893 14.5500201, 121.0398753 14.5500281, 121.0398643 14.5500299, 121.0398547 14.5500276, 121.039846 14.5500215, 121.039845 14.5500132, 121.039845 14.5500048, 121.0398388 14.5499945, 121.0398258 14.5499866, 121.0398138 14.5499862, 121.0398061 14.5499871, 121.0397931 14.5499922, 121.039784 14.5500006, 121.0397758 14.5500146, 121.0397787 14.5500239, 121.0397888 14.5500318, 121.0397965 14.550036, 121.0397984 14.550042, 121.0397955 14.5500481, 121.0397864 14.5500523, 121.0397772 14.5500546, 121.0397676 14.5500518, 121.0397599 14.5500467, 121.0397498 14.5500443, 121.0397364 14.5500443, 121.0397292 14.5500485, 121.0397229 14.5500578, 121.0397171 14.5500681, 121.0397162 14.5500765, 121.0397234 14.5500886, 121.0397351 14.5500972))"
sand,,,,,,,,,,,,,,,,,,,,,,,,,,,,,,,,,,,,,,,,,bunker,,,,,,,,,,,,,,,,,,,,,,,,,,,,,,,"POLYGON ((121.0399306 14.5503282, 121.0399402 14.5503217, 121.0399446 14.5503156, 121.0399527 14.5503142, 121.0399609 14.5503245, 121.0399652 14.5503329, 121.0399758 14.5503389, 121.0399912 14.550337, 121.0400008 14.5503296, 121.0400095 14.5503161, 121.0400109 14.5503073, 121.0400099 14.5502947, 121.0400066 14.5502826, 121.0400037 14.5502691, 121.0400032 14.5502551, 121.0400027 14.5502412, 121.0400066 14.5502277, 121.0400123 14.5502175, 121.0400234 14.5502077, 121.0400321 14.5501998, 121.0400412 14.5501928, 121.0400465 14.5501923, 121.0400527 14.5501979, 121.0400522 14.550203, 121.0400479 14.5502081, 121.0400407 14.5502105, 121.0400321 14.5502175, 121.0400297 14.5502277, 121.0400325 14.5502403, 121.0400383 14.5502486, 121.040047 14.5502528, 121.0400638 14.5502519, 121.0400753 14.5502468, 121.0400883 14.5502365, 121.0400917 14.5502221, 121.0400912 14.5502095, 121.0400873 14.5501933, 121.0400821 14.5501774, 121.0400729 14.5501639, 121.0400623 14.5501542, 121.040045 14.5501453, 121.0400297 14.5501467, 121.0400167 14.5501514, 121.0400104 14.5501597, 121.0400123 14.5501732, 121.0400167 14.5501826, 121.0400119 14.5501895, 121.0400032 14.5501937, 121.0399922 14.55019, 121.039984 14.5501839, 121.039971 14.5501812, 121.0399619 14.550183, 121.0399498 14.5501909, 121.0399407 14.5502035, 121.0399383 14.5502156, 121.0399402 14.5502309, 121.0399446 14.5502412, 121.0399527 14.5502458, 121.0399667 14.5502482, 121.0399772 14.5502477, 121.0399811 14.5502631, 121.0399801 14.5502728, 121.0399734 14.5502803, 121.0399609 14.5502868, 121.0399498 14.5502845, 121.0399364 14.5502779, 121.0399258 14.5502733, 121.0399147 14.5502747, 121.0399071 14.5502817, 121.0398989 14.5502947, 121.0398998 14.5503096, 121.0399066 14.5503212, 121.0399162 14.5503268, 121.0399306 14.5503282))"
sand,,,,,,,,,,,,,,,,,,,,,,,,,,,,,,,,,,,,,,,,,bunker,,,,,,,,,,,,,,,,,,,,,,,,,,,,,,,"POLYGON ((121.0414815 14.5506295, 121.0414896 14.5506369, 121.0414992 14.5506402, 121.0415137 14.5506379, 121.0415247 14.5506304, 121.0415324 14.550623, 121.0415315 14.5506151, 121.041529 14.550609, 121.0415295 14.5506025, 121.0415367 14.5505983, 121.0415449 14.5506002, 121.0415531 14.5506109, 121.0415641 14.5506248, 121.041579 14.5506374, 121.0415964 14.55065, 121.0416098 14.5506569, 121.0416252 14.550656, 121.0416363 14.5506472, 121.0416435 14.5506369, 121.0416454 14.5506253, 121.0416459 14.5506169, 121.0416411 14.5506048, 121.0416329 14.550596, 121.0416209 14.5505932, 121.0416084 14.5505909, 121.0415949 14.5505899, 121.0415815 14.5505895, 121.0415723 14.5505862, 121.0415627 14.5505806, 121.0415584 14.550575, 121.0415512 14.5505722, 121.041544 14.5505699, 121.0415425 14.5505643, 121.0415444 14.5505611, 121.0415516 14.5505611, 121.041556 14.5505671, 121.0415632 14.5505694, 121.0415714 14.5505657, 121.0415766 14.5505541, 121.0415747 14.5505448, 121.0415704 14.5505369, 121.0415641 14.550529, 121.0415555 14.5505257, 121.0415459 14.5505252, 121.0415372 14.5505276, 121.0415199 14.5505364, 121.0415098 14.5505439, 121.0414973 14.5505466, 121.0414882 14.5505453, 121.0414786 14.5505453, 121.0414617 14.5505466, 121.0414502 14.5505518, 121.0414372 14.5505606, 121.0414262 14.5505736, 121.041419 14.5505876, 121.0414209 14.5506002, 121.0414276 14.5506113, 121.0414358 14.5506183, 121.0414483 14.5506197, 121.0414608 14.5506141, 121.041468 14.5506085, 121.0414709 14.5506002, 121.0414699 14.5505941, 121.0414656 14.5505895, 121.0414641 14.5505839, 121.0414661 14.5505792, 121.0414718 14.5505774, 121.0414776 14.5505774, 121.0414839 14.5505843, 121.0414858 14.5505913, 121.0414853 14.5505983, 121.041481 14.5506048, 121.0414766 14.5506123, 121.0414757 14.550622, 121.0414815 14.5506295))"
sand,,,,,,,,,,,,,,,,,,,,,,,,,,,,,,,,,,,,,,,,,bunker,,,,,,,,,,,,,,,,,,,,,,,,,,,,,,,"POLYGON ((121.0423485 14.550415, 121.0423576 14.5504262, 121.042374 14.5504402, 121.0423836 14.5504453, 121.042399 14.5504485, 121.0424076 14.5504462, 121.0424153 14.5504383, 121.0424221 14.5504271, 121.0424192 14.550416, 121.0424149 14.5504066, 121.0424067 14.5504006, 121.0423942 14.5503978, 121.0423865 14.5503927, 121.0423851 14.5503852, 121.0423908 14.5503806, 121.0424 14.5503783, 121.042412 14.5503829, 121.0424211 14.5503894, 121.0424245 14.5503964, 121.0424365 14.5504048, 121.0424524 14.5504057, 121.0424634 14.5504011, 121.0424682 14.5503941, 121.0424726 14.5503857, 121.042473 14.5503773, 121.0424701 14.5503662, 121.0424653 14.5503592, 121.0424538 14.5503559, 121.0424456 14.5503541, 121.0424408 14.5503466, 121.0424394 14.5503406, 121.0424432 14.5503336, 121.0424514 14.5503303, 121.0424586 14.5503331, 121.0424634 14.5503406, 121.0424701 14.5503471, 121.0424817 14.5503466, 121.0424903 14.5503424, 121.0425004 14.5503317, 121.0425024 14.5503182, 121.0425014 14.5503061, 121.0424889 14.5502889, 121.0424745 14.5502773, 121.0424581 14.5502717, 121.042437 14.5502698, 121.042425 14.5502708, 121.0424158 14.5502791, 121.0424086 14.5502908, 121.0424096 14.5503052, 121.042411 14.5503201, 121.0424129 14.5503364, 121.0424072 14.550348, 121.0423961 14.5503592, 121.0423865 14.5503638, 121.0423759 14.5503638, 121.0423687 14.550361, 121.0423644 14.550355, 121.0423697 14.550348, 121.0423764 14.5503448, 121.042387 14.5503382, 121.0423899 14.550328, 121.0423875 14.5503164, 121.0423831 14.5503075, 121.0423721 14.5503015, 121.042361 14.5503029, 121.04235 14.5503066, 121.0423375 14.5503187, 121.0423322 14.5503345, 121.0423288 14.5503494, 121.0423274 14.5503671, 121.0423317 14.5503843, 121.042337 14.5503987, 121.0423485 14.550415))"
sand,,,,,,,,,,,,,,,,,,,,,,,,,,,,,,,,,,,,,,,,,bunker,,,,,,,,,,,,,,,,,,,,,,,,,,,,,,,"POLYGON ((121.0425193 14.5506549, 121.0425265 14.5506637, 121.0425366 14.5506707, 121.0425482 14.5506721, 121.0425626 14.5506693, 121.0425713 14.5506628, 121.0425765 14.5506558, 121.0425789 14.5506465, 121.0425761 14.5506381, 121.0425713 14.5506298, 121.0425645 14.5506279, 121.0425554 14.550627, 121.0425491 14.5506274, 121.0425453 14.5506228, 121.0425482 14.5506163, 121.0425573 14.5506107, 121.0425645 14.5506097, 121.0425722 14.5506097, 121.0425804 14.5506149, 121.0425847 14.5506209, 121.0425862 14.550626, 121.0425958 14.5506344, 121.0426083 14.5506344, 121.0426188 14.5506316, 121.0426261 14.5506246, 121.0426299 14.5506172, 121.0426275 14.5506074, 121.0426217 14.5506028, 121.042615 14.550599, 121.0426116 14.550593, 121.0426136 14.5505865, 121.0426203 14.55058, 121.0426294 14.5505795, 121.0426366 14.5505837, 121.0426443 14.5505879, 121.0426583 14.5505879, 121.0426684 14.5505814, 121.042677 14.5505716, 121.0426775 14.5505641, 121.042678 14.5505511, 121.0426741 14.5505423, 121.0426674 14.5505357, 121.0426573 14.5505306, 121.0426487 14.5505302, 121.0426376 14.5505348, 121.0426232 14.5505506, 121.0426097 14.5505637, 121.0425977 14.5505748, 121.0425847 14.5505786, 121.0425722 14.55058, 121.0425554 14.5505851, 121.0425376 14.550593, 121.0425232 14.550606, 121.0425145 14.5506209, 121.0425131 14.55064, 121.0425193 14.5506549))"
sand,,,,,,,,,,,,,,,,,,,,,,,,,,,,,,,,,,,,,,,,,bunker,,,,,,,,,,,,,,,,,,,,,,,,,,,,,,,"POLYGON ((121.0431567 14.5501365, 121.0431726 14.5501398, 121.0431879 14.5501477, 121.0432009 14.5501588, 121.0432129 14.5501761, 121.0432197 14.5501905, 121.0432269 14.5502091, 121.0432274 14.5502259, 121.0432274 14.5502366, 121.043223 14.5502454, 121.0432182 14.5502528, 121.0432134 14.5502598, 121.0432067 14.550264, 121.0432009 14.550264, 121.0431961 14.5502612, 121.0431932 14.5502538, 121.0431976 14.5502468, 121.0432038 14.5502435, 121.0432057 14.5502328, 121.0432019 14.5502249, 121.0431928 14.5502179, 121.0431812 14.5502142, 121.0431706 14.550217, 121.0431625 14.5502286, 121.0431581 14.5502403, 121.0431586 14.5502514, 121.0431649 14.5502631, 121.0431745 14.5502724, 121.043187 14.5502808, 121.0432009 14.5502845, 121.0432206 14.5502836, 121.043236 14.5502784, 121.0432447 14.550271, 121.0432514 14.5502621, 121.0432581 14.5502477, 121.0432577 14.55023, 121.0432548 14.5502138, 121.0432543 14.5501979, 121.0432601 14.5501793, 121.0432692 14.5501668, 121.0432831 14.5501519, 121.0432913 14.550143, 121.0433024 14.5501332, 121.0433043 14.5501202, 121.0433009 14.550109, 121.0432918 14.5501016, 121.0432754 14.5501011, 121.0432658 14.5501063, 121.043261 14.5501151, 121.0432586 14.5501272, 121.0432577 14.550137, 121.0432553 14.5501467, 121.0432466 14.5501514, 121.0432298 14.5501477, 121.0432182 14.5501402, 121.0432053 14.5501318, 121.0431913 14.5501188, 121.0431841 14.5501095, 121.0431769 14.5500932, 121.0431663 14.5500788, 121.043149 14.5500727, 121.0431355 14.5500783, 121.0431235 14.5500895, 121.0431182 14.5501049, 121.0431197 14.550116, 121.0431346 14.5501305, 121.0431567 14.5501365))"
sand,,,,,,,,,,,,,,,,,,,,,,,,,,,,,,,,,,,,,,,,,bunker,,,,,,,,,,,,,,,,,,,,,,,,,,,,,,,"POLYGON ((121.0433267 14.5499913, 121.0433368 14.549996, 121.0433522 14.5499955, 121.0433676 14.5499885, 121.0433753 14.5499834, 121.0433801 14.5499727, 121.0433791 14.549962, 121.0433729 14.5499517, 121.0433618 14.5499448, 121.0433493 14.5499434, 121.0433426 14.549948, 121.0433426 14.5499555, 121.0433388 14.5499643, 121.043332 14.5499629, 121.0433277 14.5499545, 121.0433291 14.5499401, 121.0433402 14.5499261, 121.0433517 14.5499215, 121.0433719 14.5499224, 121.043383 14.5499266, 121.0433993 14.5499289, 121.0434128 14.5499248, 121.0434263 14.5499145, 121.0434354 14.5499024, 121.0434373 14.5498894, 121.043434 14.5498824, 121.0434258 14.5498805, 121.0434152 14.5498778, 121.0434114 14.549868, 121.0434123 14.5498559, 121.043419 14.5498489, 121.0434277 14.5498489, 121.0434383 14.5498475, 121.0434508 14.5498401, 121.0434618 14.5498294, 121.0434705 14.5498126, 121.0434724 14.5497954, 121.0434739 14.5497689, 121.0434734 14.5497419, 121.0434652 14.5497219, 121.043459 14.5497135, 121.0434455 14.5497149, 121.043433 14.5497191, 121.0434248 14.5497312, 121.0434234 14.5497386, 121.0434219 14.5497475, 121.0434229 14.5497577, 121.0434258 14.5497698, 121.0434335 14.5497819, 121.0434407 14.549794, 121.043444 14.5498056, 121.0434392 14.5498168, 121.0434301 14.5498214, 121.0434176 14.5498149, 121.0434114 14.5498103, 121.0434022 14.5498117, 121.0433954 14.5498176, 121.0433901 14.549824, 121.0433846 14.5498333, 121.0433813 14.5498475, 121.0433835 14.5498589, 121.0433855 14.5498705, 121.0433831 14.5498853, 121.0433757 14.549892, 121.0433705 14.5498952, 121.0433638 14.5498927, 121.043356 14.549884, 121.0433474 14.5498737, 121.0433341 14.5498689, 121.0433227 14.5498694, 121.0433104 14.549872, 121.0432959 14.5498795, 121.0432881 14.5498942, 121.0432846 14.5499062, 121.0432851 14.5499211, 121.0432862 14.5499354, 121.0432918 14.5499517, 121.0432986 14.549967, 121.0433116 14.5499837, 121.0433267 14.5499913))"
sand,,,,,,,,,,,,,,,,,,,,,,,,,,,,,,,,,,,,,,,,,bunker,,,,,,,,,,,,,,,,,,,,,,,,,,,,,,,"POLYGON ((121.0432239 14.5496547, 121.0432395 14.5496674, 121.0432591 14.5496661, 121.0432682 14.5496598, 121.04328 14.5496484, 121.0432787 14.549632, 121.0432669 14.5496131, 121.0432448 14.549608, 121.0432304 14.5496156, 121.04322 14.5496333, 121.0432239 14.5496547))"
sand,,,,,,,,,,,,,,,,,,,,,,,,,,,,,,,,,,,,,,,,,bunker,,,,,,,,,,,,,,,,,,,,,,,,,,,,,,,"POLYGON ((121.043293 14.5493403, 121.0433113 14.5493391, 121.0433335 14.5493265, 121.0433452 14.5493075, 121.04334 14.5492835, 121.0433217 14.5492709, 121.0433025 14.5492654, 121.04328 14.5492759, 121.0432669 14.5492911, 121.0432643 14.5493163, 121.0432748 14.5493302, 121.043293 14.5493403))"
sand,,,,,,,,,,,,,,,,,,,,,,,,,,,,,,,,,,,,,,,,,bunker,,,,,,,,,,,,,,,,,,,,,,,,,,,,,,,"POLYGON ((121.0406054 14.5497981, 121.0406149 14.5498011, 121.0406275 14.5498011, 121.0406426 14.5497973, 121.0406529 14.5497889, 121.0406624 14.5497766, 121.0406758 14.5497636, 121.0406956 14.5497544, 121.0407083 14.5497528, 121.0407297 14.5497498, 121.0407447 14.5497367, 121.0407558 14.549726, 121.0407685 14.5497222, 121.0407796 14.5497206, 121.0407922 14.5497237, 121.0407938 14.5497329, 121.0407899 14.5497375, 121.0407804 14.5497383, 121.0407637 14.5497444, 121.0407574 14.5497521, 121.0407534 14.5497636, 121.0407582 14.5497789, 121.0407709 14.5497843, 121.0407907 14.5497804, 121.0408033 14.5497689, 121.040816 14.5497536, 121.0408271 14.549736, 121.0408318 14.5497137, 121.0408295 14.54969, 121.0408208 14.5496647, 121.0408105 14.5496463, 121.0407938 14.5496363, 121.0407796 14.549634, 121.0407661 14.5496409, 121.0407582 14.5496509, 121.0407542 14.5496647, 121.0407598 14.5496823, 121.0407582 14.5496992, 121.0407495 14.5497099, 121.0407265 14.5497222, 121.0407043 14.5497245, 121.040683 14.5497252, 121.0406663 14.5497214, 121.0406545 14.549713, 121.0406465 14.5497007, 121.0406339 14.5496892, 121.0406157 14.54968, 121.0406006 14.5496838, 121.0405919 14.5496946, 121.0405911 14.5497084, 121.0406014 14.5497168, 121.0406006 14.5497245, 121.0405935 14.5497306, 121.0405768 14.5497306, 121.0405634 14.549726, 121.0405468 14.5497191, 121.0405277 14.5497245, 121.0405167 14.5497383, 121.0405127 14.5497536, 121.0405222 14.5497689, 121.0405412 14.5497789, 121.0405602 14.5497751, 121.0405768 14.5497643, 121.0405903 14.5497528, 121.0406014 14.5497429, 121.0406141 14.5497413, 121.0406228 14.5497406, 121.0406354 14.5497452, 121.0406362 14.5497536, 121.0406252 14.5497574, 121.0406109 14.5497597, 121.0405998 14.5497689, 121.0405935 14.5497843, 121.0406054 14.5497981))"
sand,,,,,,,,,,,,,,,,,,,,,,,,,,,,,,,,,,,,,,,,,bunker,,,,,,,,,,,,,,,,,,,,,,,,,,,,,,,"POLYGON ((121.0425273 14.5495529, 121.0425416 14.5495681, 121.0425638 14.5495668, 121.0425782 14.5495542, 121.0425795 14.5495315, 121.0425755 14.5495176, 121.0425612 14.5495088, 121.0425416 14.5495113, 121.0425247 14.5495264, 121.0425273 14.5495529))"
sand,,,,,,,,,,,,,,,,,,,,,,,,,,,,,,,,,,,,,,,,,bunker,,,,,,,,,,,,,,,,,,,,,,,,,,,,,,,"POLYGON ((121.0423281 14.5492535, 121.0423198 14.5492503, 121.0423108 14.5492499, 121.0423022 14.5492524, 121.0422949 14.5492576, 121.0422898 14.5492648, 121.0422875 14.5492732, 121.0422882 14.5492819, 121.0422919 14.5492899, 121.0422976 14.5492959, 121.042305 14.5492999, 121.0423133 14.5493015, 121.0423217 14.5493004, 121.0423293 14.5492969, 121.0423355 14.5492912, 121.0423394 14.549284, 121.0423409 14.5492754, 121.0423393 14.5492668, 121.0423349 14.5492592, 121.0423281 14.5492535))"
sand,,,,,,,,,,,,,,,,,,,,,,,,,,,,,,,,,,,,,,,,,bunker,,,,,,,,,,,,,,,,,,,,,,,,,,,,,,,"POLYGON ((121.0425208 14.5492449, 121.0425064 14.5492613, 121.0425025 14.549284, 121.0425129 14.5493029, 121.0425403 14.5493029, 121.0425586 14.5492878, 121.0425664 14.5492739, 121.0425651 14.5492575, 121.042556 14.5492436, 121.042539 14.5492386, 121.0425208 14.5492449))"
sand,,,,,,,,,,,,,,,,,,,,,,,,,,,,,,,,,,,,,,,,,bunker,,,,,,,,,,,,,,,,,,,,,,,,,,,,,,,"POLYGON ((121.0425534 14.5491805, 121.042569 14.5491855, 121.0425834 14.5491805, 121.0425925 14.5491729, 121.0425925 14.5491578, 121.042586 14.5491401, 121.0425769 14.5491287, 121.0425612 14.5491249, 121.0425455 14.5491312, 121.0425377 14.5491464, 121.0425416 14.5491666, 121.0425534 14.5491805))"
sand,,,,,,,,,,,,,,,,,,,,,,,,,,,,,,,,,,,,,,,,,bunker,,,,,,,,,,,,,,,,,,,,,,,,,,,,,,,"POLYGON ((121.0435368 14.5493328, 121.0435503 14.5493496, 121.043563 14.5493565, 121.0435788 14.549355, 121.0435883 14.5493481, 121.0435946 14.5493374, 121.0435946 14.5493213, 121.0435883 14.5493067, 121.0435843 14.5492898, 121.0435843 14.5492783, 121.0435931 14.549263, 121.0436034 14.5492469, 121.043601 14.5492316, 121.0435946 14.5492224, 121.0435836 14.5492078, 121.0435788 14.5492009, 121.0435796 14.5491856, 121.0435828 14.5491718, 121.0435883 14.5491603, 121.0435923 14.5491526, 121.0435986 14.5491526, 121.043601 14.5491618, 121.0435962 14.5491726, 121.0436026 14.5491818, 121.0436105 14.5491879, 121.0436263 14.5491894, 121.043639 14.5491802, 121.0436429 14.5491588, 121.0436382 14.5491427, 121.0436287 14.5491273, 121.0436136 14.5491105, 121.0435915 14.5490974, 121.0435725 14.5490928, 121.0435519 14.5490913, 121.0435337 14.5490959, 121.0435139 14.5491089, 121.0435044 14.5491243, 121.043502 14.5491411, 121.0435083 14.5491519, 121.0435202 14.5491588, 121.0435329 14.5491595, 121.0435416 14.5491557, 121.0435503 14.5491488, 121.0435558 14.5491373, 121.0435558 14.5491289, 121.0435606 14.5491227, 121.0435685 14.5491227, 121.0435756 14.549125, 121.0435772 14.5491373, 121.0435725 14.5491496, 121.0435622 14.5491618, 121.0435519 14.5491802, 121.043544 14.5491994, 121.0435416 14.5492101, 121.04354 14.5492232, 121.0435471 14.5492362, 121.043555 14.5492485, 121.0435574 14.5492615, 121.043555 14.5492753, 121.0435487 14.5492814, 121.04354 14.5492837, 121.0435313 14.5492883, 121.0435226 14.5492952, 121.0435194 14.5493044, 121.0435257 14.5493213, 121.0435368 14.5493328))"
sand,,,,,,,,,,,,,,,,,,,,,,,,,,,,,,,,,,,,,,,,,bunker,,,,,,,,,,,,,,,,,,,,,,,,,,,,,,,"POLYGON ((121.0437198 14.5488355, 121.0437179 14.5488509, 121.0437222 14.5488644, 121.0437294 14.5488709, 121.0437342 14.5488732, 121.0437434 14.5488751, 121.0437511 14.5488751, 121.0437607 14.5488709, 121.0437684 14.5488649, 121.0437703 14.5488546, 121.0437693 14.5488472, 121.0437679 14.5488365, 121.0437698 14.548829, 121.0437751 14.5488248, 121.0437857 14.5488239, 121.0437929 14.5488286, 121.0437967 14.5488388, 121.0437982 14.54885, 121.0438035 14.5488621, 121.0438145 14.5488714, 121.043827 14.5488765, 121.043841 14.548877, 121.0438501 14.5488714, 121.0438626 14.5488593, 121.043864 14.5488514, 121.0438645 14.5488351, 121.0438607 14.5488304, 121.0438491 14.5488188, 121.0438376 14.5488151, 121.0438275 14.5488113, 121.043816 14.5488067, 121.0438126 14.5487997, 121.0438107 14.548789, 121.0438136 14.5487788, 121.0438213 14.5487736, 121.0438304 14.5487769, 121.043839 14.5487853, 121.0438482 14.5487895, 121.0438588 14.5487876, 121.0438684 14.5487825, 121.0438737 14.548775, 121.0438756 14.5487615, 121.0438746 14.548748, 121.0438679 14.5487322, 121.0438539 14.5487136, 121.0438419 14.5486987, 121.0438323 14.5486908, 121.0438188 14.5486848, 121.0438068 14.5486815, 121.0437938 14.5486852, 121.0437838 14.5486936, 121.0437746 14.5487038, 121.0437741 14.5487155, 121.0437756 14.5487243, 121.0437809 14.5487308, 121.043789 14.5487359, 121.0437987 14.5487364, 121.0438092 14.5487341, 121.043814 14.5487294, 121.0438169 14.548722, 121.0438217 14.5487192, 121.0438275 14.5487211, 121.0438294 14.5487285, 121.0438275 14.5487364, 121.0438232 14.5487453, 121.0438174 14.5487527, 121.0438092 14.5487569, 121.0438006 14.5487574, 121.0437895 14.5487588, 121.0437804 14.5487601, 121.0437727 14.5487643, 121.043765 14.5487713, 121.0437607 14.5487802, 121.0437607 14.548789, 121.0437578 14.5487992, 121.043753 14.5488044, 121.0437458 14.5488104, 121.0437342 14.5488174, 121.0437241 14.5488248, 121.0437198 14.5488355))"
sand,,,,,,,,,,,,,,,,,,,,,,,,,,,,,,,,,,,,,,,,,bunker,,,,,,,,,,,,,,,,,,,,,,,,,,,,,,,"POLYGON ((121.040149 14.5490044, 121.0401558 14.5490231, 121.0401673 14.5490403, 121.0401827 14.5490528, 121.0401981 14.5490621, 121.0402106 14.5490696, 121.040224 14.5490715, 121.040238 14.5490682, 121.0402471 14.5490594, 121.040249 14.54905, 121.040249 14.5490417, 121.0402433 14.5490324, 121.0402327 14.549031, 121.040224 14.5490296, 121.0402178 14.5490258, 121.0402158 14.5490203, 121.0402173 14.5490128, 121.0402235 14.5490072, 121.0402283 14.549003, 121.0402389 14.549003, 121.0402495 14.5490063, 121.040263 14.5490114, 121.0402716 14.5490151, 121.0402783 14.5490156, 121.0402899 14.5490105, 121.0402942 14.5490063, 121.0403024 14.548997, 121.0403029 14.5489891, 121.0403005 14.5489798, 121.0402942 14.5489723, 121.0402865 14.5489681, 121.040275 14.5489691, 121.0402673 14.5489728, 121.0402615 14.5489714, 121.0402591 14.5489649, 121.0402615 14.548957, 121.040274 14.5489467, 121.040287 14.5489402, 121.0402985 14.5489407, 121.0403106 14.5489435, 121.0403245 14.5489425, 121.0403375 14.5489374, 121.0403418 14.5489291, 121.0403423 14.5489179, 121.0403394 14.5489039, 121.0403332 14.5488942, 121.0403264 14.5488886, 121.0403173 14.5488872, 121.0403072 14.5488886, 121.0402995 14.5488942, 121.0402981 14.5489021, 121.0402933 14.5489063, 121.0402875 14.5489049, 121.0402817 14.5488997, 121.0402822 14.54889, 121.040287 14.5488811, 121.0402981 14.5488681, 121.0403134 14.5488606, 121.0403259 14.548856, 121.040336 14.548849, 121.0403399 14.5488355, 121.040337 14.548823, 121.0403269 14.5488109, 121.0403101 14.5488076, 121.0402913 14.5488095, 121.0402711 14.5488243, 121.0402649 14.5488416, 121.0402577 14.5488588, 121.0402591 14.5488704, 121.0402577 14.5488895, 121.0402529 14.5489049, 121.0402466 14.5489109, 121.0402408 14.54891, 121.040236 14.5489053, 121.040237 14.5488988, 121.0402389 14.5488937, 121.0402433 14.5488858, 121.0402437 14.5488727, 121.0402322 14.548863, 121.0402115 14.5488555, 121.0402019 14.5488565, 121.0401918 14.5488611, 121.040188 14.54887, 121.040188 14.5488797, 121.0401894 14.5488876, 121.0401875 14.5488993, 121.0401779 14.5489035, 121.040163 14.5489021, 121.0401505 14.5488974, 121.0401312 14.5489007, 121.0401178 14.5489095, 121.040111 14.5489249, 121.0401115 14.5489402, 121.0401183 14.5489523, 121.0401298 14.548957, 121.0401408 14.5489537, 121.0401471 14.5489439, 121.0401586 14.5489318, 121.0401673 14.5489249, 121.0401822 14.5489225, 121.0401947 14.5489258, 121.0402077 14.5489332, 121.0402158 14.5489439, 121.0402173 14.5489533, 121.0402173 14.5489672, 121.0402139 14.5489784, 121.040211 14.5489854, 121.0402058 14.5489933, 121.0401966 14.5489951, 121.0401889 14.5489909, 121.040187 14.5489854, 121.0401908 14.548977, 121.0402 14.54897, 121.0402008 14.5489626, 121.0401961 14.5489556, 121.0401875 14.5489481, 121.040175 14.5489481, 121.0401634 14.5489491, 121.0401567 14.5489579, 121.0401505 14.5489681, 121.0401457 14.5489854, 121.040149 14.5490044))"
sand,,,,,,,,,,,,,,,,,,,,,,,,,,,,,,,,,,,,,,,,,bunker,,,,,,,,,,,,,,,,,,,,,,,,,,,,,,,"POLYGON ((121.041249 14.5487644, 121.0412371 14.5487851, 121.0412411 14.548805, 121.0412585 14.5488142, 121.0412783 14.548818, 121.0412997 14.5488088, 121.0413131 14.5487935, 121.0413179 14.5487751, 121.0413171 14.5487621, 121.0413195 14.5487376, 121.0413171 14.5487199, 121.0413147 14.5486992, 121.0413139 14.5486816, 121.0413163 14.5486701, 121.0413234 14.5486601, 121.0413337 14.5486594, 121.0413401 14.548667, 121.0413401 14.5486839, 121.0413456 14.5486946, 121.0413591 14.5487, 121.0413733 14.5486985, 121.041386 14.5486923, 121.0413931 14.5486831, 121.0413907 14.5486709, 121.0413852 14.5486617, 121.0413789 14.5486532, 121.0413749 14.5486325, 121.0413773 14.5486187, 121.0413836 14.5486088, 121.0413931 14.5486026, 121.0414018 14.5486057, 121.041401 14.5486218, 121.0414002 14.5486348, 121.0414097 14.548644, 121.0414295 14.5486471, 121.041447 14.5486417, 121.0414596 14.5486272, 121.0414636 14.5486118, 121.0414588 14.5485927, 121.0414525 14.5485766, 121.0414367 14.548562, 121.0414153 14.5485536, 121.0413987 14.5485559, 121.0413717 14.548562, 121.0413575 14.5485797, 121.0413432 14.5486011, 121.0413266 14.5486249, 121.0413084 14.5486417, 121.0412822 14.5486525, 121.0412601 14.5486617, 121.0412387 14.548667, 121.0412197 14.5486762, 121.0411999 14.54869, 121.0411856 14.5487107, 121.0411856 14.5487322, 121.0411896 14.5487491, 121.0412126 14.5487552, 121.0412276 14.5487475, 121.0412379 14.5487353, 121.0412426 14.5487215, 121.0412466 14.5487115, 121.0412498 14.5486985, 121.0412609 14.5486946, 121.0412712 14.5487015, 121.0412743 14.5487192, 121.0412743 14.5487353, 121.0412656 14.5487491, 121.041249 14.5487644))"
sand,,,,,,,,,,,,,,,,,,,,,,,,,,,,,,,,,,,,,,,,,bunker,,,,,,,,,,,,,,,,,,,,,,,,,,,,,,,"POLYGON ((121.0404282 14.5481487, 121.0404432 14.5481602, 121.0404599 14.5481655, 121.0404765 14.5481663, 121.0404915 14.5481594, 121.040509 14.5481525, 121.0405264 14.5481387, 121.0405367 14.5481218, 121.0405319 14.5481073, 121.040524 14.5480958, 121.0405145 14.5480958, 121.0405074 14.5481034, 121.0404987 14.5481073, 121.0404955 14.5480988, 121.0404971 14.5480881, 121.0405018 14.5480774, 121.0405105 14.5480659, 121.0405272 14.5480551, 121.0405462 14.548049, 121.0405691 14.5480505, 121.040585 14.5480528, 121.0406016 14.5480467, 121.0406095 14.5480306, 121.0406072 14.5480137, 121.0405897 14.5479976, 121.0405699 14.5479938, 121.0405478 14.5479953, 121.0405311 14.5480045, 121.0405193 14.5480214, 121.0405113 14.5480329, 121.0404955 14.5480406, 121.0404805 14.5480329, 121.0404702 14.5480252, 121.0404551 14.5480268, 121.0404472 14.5480367, 121.040444 14.5480513, 121.0404504 14.5480674, 121.040463 14.5480774, 121.0404686 14.548095, 121.0404749 14.5481119, 121.0404749 14.5481257, 121.0404725 14.5481364, 121.040463 14.5481379, 121.0404559 14.5481333, 121.0404567 14.5481226, 121.0404543 14.5481119, 121.0404448 14.548105, 121.040429 14.5481042, 121.0404195 14.5481119, 121.0404171 14.5481341, 121.0404282 14.5481487))"
sand,,,,,,,,,,,,,,,,,,,,,,,,,,,,,,,,,,,,,,,,,bunker,,,,,,,,,,,,,,,,,,,,,,,,,,,,,,,"POLYGON ((121.0408817 14.547972, 121.040899 14.5479799, 121.0409105 14.5479771, 121.040925 14.5479696, 121.0409399 14.5479608, 121.0409514 14.5479571, 121.0409634 14.5479589, 121.040973 14.547965, 121.0409855 14.5479692, 121.0410028 14.5479668, 121.041012 14.5479594, 121.0410182 14.5479473, 121.0410197 14.5479394, 121.0410158 14.5479301, 121.0410105 14.5479208, 121.0410019 14.5479143, 121.0409937 14.5479129, 121.0409855 14.5479152, 121.0409745 14.547917, 121.0409711 14.5479119, 121.0409716 14.547904, 121.0409802 14.5478928, 121.0409913 14.5478859, 121.0410048 14.5478849, 121.0410235 14.547891, 121.0410355 14.547891, 121.0410533 14.5478821, 121.0410596 14.54787, 121.0410644 14.5478561, 121.0410596 14.5478454, 121.0410533 14.5478319, 121.0410418 14.5478226, 121.0410312 14.5478189, 121.0410197 14.5478193, 121.0410091 14.5478235, 121.0410019 14.5478324, 121.0410019 14.5478421, 121.040999 14.5478514, 121.0409927 14.5478561, 121.0409846 14.5478561, 121.0409812 14.5478538, 121.0409817 14.5478474, 121.0409856 14.5478411, 121.0409871 14.5478351, 121.0409857 14.5478269, 121.0409767 14.5478196, 121.0409656 14.5478163, 121.0409544 14.547819, 121.0409408 14.5478253, 121.0409331 14.5478369, 121.0409285 14.5478496, 121.0409272 14.5478638, 121.0409297 14.5478817, 121.0409321 14.5478993, 121.0409323 14.5479137, 121.0409319 14.547926, 121.0409274 14.5479335, 121.0409186 14.5479369, 121.0409131 14.547933, 121.0409118 14.5479266, 121.0409115 14.5479183, 121.0409077 14.5479093, 121.0409008 14.5479056, 121.0408905 14.5479029, 121.0408816 14.5479051, 121.0408733 14.5479128, 121.0408677 14.5479244, 121.0408674 14.5479366, 121.0408694 14.547947, 121.0408749 14.5479611, 121.0408817 14.547972))"
sand,,,,,,,,,,,,,,,,,,,,,,,,,,,,,,,,,,,,,,,,,bunker,,,,,,,,,,,,,,,,,,,,,,,,,,,,,,,"POLYGON ((121.0426387 14.5480717, 121.0426608 14.5480734, 121.0426767 14.5480631, 121.0426865 14.5480469, 121.0426874 14.5480323, 121.0426803 14.5480152, 121.0426723 14.5480041, 121.0426759 14.5479946, 121.0426874 14.5479852, 121.0427015 14.5479878, 121.0427166 14.5479929, 121.042729 14.5479998, 121.0427484 14.5479938, 121.042759 14.5479809, 121.042767 14.5479647, 121.0427573 14.5479501, 121.0427484 14.5479398, 121.0427351 14.5479398, 121.0427245 14.5479398, 121.0427157 14.5479321, 121.0427148 14.5479201, 121.0427183 14.5479081, 121.0427307 14.5479021, 121.042744 14.5479073, 121.0427617 14.5479107, 121.0427741 14.5479047, 121.0427838 14.5478944, 121.0427838 14.5478799, 121.0427785 14.5478679, 121.0427643 14.5478567, 121.0427511 14.5478593, 121.0427422 14.5478687, 121.0427281 14.5478704, 121.0427236 14.5478662, 121.0427263 14.547849, 121.0427351 14.5478396, 121.0427466 14.5478336, 121.0427652 14.5478293, 121.0427803 14.5478131, 121.042782 14.5477968, 121.0427723 14.5477848, 121.0427511 14.5477745, 121.042736 14.5477771, 121.0427192 14.5477899, 121.0427148 14.5478096, 121.0427051 14.5478293, 121.0426918 14.5478439, 121.0426794 14.5478653, 121.042675 14.5478901, 121.0426776 14.5479133, 121.0426697 14.5479355, 121.0426644 14.547951, 121.0426537 14.5479672, 121.0426414 14.5479724, 121.042629 14.5479707, 121.0426245 14.5479612, 121.042629 14.5479492, 121.0426378 14.547945, 121.0426511 14.5479321, 121.0426555 14.5479116, 121.0426431 14.5478953, 121.0426245 14.5478901, 121.0426068 14.5478936, 121.0425936 14.5479081, 121.042583 14.5479304, 121.0425759 14.5479561, 121.0425803 14.5479792, 121.0425927 14.5479955, 121.0426086 14.5480058, 121.0426192 14.5480272, 121.042621 14.5480452, 121.0426237 14.5480606, 121.0426387 14.5480717))"
sand,,,,,,,,,,,,,,,,,,,,,,,,,,,,,,,,,,,,,,,,,bunker,,,,,,,,,,,,,,,,,,,,,,,,,,,,,,,"POLYGON ((121.0437949 14.5479929, 121.0438082 14.5479929, 121.0438233 14.5479852, 121.0438392 14.5479638, 121.0438533 14.5479321, 121.0438631 14.5479107, 121.0438693 14.5478918, 121.0438719 14.5478713, 121.0438613 14.5478559, 121.0438525 14.5478421, 121.0438383 14.5478242, 121.0438339 14.5478079, 121.0438392 14.5477882, 121.0438498 14.547789, 121.043864 14.5477993, 121.0438781 14.5478062, 121.0438932 14.547801, 121.0439047 14.5477848, 121.0439073 14.5477634, 121.0439073 14.5477462, 121.0438976 14.5477274, 121.043879 14.5477145, 121.0438604 14.5477068, 121.0438445 14.5477026, 121.0438268 14.547706, 121.0438109 14.5477197, 121.04381 14.547736, 121.0438206 14.5477471, 121.0438321 14.5477479, 121.0438436 14.5477394, 121.0438533 14.5477394, 121.0438578 14.5477488, 121.0438533 14.5477616, 121.043841 14.5477685, 121.043825 14.5477702, 121.0438064 14.5477651, 121.0437879 14.5477634, 121.0437728 14.5477685, 121.0437569 14.5477839, 121.0437542 14.547801, 121.0437613 14.5478147, 121.0437746 14.5478225, 121.0437852 14.547819, 121.0437941 14.5478096, 121.0438064 14.5478036, 121.0438135 14.5478113, 121.0438144 14.5478267, 121.0438064 14.5478413, 121.0437896 14.547849, 121.0437711 14.5478499, 121.0437525 14.5478559, 121.043741 14.5478747, 121.0437392 14.5478978, 121.0437489 14.5479132, 121.0437719 14.5479175, 121.0437914 14.5479132, 121.0437994 14.5478995, 121.0438038 14.5478815, 121.0438047 14.547873, 121.0438109 14.547861, 121.0438241 14.5478593, 121.0438348 14.5478696, 121.0438383 14.5478798, 121.0438365 14.5478935, 121.0438286 14.5479098, 121.0438144 14.5479269, 121.0438003 14.5479406, 121.0437808 14.5479569, 121.0437719 14.547968, 121.0437755 14.5479852, 121.0437949 14.5479929))"
sand,,,,,,,,,,,,,,,,,,,,,,,,,,,,,,,,,,,,,,,,,bunker,,,,,,,,,,,,,,,,,,,,,,,,,,,,,,,"POLYGON ((121.042868 14.5471238, 121.0428839 14.5471195, 121.0428972 14.5471084, 121.0429034 14.5470947, 121.0429016 14.547081, 121.0428928 14.5470707, 121.0428804 14.5470621, 121.0428601 14.5470638, 121.0428503 14.5470698, 121.0428432 14.5470784, 121.0428397 14.5470998, 121.0428459 14.5471152, 121.042868 14.5471238))"
sand,,,,,,,,,,,,,,,,,,,,,,,,,,,,,,,,,,,,,,,,,bunker,,,,,,,,,,,,,,,,,,,,,,,,,,,,,,,"POLYGON ((121.0429229 14.5473704, 121.0429459 14.5473807, 121.0429618 14.5473927, 121.042976 14.5474107, 121.0429857 14.547427, 121.0429981 14.5474321, 121.0430167 14.5474355, 121.0430352 14.5474304, 121.0430503 14.547421, 121.0430556 14.5474038, 121.0430521 14.5473936, 121.0430476 14.547385, 121.0430352 14.5473807, 121.0430202 14.5473841, 121.0430105 14.5473799, 121.0430069 14.5473687, 121.0430131 14.5473585, 121.0430246 14.5473473, 121.0430414 14.547343, 121.0430565 14.5473456, 121.0430724 14.5473602, 121.0430874 14.5473627, 121.0431025 14.547355, 121.0431096 14.5473413, 121.0431122 14.5473259, 121.0431025 14.5473131, 121.0430839 14.5473131, 121.0430786 14.5473071, 121.0430795 14.5472968, 121.0430874 14.5472839, 121.0430972 14.5472737, 121.0430981 14.5472565, 121.0430848 14.5472428, 121.0430689 14.5472428, 121.0430574 14.5472505, 121.0430547 14.547266, 121.0430547 14.5472797, 121.0430512 14.5472899, 121.0430406 14.5472959, 121.0430299 14.5472899, 121.0430246 14.5472797, 121.0430299 14.5472651, 121.0430264 14.5472557, 121.0430096 14.547248, 121.0429892 14.5472497, 121.0429786 14.54726, 121.042976 14.5472779, 121.0429848 14.5472942, 121.0429884 14.5473165, 121.0429901 14.547337, 121.0429848 14.5473533, 121.0429724 14.5473619, 121.0429574 14.5473619, 121.0429512 14.5473567, 121.0429538 14.5473456, 121.0429592 14.547337, 121.0429547 14.5473268, 121.042945 14.5473156, 121.0429308 14.5473139, 121.0429185 14.5473199, 121.0429105 14.5473302, 121.0429052 14.5473465, 121.0429105 14.5473593, 121.0429229 14.5473704))"
sand,,,,,,,,,,,,,,,,,,,,,,,,,,,,,,,,,,,,,,,,,bunker,,,,,,,,,,,,,,,,,,,,,,,,,,,,,,,"POLYGON ((121.0432396 14.54751, 121.0432653 14.5475195, 121.0432839 14.5475195, 121.0433086 14.547516, 121.0433325 14.547504, 121.0433511 14.5474912, 121.0433706 14.5474741, 121.0433785 14.5474535, 121.0433812 14.5474338, 121.0433759 14.5474201, 121.0433626 14.5474124, 121.0433458 14.547415, 121.043337 14.5474261, 121.0433325 14.5474381, 121.0433219 14.547439, 121.0433166 14.5474295, 121.0433228 14.5474141, 121.0433334 14.5474004, 121.0433467 14.5473919, 121.0433635 14.5473919, 121.0433777 14.5473944, 121.043398 14.5473944, 121.0434184 14.5473824, 121.0434405 14.5473602, 121.0434493 14.5473422, 121.0434493 14.5473233, 121.0434405 14.5473071, 121.0434263 14.5472985, 121.0434069 14.5472994, 121.0433971 14.5473148, 121.043398 14.5473319, 121.0433918 14.5473482, 121.0433803 14.5473559, 121.0433635 14.547355, 121.0433538 14.5473465, 121.0433626 14.5473362, 121.0433715 14.5473242, 121.0433724 14.5473113, 121.0433662 14.5472994, 121.0433458 14.5472951, 121.0433263 14.5472994, 121.0433104 14.5473113, 121.0433044 14.5473268, 121.0433042 14.5473507, 121.0433051 14.5473722, 121.0433033 14.5473927, 121.0432892 14.547415, 121.0432794 14.5474244, 121.0432688 14.5474372, 121.0432564 14.5474544, 121.0432396 14.5474689, 121.0432352 14.5474903, 121.0432396 14.54751))"
sand,,,,,,,,,,,,,,,,,,,,,,,,,,,,,,,,,,,,,,,,,bunker,,,,,,,,,,,,,,,,,,,,,,,,,,,,,,,"POLYGON ((121.0420934 14.5461711, 121.042109 14.5461836, 121.0421267 14.5461909, 121.0421433 14.5461909, 121.0421573 14.5461836, 121.0421783 14.5461716, 121.0421928 14.5461597, 121.0422014 14.5461451, 121.0422153 14.546129, 121.0422288 14.5461196, 121.0422357 14.5461129, 121.042239 14.5461004, 121.0422357 14.5460905, 121.0422255 14.5460822, 121.0422143 14.5460817, 121.0422067 14.5460827, 121.0422008 14.54609, 121.0421949 14.5460962, 121.0421885 14.5460957, 121.0421863 14.546089, 121.0421874 14.5460801, 121.0421917 14.5460708, 121.0422014 14.5460661, 121.0422228 14.5460635, 121.0422363 14.546064, 121.0422551 14.546064, 121.042269 14.5460609, 121.0422857 14.5460526, 121.0423056 14.5460365, 121.0423206 14.5460193, 121.0423287 14.5459985, 121.0423249 14.5459808, 121.0423158 14.5459657, 121.0423013 14.5459553, 121.0422814 14.5459527, 121.042269 14.5459605, 121.0422594 14.5459704, 121.0422599 14.5459839, 121.0422637 14.5459943, 121.0422664 14.5460058, 121.042261 14.5460203, 121.0422513 14.5460266, 121.0422438 14.5460224, 121.0422427 14.546012, 121.0422406 14.5459943, 121.0422331 14.5459865, 121.0422228 14.5459803, 121.0422019 14.5459787, 121.0421917 14.5459845, 121.0421836 14.5459964, 121.0421852 14.5460094, 121.042189 14.5460198, 121.0421971 14.5460255, 121.0422014 14.5460349, 121.0421971 14.5460432, 121.0421869 14.5460458, 121.0421767 14.5460458, 121.0421718 14.5460396, 121.042167 14.546025, 121.0421568 14.5460209, 121.0421417 14.5460229, 121.042131 14.5460276, 121.0421176 14.5460417, 121.0421122 14.5460557, 121.0421111 14.5460744, 121.042117 14.5460869, 121.0421358 14.5460936, 121.0421493 14.546102, 121.0421627 14.5461207, 121.042167 14.5461306, 121.0421675 14.546141, 121.0421638 14.5461482, 121.0421589 14.5461571, 121.0421514 14.5461602, 121.0421401 14.5461592, 121.0421369 14.546154, 121.0421374 14.5461482, 121.042138 14.5461389, 121.0421353 14.5461295, 121.0421283 14.5461264, 121.0421149 14.5461243, 121.0421036 14.5461254, 121.0420896 14.5461337, 121.0420837 14.5461456, 121.0420853 14.5461592, 121.0420934 14.5461711))"
sand,,,,,,,,,,,,,,,,,,,,,,,,,,,,,,,,,,,,,,,,,bunker,,,,,,,,,,,,,,,,,,,,,,,,,,,,,,,"POLYGON ((121.0430734 14.5467396, 121.0430831 14.546749, 121.043095 14.5467528, 121.0431087 14.5467511, 121.0431211 14.5467408, 121.0431295 14.5467241, 121.0431348 14.5467074, 121.0431424 14.5466907, 121.0431517 14.5466822, 121.0431632 14.5466787, 121.0431698 14.5466822, 121.0431685 14.546698, 121.0431663 14.5467079, 121.0431707 14.546719, 121.0431817 14.5467254, 121.0431946 14.5467267, 121.0432065 14.5467216, 121.0432127 14.5467151, 121.0432149 14.5467079, 121.0432109 14.5466989, 121.0432083 14.5466886, 121.0432078 14.5466809, 121.0432092 14.5466728, 121.0432149 14.5466702, 121.0432242 14.5466723, 121.0432251 14.5466843, 121.0432216 14.5466937, 121.0432282 14.5467014, 121.0432423 14.5467066, 121.0432596 14.546701, 121.0432671 14.546692, 121.0432676 14.5466817, 121.0432676 14.546671, 121.0432605 14.5466633, 121.0432512 14.5466535, 121.043245 14.5466453, 121.0432428 14.5466342, 121.0432415 14.5466256, 121.0432428 14.5466158, 121.0432463 14.5466077, 121.0432516 14.5466055, 121.0432578 14.5466072, 121.0432592 14.5466149, 121.0432556 14.5466231, 121.0432525 14.5466338, 121.0432565 14.5466432, 121.0432684 14.5466496, 121.0432782 14.5466505, 121.0432884 14.5466466, 121.0432985 14.5466368, 121.0433025 14.5466227, 121.0433025 14.5466098, 121.0432976 14.5465961, 121.0432875 14.5465833, 121.0432742 14.5465768, 121.0432587 14.5465768, 121.0432432 14.5465768, 121.0432291 14.5465717, 121.0432154 14.546564, 121.0432008 14.546558, 121.0431848 14.5465567, 121.0431671 14.5465696, 121.0431618 14.5465837, 121.0431636 14.5465995, 121.0431729 14.5466085, 121.0431835 14.5466089, 121.0431963 14.5466085, 121.0432078 14.5466137, 121.0432083 14.5466201, 121.0432065 14.5466274, 121.0431985 14.5466334, 121.043187 14.5466411, 121.0431751 14.5466415, 121.0431618 14.5466355, 121.0431525 14.5466256, 121.0431397 14.5466201, 121.0431238 14.5466192, 121.043111 14.5466222, 121.0431012 14.5466312, 121.0430946 14.5466432, 121.0430968 14.5466556, 121.0431034 14.5466616, 121.0431127 14.5466646, 121.0431211 14.5466663, 121.0431264 14.5466736, 121.0431229 14.5466813, 121.0431149 14.5466912, 121.0431039 14.546695, 121.0430959 14.5466942, 121.043084 14.5466942, 121.0430729 14.5466993, 121.0430618 14.5467143, 121.0430636 14.5467288, 121.0430734 14.5467396))"
sand,,,,,,,,,,,,,,,,,,,,,,,,,,,,,,,,,,,,,,,,,bunker,,,,,,,,,,,,,,,,,,,,,,,,,,,,,,,"POLYGON ((121.0440559 14.5463738, 121.0440599 14.5463879, 121.0440718 14.5464004, 121.044089 14.5464076, 121.0441054 14.5464106, 121.0441258 14.5464085, 121.0441404 14.5464029, 121.0441532 14.5463956, 121.0441651 14.5463862, 121.0441722 14.5463729, 121.0441735 14.5463657, 121.0441718 14.5463571, 121.0441656 14.5463498, 121.0441581 14.5463485, 121.0441488 14.5463473, 121.0441457 14.5463421, 121.0441461 14.5463314, 121.0441528 14.5463233, 121.0441634 14.5463186, 121.0441758 14.5463198, 121.044189 14.546319, 121.0441992 14.5463113, 121.0442035 14.5463045, 121.0442036 14.5462929, 121.0442014 14.5462864, 121.0441957 14.5462779, 121.0441908 14.5462719, 121.044182 14.5462676, 121.0441722 14.5462697, 121.0441603 14.5462822, 121.0441572 14.5462899, 121.0441443 14.5462954, 121.0441382 14.5462903, 121.0441373 14.5462826, 121.0441461 14.546274, 121.0441541 14.5462642, 121.0441554 14.5462526, 121.0441483 14.5462415, 121.0441342 14.5462321, 121.0441213 14.5462316, 121.0441076 14.5462363, 121.0440975 14.5462496, 121.0440957 14.5462646, 121.0440997 14.5462779, 121.0441054 14.5462907, 121.0441147 14.5463139, 121.04412 14.5463288, 121.044124 14.5463434, 121.0441231 14.5463567, 121.0441196 14.5463635, 121.0441152 14.5463699, 121.0441085 14.5463712, 121.0441036 14.546367, 121.0441036 14.546358, 121.0441085 14.5463507, 121.0441076 14.5463417, 121.0441014 14.5463336, 121.0440877 14.5463301, 121.0440736 14.5463327, 121.0440594 14.5463434, 121.0440554 14.5463588, 121.0440559 14.5463738))"
sand,,,,,,,,,,,,,,,,,,,,,,,,,,,,,,,,,,,,,,,,,bunker,,,,,,,,,,,,,,,,,,,,,,,,,,,,,,,"POLYGON ((121.0444936 14.5461943, 121.0445133 14.5461872, 121.0445286 14.5461752, 121.044533 14.5461576, 121.0445279 14.5461386, 121.0445155 14.5461301, 121.0444987 14.546128, 121.0444842 14.5461308, 121.0444703 14.5461414, 121.0444608 14.5461534, 121.0444565 14.5461703, 121.0444608 14.5461844, 121.0444761 14.5461943, 121.0444936 14.5461943))"
sand,,,,,,,,,,,,,,,,,,,,,,,,,,,,,,,,,,,,,,,,,bunker,,,,,,,,,,,,,,,,,,,,,,,,,,,,,,,"POLYGON ((121.0435717 14.5455137, 121.0435897 14.5455265, 121.0436089 14.5455253, 121.0436305 14.5455137, 121.0436389 14.5454951, 121.0436353 14.5454765, 121.0436185 14.5454544, 121.0435921 14.5454521, 121.0435801 14.5454602, 121.0435705 14.5454742, 121.0435657 14.5454939, 121.0435717 14.5455137))"
sand,,,,,,,,,,,,,,,,,,,,,,,,,,,,,,,,,,,,,,,,,bunker,,,,,,,,,,,,,,,,,,,,,,,,,,,,,,,"POLYGON ((121.0444476 14.545786, 121.0444512 14.5458008, 121.0444614 14.5458079, 121.0444731 14.5458234, 121.0444768 14.5458396, 121.0444833 14.5458558, 121.0444935 14.5458763, 121.0445117 14.5458841, 121.044535 14.5458834, 121.0445474 14.5458791, 121.0445576 14.5458671, 121.0445576 14.5458544, 121.0445504 14.5458474, 121.0445387 14.5458439, 121.0445314 14.5458347, 121.0445343 14.5458269, 121.0445474 14.5458213, 121.0445613 14.5458213, 121.0445729 14.545829, 121.0445831 14.5458354, 121.0445948 14.5458375, 121.0446043 14.545834, 121.0446094 14.5458248, 121.0446116 14.5458128, 121.0446072 14.5458008, 121.0445984 14.5457895, 121.044581 14.5457902, 121.04457 14.5457917, 121.0445562 14.5457881, 121.0445533 14.5457811, 121.0445525 14.5457705, 121.0445562 14.5457649, 121.0445678 14.5457592, 121.0445788 14.5457536, 121.0445817 14.5457416, 121.0445759 14.5457303, 121.0445606 14.5457211, 121.0445387 14.5457197, 121.0445256 14.5457261, 121.0445154 14.5457465, 121.0445183 14.5457599, 121.0445219 14.5457719, 121.0445263 14.5457846, 121.0445285 14.5457966, 121.0445227 14.5458072, 121.0445139 14.5458149, 121.0445066 14.5458149, 121.0445008 14.5458058, 121.0445037 14.5457945, 121.0445081 14.5457804, 121.0445044 14.5457705, 121.0444935 14.5457599, 121.0444731 14.5457585, 121.0444542 14.5457656, 121.0444469 14.5457747, 121.0444476 14.545786))"
sand,,,,,,,,,,,,,,,,,,,,,,,,,,,,,,,,,,,,,,,,,bunker,,,,,,,,,,,,,,,,,,,,,,,,,,,,,,,"POLYGON ((121.0405479 14.5526302, 121.0405515 14.5526535, 121.0405671 14.5526662, 121.0405911 14.5526755, 121.0406115 14.5526593, 121.0406199 14.5526372, 121.0406187 14.5526116, 121.0406139 14.5525861, 121.0406055 14.552571, 121.0405911 14.5525617, 121.0405683 14.5525617, 121.0405527 14.5525744, 121.0405431 14.5526047, 121.0405479 14.5526302))"
,swimming_pool,,,,,,,,,,,,,,,,,,,,,,,,,,,,,,,,,,,,,,,,,,,,,,,,,,,,,,,,,,,,,,,,,,,,,,,"POLYGON ((121.0397698 14.5531474, 121.0398392 14.5531259, 121.0397972 14.5529988, 121.0397278 14.5530203, 121.0397698 14.5531474))"
,swimming_pool,,,,,,,,,,,,,,,,,,,,,,,,,,,,,,,,,,,,,,,,,,,,,,,,,,,,,,,,,,,,,,,,,,,,,,,"POLYGON ((121.0393791 14.5525849, 121.0394314 14.5525647, 121.0393856 14.552453, 121.0393332 14.5524731, 121.0393791 14.5525849))"
,,,,,,,,,,,,,,,,,,,,,,,,,,,,,,,,,,,,,,,,,tee,,,,,,,,,,,,,,,,,,,,,,,,,,,,,,,"POLYGON ((121.0403846 14.5511585, 121.0405016 14.551124, 121.0404665 14.5510128, 121.0403496 14.5510473, 121.0403846 14.5511585))"
,,,,,,,,,,,,,,,,,,,,,,,,,,,,,,,,,,,,,,,,,tee,,,,,,,,,,,,,,,,,,,,,,,,,,,,,,,"POLYGON ((121.040313 14.5509914, 121.0404512 14.5509468, 121.0404211 14.5508593, 121.0402829 14.5509038, 121.040313 14.5509914))"
,,,,,,,,,,,,,,,,,,,,,,,,,,,,,,,,,,,,,,,,,fairway,,,,,,,,,,,,,,,,,,,,,,,,,,,,,,,"POLYGON ((121.0410395 14.5510027, 121.0410925 14.5510134, 121.0411323 14.551007, 121.0411853 14.5509835, 121.0411941 14.5509536, 121.0411941 14.5509307, 121.0411941 14.5509044, 121.0411588 14.5508787, 121.0411278 14.5508702, 121.0411058 14.5508509, 121.041108 14.5508146, 121.0411256 14.5508039, 121.0411588 14.5507975, 121.0412007 14.5508103, 121.041225 14.5508295, 121.0412449 14.5508851, 121.041256 14.5509258, 121.0412957 14.5509407, 121.0413708 14.5509578, 121.0414084 14.5509856, 121.0414261 14.5510519, 121.0414261 14.5511139, 121.0414084 14.5511674, 121.041362 14.5512016, 121.0413222 14.5512101, 121.0412648 14.5512101, 121.0412118 14.551208, 121.041161 14.5511994, 121.0411058 14.5511695, 121.0410859 14.5511225, 121.041077 14.5510883, 121.0410815 14.5510626, 121.0410594 14.5510305, 121.0410395 14.5510027))"
,,,,,,,,,,,,,,,,,,,,,,,,,,,,,,,,,,,,,,,,,green,,,,,,,,,,,,,,,,,,,,,,,,,,,,,,,"POLYGON ((121.0408561 14.5508766, 121.0408782 14.5509108, 121.0409246 14.5509279, 121.0409666 14.5509407, 121.0410108 14.5509707, 121.0410395 14.5510027, 121.0410925 14.5510134, 121.0411323 14.551007, 121.0411853 14.5509835, 121.0411941 14.5509536, 121.0411941 14.5509307, 121.0411941 14.5509044, 121.0411588 14.5508787, 121.0411278 14.5508702, 121.0411058 14.5508509, 121.0410857 14.5508234, 121.0410264 14.5508175, 121.0409802 14.5508134, 121.0409431 14.5508013, 121.0409115 14.5508065, 121.0408703 14.5508363, 121.0408561 14.5508766))"
,,,,,,,,,,,,,,,,,,,,,,,,,,,,,,,,,,,,,,,,,,,,,,,,,,,,,,,,,,,,,,,,,,,,,,,,"POLYGON ((121.012725 14.5619169, 121.0127619 14.5618402, 121.0128994 14.5619023, 121.0128625 14.561979, 121.012725 14.5619169))"
,swimming_pool,,,,,,,,,,,,,,,,,,,,,,,,,,,,,,,,,,,,,,,,,,,,,,,,,,,,,,,,,,,,,,,,,,,,,,,"POLYGON ((121.0240895 14.5655099, 121.0240802 14.5654862, 121.0240043 14.5655139, 121.0240311 14.5655212, 121.024065 14.565519, 121.0240895 14.5655099))"
,swimming_pool,,,,,,,,,,,,,,,,,,,,,,,,,,,,,,,,,,,,,,,,,,,,,,,,,,,,,,,,,,,,,,,,,,,,,,,"POLYGON ((121.0231427 14.5634206, 121.0231863 14.563405, 121.0231555 14.5633272, 121.0231112 14.5633421, 121.0231427 14.5634206))"
water,,,,,,,,,,,,,,,,,,,,,,,,,,,,,,,,,,,,,,,,,,,,,,,,,,,,,,,,,,,,,,,,,,,,,,,,"POLYGON ((121.027332 14.5613368, 121.0273493 14.5613546, 121.0273735 14.5613617, 121.0273981 14.5613562, 121.0274165 14.5613394, 121.0274238 14.561316, 121.0274181 14.5612922, 121.0274008 14.5612744, 121.0273766 14.5612673, 121.027352 14.5612729, 121.0273336 14.5612896, 121.0273263 14.561313, 121.027332 14.5613368))"
,swimming_pool,,,,,,,,,,,,,,,,,,,permissive,,,,,,,,,,,,,,,,,,,,,,,,,,,,,,,,,,,,,,,,,,,,,,,,,,,,"POLYGON ((121.0230737 14.5612047, 121.023093 14.5612123, 121.0231078 14.5612184, 121.0231418 14.5612222, 121.0231652 14.5612162, 121.023183 14.5612116, 121.0231845 14.5611747, 121.0230788 14.5611644, 121.0230737 14.5612047))"
,swimming_pool,,,,,,,,,,,,,,,,,,,permissive,,,,,,,,,,,,,,,,,,,,,,,,,,,,,,,,,,,,,,,,,,,,,,,,,,,,"POLYGON ((121.02474 14.5597716, 121.024725 14.5598099, 121.0247896 14.5598337, 121.0248047 14.5597954, 121.02474 14.5597716))"
,swimming_pool,,,,,,,,,,,roof,,,,,,,,permissive,,,,,,,,,,,,,,,,,,,,,,,,,,,,,,,,,,,,,,,,,,,,,,,,,,,,"POLYGON ((121.0255641 14.5596239, 121.0256136 14.5596675, 121.025643 14.5596783, 121.0256684 14.5596908, 121.0256821 14.5597107, 121.0257097 14.5597506, 121.0256827 14.5597715, 121.0255479 14.5596403, 121.0255641 14.5596239))"
,pitch,,,,,,2,,concrete,,,,,,,,,,,permissive,,,,,,,,,,,,,,,,,,,,,,,,,,,,,,,,,,,,,,,,,,,,,,,,,,,,"POLYGON ((121.0251762 14.561676, 121.0252977 14.5616658, 121.0252755 14.5614149, 121.0251517 14.561424, 121.0251762 14.561676))"
,swimming_pool,,,,,,,,,,,,,,,,,,,,,,,,,,,,,,,,,,,,,,,,,,,,,,,,,,,,,,,,,,,,,,,,,,,,,,,"POLYGON ((121.0254653 14.5640059, 121.0254563 14.5639983, 121.0254526 14.5639854, 121.0254529 14.5639746, 121.0254586 14.563963, 121.0255243 14.563941, 121.0255409 14.563942, 121.0255535 14.5639527, 121.0255607 14.5639637, 121.0255552 14.5639786, 121.0255374 14.5639864, 121.0255136 14.563989, 121.0254918 14.564001, 121.0254653 14.5640059))"
,swimming_pool,,,,,,,,,,,,,,,,,,,,,,,,,,,,,,,,,,,,,,,,,,,,,,,,,,,,,,,,,,,,,,,,,,,,,,,"POLYGON ((121.028035 14.563182, 121.0280246 14.5631712, 121.0280262 14.5631566, 121.0280414 14.5631476, 121.0280573 14.5631425, 121.0280808 14.5631364, 121.0280932 14.563135, 121.0281 14.563145, 121.0281036 14.5631593, 121.0280924 14.5631718, 121.0280749 14.5631813, 121.0280581 14.5631851, 121.0280461 14.5631867, 121.028035 14.563182))"
,,,,,,,,,,,,,,,,,,,,,,,,,,,,,,,,,,,,,,,,,,,,,,,,,,,,,,,,,,,,,,,,,,,,,,,,"POLYGON ((121.0113198 14.5436372, 121.0114976 14.543662, 121.0115113 14.5435691, 121.0113335 14.5435443, 121.0113198 14.5436372))"
,,,,,,,,,,,,,,,,,,,,,,,,,,,,,,,,,,,,,,,,,,,,,,,,,,,,,,,,,,,,,,,,,,,,,,,,"POLYGON ((121.0094795 14.5446937, 121.0095834 14.5447151, 121.0095979 14.5446493, 121.009494 14.5446279, 121.0094795 14.5446937))"
,sports_centre,,,,,,,,,,,,,,,,,,,,,,,,,,,,,,,,,,,,,,,,,,roof,,,,,,,,,,,,,,,,,,,,,,,,,,,,,"POLYGON ((121.0103766 14.5441741, 121.0105635 14.5442038, 121.0106004 14.5440291, 121.0104155 14.543991, 121.0103766 14.5441741))"
,,,,,,,,,,,,,,,,,,,,,,,,,,neighbourhood,,,,,,,,,,,,,,,,,,,,,,,,,,,,,,,,,,,,,,,,,,,,,,"POLYGON ((121.0159061 14.5657078, 121.0160804 14.5661569, 121.0164057 14.566044, 121.0165723 14.5664516, 121.0169195 14.5664619, 121.0169973 14.566328, 121.0166726 14.5654312, 121.0164358 14.5655184, 121.0160391 14.5644766, 121.015785 14.5645721, 121.0160879 14.5653754, 121.0161874 14.5656091, 121.0159061 14.5657078))"
,pitch,,,,,,,yes,shell,,,,,,,,,,,private,,,,,,,,,,,,,,,,,,,,,,,,,,,,,,,,,,,,,,,,,,,,,,,,,,,,"POLYGON ((121.0385683 14.5429212, 121.0385684 14.5425137, 121.0393127 14.5425139, 121.0393126 14.5429214, 121.0385683 14.5429212))"
,sports_centre,,,,,,,,,,,,,,,,,,,,,,,,,,,,,,,,,,,,,,,,,,yes,,,,,,,,,,,,,,,,,,,,,,,,,,,,,"POLYGON ((121.0386428 14.5421909, 121.0386423 14.5418218, 121.0393162 14.5418209, 121.0393167 14.5421905, 121.0386428 14.5421909))"
,garden,,,,,,,,,,,,,,,,,,,private,,,,,,,,,,,,,,,,,,,,,,,,,,,,,,,,,,,,,,,,,,,,,,,,,,,,"POLYGON ((121.0270963 14.5578041, 121.0270791 14.5578648, 121.0271468 14.5578908, 121.0269667 14.5584197, 121.0271922 14.5584971, 121.0272253 14.5584984, 121.0272511 14.558466, 121.027399 14.5579523, 121.0273849 14.5579182, 121.0273648 14.5578982, 121.0270963 14.5578041))"
,,,,,,,,,,,,,,,,,,,,,,,,,,,,,,,,,,,,,,,,,,,,,,,,,,,,,,,,,,,,,,,,,,,,,,,,"POLYGON ((121.0228759 14.5574503, 121.0227477 14.5574918, 121.0224992 14.5583149, 121.0224898 14.5583808, 121.02253 14.5584178, 121.0246863 14.5590524, 121.0247395 14.5590385, 121.0249943 14.5581854, 121.0249923 14.5581264, 121.02494 14.5580831, 121.0228759 14.5574503))"
,,,,,,,,,,,,,,,,,,,,,,,,,,,,,,,,,,,,,,,,,,,,,,,,,,,,,,,,,,,,,,,,,,,,,,,,"POLYGON ((121.0150193 14.570502, 121.0149227 14.570333, 121.0151178 14.5702306, 121.0152014 14.5703492, 121.0150193 14.570502))"
,park,,,,,,,,,,,,,,,,,,,,,,,,,,,,,,,,,,,,,,,,,,,,,,,,,,,,,,,,,,,,,,,,,,,,,,,"POLYGON ((121.0240606 14.5537282, 121.0242858 14.5541972, 121.0243542 14.5542673, 121.0244508 14.554301, 121.0245554 14.5542958, 121.0246506 14.5542335, 121.0250501 14.5540002, 121.02499 14.5539088, 121.0248097 14.5540085, 121.024681 14.553967, 121.0246638 14.5540168, 121.0243377 14.5539254, 121.0243548 14.5538673, 121.0242261 14.553834, 121.0241468 14.5536848, 121.0240606 14.5537282))"
,park,,,,,,,,,,,,,,,,,,,,,,,,,,,,,,,,,,,,,,,,,,,,,,,,,,,,,,,,,,,,,,,,,,,,,,,"POLYGON ((121.0254636 14.5547548, 121.0255304 14.5547982, 121.0257557 14.5547385, 121.0259033 14.554754, 121.0261527 14.5544996, 121.025804 14.5540362, 121.0257504 14.5540284, 121.0247941 14.5546593, 121.0247903 14.5546974, 121.0248135 14.5546974, 121.0249305 14.554728, 121.024909 14.5548491, 121.0250004 14.5548672, 121.0250397 14.5547214, 121.0251684 14.5546772, 121.0250825 14.5545348, 121.0257517 14.5541008, 121.0258984 14.5543031, 121.025389 14.5546391, 121.0254636 14.5547548))"
,park,,,,,,,,,,,,,,,,,,,,,,,,,,,,,,,,,,,,,,,,,,,,,,,,,,,,,,,,,,,,,,,,,,,,,,,"POLYGON ((121.0250004 14.5548672, 121.024909 14.5548491, 121.0248879 14.5549676, 121.0247281 14.5549428, 121.0249127 14.5552624, 121.0250353 14.5551976, 121.0249554 14.5550341, 121.0250004 14.5548672))"
,,,,,,,,,,,,,,,,,,,,,,,,,,,Q4830865,Category:Ayala Center,en:Ayala Center,,,,,,,,,,,,,,,,,,,,,,,,,,,,,,,,,,,,,,,,,,,"POLYGON ((121.0230472 14.5517902, 121.0242833 14.5511692, 121.0243574 14.5510488, 121.0244355 14.5509246, 121.0245904 14.5507393, 121.0247039 14.5506422, 121.024952 14.5504826, 121.0252172 14.5503494, 121.0254556 14.5502496, 121.0255154 14.5502219, 121.0255771 14.5501852, 121.025927 14.549786, 121.0249265 14.5489333, 121.0252737 14.548571, 121.0262617 14.5494086, 121.0269561 14.5486245, 121.0277894 14.5493341, 121.0275753 14.5495696, 121.0275488 14.5496878, 121.0267071 14.5506242, 121.0271984 14.5510558, 121.0273278 14.5512389, 121.0278609 14.5516941, 121.0272894 14.5522806, 121.0268131 14.5527119, 121.026333 14.5531373, 121.0257435 14.5525023, 121.025586 14.5526426, 121.0253635 14.5528273, 121.0253255 14.5528567, 121.0252922 14.5528787, 121.0252556 14.552899, 121.0252116 14.5529199, 121.0251763 14.5529328, 121.0251371 14.5529427, 121.0251024 14.5529479, 121.0250617 14.5529511, 121.0250255 14.5529517, 121.0249877 14.552947, 121.0249489 14.552939, 121.0249129 14.5529269, 121.0248834 14.5529128, 121.0248523 14.5528961, 121.0248138 14.5528629, 121.024787 14.5528302, 121.0246456 14.5529015, 121.0238159 14.5533142, 121.0236182 14.5529198, 121.0230472 14.5517902))"
,swimming_pool,,,,,,,,,,,,,,,,,,,private,,,,,,,,,,,,,,,,,,,,,,,,,,,,,,,,,,,,,,,,,,,,,,,,,,,,"POLYGON ((121.0376458 14.5633966, 121.0376633 14.5633711, 121.0378126 14.5634671, 121.0377951 14.5634926, 121.0376458 14.5633966))"
,,,,,,,,,,,,,,,,,,,,,,,,,,,,,,,,,,,,,,,,,,,,,,,,,,,,,,,,,,,,,,,,,,,,,,,,"POLYGON ((121.0262825 14.5604245, 121.0269893 14.560098, 121.0262744 14.5586663, 121.0262114 14.5585586, 121.0260948 14.5584358, 121.0259458 14.55836, 121.0252284 14.5581601, 121.025168 14.5581653, 121.0251225 14.5582113, 121.0248503 14.5590901, 121.0254122 14.5592679, 121.0255516 14.5593335, 121.0256737 14.5594153, 121.0257455 14.5594827, 121.0258855 14.5596717, 121.0260305 14.5599235, 121.0262825 14.5604245))"
,swimming_pool,,,,,Common area for Linear residents,,,,,,,,,,,,,,private,,,,,,,,,,,,,,,,,,,,,,,,,,,,,,,,,,,,,,,,,,,,,,,,,,,,"POLYGON ((121.0078438 14.5594836, 121.008011 14.5592075, 121.0076962 14.55903, 121.0075278 14.5593167, 121.0078438 14.5594836))"
,,,,,,,,,,,,,,,,,,,,,,,,,,,,,,,,,,,,,,,,,,,,,,,,,,,,,,,,,,,,,,,,,,,,,,,,"POLYGON ((121.0447751 14.5680963, 121.0450252 14.5680872, 121.0449985 14.5680796, 121.0449761 14.5680658, 121.044937 14.5680419, 121.0449006 14.5680148, 121.0448805 14.5679915, 121.0448685 14.5679682, 121.0448543 14.5679376, 121.044846 14.5679181, 121.0448362 14.5678939, 121.0447751 14.5680963))"
,,,,,,,,,,,,,,,,,,,,,,,,,,,,,,,,,,,,,,,,,,,,,,,,,,,,,,,,,,,,,,,,,,,,,,,,"POLYGON ((121.0448458 14.567728, 121.0448155 14.5677756, 121.044789 14.5678254, 121.0447648 14.5678703, 121.0447155 14.5680964, 121.0446904 14.5680851, 121.0446776 14.5680725, 121.0446662 14.5680536, 121.0446636 14.5680313, 121.0446629 14.5680064, 121.0446719 14.5679781, 121.044693 14.5679251, 121.0447331 14.5678355, 121.0447663 14.5677726, 121.0447864 14.5677348, 121.0448444 14.567681, 121.0448925 14.5676326, 121.0449349 14.5675998, 121.0449711 14.5675768, 121.0450425 14.5675502, 121.0450831 14.5675381, 121.045128 14.5675272, 121.0451616 14.5675172, 121.0452335 14.567502, 121.0452888 14.5674885, 121.0453493 14.5674695, 121.0453775 14.5674517, 121.0454108 14.5674256, 121.0454479 14.5674016, 121.0454875 14.5675987, 121.0454611 14.5675866, 121.0454391 14.5675783, 121.0454071 14.5675682, 121.0453786 14.5675586, 121.0453552 14.567554, 121.0453198 14.567549, 121.0452826 14.5675473, 121.045252 14.5675477, 121.0452027 14.5675507, 121.0451748 14.5675525, 121.0451448 14.5675548, 121.0451154 14.567559, 121.04508 14.5675661, 121.0450428 14.5675774, 121.0449874 14.5676012, 121.0449472 14.5676245, 121.0449169 14.5676433, 121.0448914 14.5676704, 121.0448728 14.5676937, 121.0448458 14.567728))"
,,,,,,,,,,,,,,,,,,,,,,,,,,,,,,,,,,,,,,,,,,,,,,,,,,,,,,,,,,,,,,,,,,,,,,,,"POLYGON ((121.045693 14.5668213, 121.045777 14.5670934, 121.0457824 14.5670804, 121.045791 14.5670637, 121.045805 14.5670397, 121.0458223 14.5670162, 121.0458417 14.5669917, 121.0458498 14.566981, 121.0458623 14.5669665, 121.0458855 14.5669456, 121.0459041 14.5669314, 121.0459276 14.5669175, 121.0459559 14.5669021, 121.0459785 14.5668943, 121.0460065 14.5668849, 121.0460334 14.5668781, 121.0460566 14.5668744, 121.0460971 14.5668699, 121.046125 14.5668692, 121.0461649 14.5668718, 121.046216 14.5668802, 121.0462462 14.5668885, 121.0462769 14.566901, 121.0463144 14.5669192, 121.04635 14.566941, 121.0463935 14.5669763, 121.0464303 14.5670108, 121.0464633 14.5670454, 121.0464918 14.5670845, 121.0465223 14.5671314, 121.0465381 14.5671695, 121.0465527 14.5672133, 121.0465635 14.5672649, 121.0465689 14.5673254, 121.0465689 14.5673624, 121.0465636 14.5674153, 121.0465516 14.5674735, 121.0465419 14.5675173, 121.0465263 14.5675715, 121.0465026 14.5676372, 121.0464891 14.5676757, 121.046486 14.567689, 121.0464864 14.5676997, 121.0464891 14.567706, 121.0464988 14.5677081, 121.0465058 14.5677044, 121.0465107 14.5676966, 121.0465258 14.5676591, 121.0465419 14.5676033, 121.0465542 14.5675613, 121.046567 14.5675099, 121.0465773 14.5674667, 121.0465795 14.5674484, 121.0465893 14.5673905, 121.046592 14.5673457, 121.0465912 14.567309, 121.0465877 14.5672667, 121.0465802 14.567231, 121.0465699 14.5671914, 121.0465592 14.5671575, 121.0465381 14.5671122, 121.0465112 14.5670673, 121.0464811 14.5670302, 121.0464543 14.5670033, 121.0464266 14.5669792, 121.0463652 14.5669281, 121.0463383 14.5669105, 121.0463055 14.5668916, 121.0462735 14.5668767, 121.0462381 14.5668651, 121.046198 14.5668561, 121.0461712 14.5668514, 121.0461395 14.5668482, 121.0461101 14.5668494, 121.0460823 14.566854, 121.0460556 14.5668598, 121.0460286 14.5668656, 121.0459946 14.5668729, 121.0459623 14.5668771, 121.0459219 14.5668817, 121.0458788 14.5668833, 121.0458379 14.5668817, 121.0458088 14.5668791, 121.0457749 14.5668687, 121.0457329 14.5668499, 121.045693 14.5668213))"
,,,,,,,,,,,,,,,,,,,,,,,,,,,,,,,,,,,,,,,,,,,,,,,,,,,,,,,,,,,,,,,,,,,,,,,,"POLYGON ((121.0465694 14.5677205, 121.0465834 14.567716, 121.0465978 14.567714, 121.0466132 14.5677135, 121.0466282 14.5677135, 121.0466426 14.567714, 121.0466565 14.567715, 121.0466658 14.567718, 121.0466555 14.5677005, 121.0466447 14.5676781, 121.0466344 14.5676467, 121.0466261 14.5676212, 121.046623 14.5676033, 121.0466215 14.5675943, 121.0466184 14.5676108, 121.0466138 14.5676242, 121.0466055 14.5676462, 121.0465931 14.5676741, 121.0465864 14.5676906, 121.0465694 14.5677205))"
,,,,,,,,,,,,,,,,,,,,,,,,,,,,,,,,,,,,,,,,,,,,,,,,,,,,,,,,,,,,,,,,,,,,,,,,"POLYGON ((121.0145208 14.5597895, 121.0145356 14.5597707, 121.0145436 14.5597551, 121.014547 14.5597408, 121.0145463 14.5597305, 121.0145429 14.5597214, 121.0145369 14.5597149, 121.0145275 14.5597077, 121.0145121 14.5596974, 121.014494 14.559687, 121.0144786 14.5596766, 121.0145037 14.5597227, 121.0145101 14.5597391, 121.0145129 14.5597646, 121.0145121 14.5597866, 121.0145134 14.5597979, 121.0145208 14.5597895))"
water,,,,,,,,,,,,,,,,,,,,,,,,,,,,,,,,,,,,,,,,,,pond,,,,,,,,,,,,,,,,,,,,,,,,,,,,,,"POLYGON ((121.0375722 14.563147, 121.0375854 14.5631306, 121.0376089 14.563142, 121.0376187 14.5631493, 121.0376314 14.5631588, 121.0376389 14.5631702, 121.0376474 14.5631834, 121.0376549 14.5631947, 121.0376567 14.5632024, 121.0376403 14.5631865, 121.0376281 14.5631747, 121.0376065 14.5631615, 121.0375722 14.563147))"
,pitch,,,,,,,,shell,,,,,,,,,,,,,,,,,,,,,,,,,,,,,,,,,,,,,,,,,,,,,,,,,,,,,,,,,,,,,,,"POLYGON ((121.0391775 14.5422423, 121.0391762 14.542457, 121.0392841 14.5424577, 121.0392855 14.542243, 121.0391775 14.5422423))"
,pitch,,,,,,,,shell,,,,,,,,,,,,,,,,,,,,,,,,,,,,,,,,,,,,,,,,,,,,,,,,,,,,,,,,,,,,,,,"POLYGON ((121.0390394 14.5422462, 121.039038 14.5424609, 121.039146 14.5424615, 121.0391474 14.5422469, 121.0390394 14.5422462))"
,pitch,,,,,,,,shell,,,,,,,,,,,,,,,,,,,,,,,,,,,,,,,,,,,,,,,,,,,,,,,,,,,,,,,,,,,,,,,"POLYGON ((121.0389039 14.5422482, 121.0389026 14.5424628, 121.0390105 14.5424635, 121.0390119 14.5422488, 121.0389039 14.5422482))"
,pitch,,,,,,,,shell,,,,,,,,,,,,,,,,,,,,,,,,,,,,,,,,,,,,,,,,,,,,,,,,,,,,,,,,,,,,,,,"POLYGON ((121.0387625 14.5422462, 121.0387611 14.5424609, 121.038869 14.5424615, 121.0388704 14.5422469, 121.0387625 14.5422462))"
,pitch,,,,,,,,shell,,,,,,,,,,,,,,,,,,,,,,,,,,,,,,,,,,,,,,,,,,,,,,,,,,,,,,,,,,,,,,,"POLYGON ((121.038624 14.5422455, 121.0386226 14.5424602, 121.0387306 14.5424608, 121.0387319 14.5422461, 121.038624 14.5422455))"
,,,,,,,,,,,,,,,,,,,,,,,,,,,,,,,,,car,,,,,,,,,,,,,,,,,,,,,,,,yes,,,,,,,,,,,,,,,"POLYGON ((121.0198615 14.5385148, 121.0199706 14.538301, 121.0203107 14.5384764, 121.0205245 14.5380664, 121.0211833 14.5384165, 121.0209862 14.5387853, 121.0205197 14.5385476, 121.0203891 14.5387923, 121.0198615 14.5385148))"
,,,,,,,,,,,,,,,,,,,,,,,,,,,,,,,,,,,,,,,,,,,,,,,,,,,,,,,,,,,,,,,,,,,,,,,,"POLYGON ((121.0165796 14.5779214, 121.0164365 14.5778002, 121.0169226 14.5772627, 121.0170657 14.5773839, 121.0165796 14.5779214))"
scrub,,,,,,,,,,,,,,,,,,,,,,,,,,,,,,,,,,,,,,,,,,,,,,,,,,,,,,,,,,,,,,,,,,,,,,,,"POLYGON ((121.018498 14.5424283, 121.0184915 14.5424455, 121.0184909 14.5424637, 121.0184962 14.5424812, 121.018507 14.5424963, 121.0185234 14.5425078, 121.0185429 14.5425134, 121.0185631 14.5425122, 121.0185818 14.5425045, 121.0185967 14.5424911, 121.018606 14.5424737, 121.0186087 14.5424542, 121.0186044 14.542435, 121.0185946 14.5424194, 121.0185803 14.5424075, 121.0185628 14.5424006, 121.0185439 14.5423995, 121.0185257 14.5424041, 121.0185098 14.542414, 121.018498 14.5424283))"
,,,,,,,,,,,,,,,,,,,,,,,,,,,,,,,,,,,,,,,,,,,,,,,,,,,,,,,,,,,,,,,,,,,,,,,,"POLYGON ((121.0407016 14.5595194, 121.0407738 14.5594851, 121.0407543 14.5593577, 121.040577 14.5591077, 121.0404114 14.5593013, 121.0407016 14.5595194))"
,pitch,,,,,,,,,,,,,,,,,,,,,,,,,,,,,,,,,,,,,,,,,,,,,,,,,,,,,,,,,,,,,,,,,,,,,,,"POLYGON ((121.0475673 14.564066, 121.0477879 14.5642413, 121.0478786 14.5641344, 121.047658 14.5639591, 121.0475673 14.564066))"
,pitch,,,,,,,,,,,,,,,,,,,,,,,,,,,,,,,,,,,,,,,,,,,,,,,,,,,,,,,,,,,,,,,,,,,,,,,"POLYGON ((121.0432815 14.5668462, 121.0435105 14.5668462, 121.0435105 14.5667062, 121.0432815 14.5667062, 121.0432815 14.5668462))"
,garden,,,,,,,,,,,,,,,,,,,,,,,,,,,,,,,,,,,,,,,,,,,,,,,,,,,,,,,,,,,,,,,,,,,,,,,"POLYGON ((121.0408969 14.5416032, 121.0409336 14.5416447, 121.0409891 14.5416346, 121.0410078 14.5415831, 121.0409711 14.5415416, 121.0409156 14.5415517, 121.0408969 14.5416032))"
,,,,,,,,,,,,,,,,,,,,,,,,,,,,,,,,,,,,,,,,,,,,,,,,,,,,,,,,,,,,,,,,,,,,,,,,"POLYGON ((121.0102907 14.5559542, 121.0104128 14.5560243, 121.0104517 14.5559607, 121.0103256 14.555888, 121.0102907 14.5559542))"
,,,,,,,,,,,,,,,,,,,,,,,,,,,,,,,,,,,,,,,,,,,,,,,,,,,,,,,,,,residential,apartments,,,,,,,,,,,,,"POLYGON ((121.0154712 14.5438558, 121.0165123 14.544377, 121.0166884 14.5440459, 121.015651 14.5435243, 121.0154712 14.5438558))"
,,,,,,,,,,,,,,,,,,,,,,,,,,,,,,,,,,,,,,,,,,,,,,,,,,,,,,,,,,,,,,,,,,,,,,,,"POLYGON ((121.01645 14.54204, 121.017476 14.5425769, 121.0177804 14.5420424, 121.0167481 14.541514, 121.01645 14.54204))"
,common,,,,,,,,,,,,,,,,,,,,,,,,,,,,,,,,,,,,,,,,,,,,,,,,,,,,,,,,,,,,,,,,,,,,,,,"POLYGON ((121.0215785 14.5484084, 121.0217307 14.5483661, 121.0219201 14.5482827, 121.0220486 14.5482, 121.0223721 14.5479748, 121.0226683 14.5477174, 121.0229313 14.5474138, 121.023354 14.5468411, 121.0230298 14.5465898, 121.0226651 14.5469889, 121.0222328 14.547349, 121.0218389 14.5476007, 121.0213433 14.5477596, 121.0215785 14.5484084))"
,pitch,,,,,,,,,,,,,,,,,,,,,,,,,,,,,,,,,,,,,,,,,,,,,,,,,,,,,,,,,,,,,,,,,,,,,,,"POLYGON ((121.0228236 14.5469678, 121.0230946 14.5471511, 121.023196 14.5470107, 121.0229249 14.5468274, 121.0228236 14.5469678))"
,park,,,,,,,,,,,,,,,,,,,,,,,,,,,,,,,,,,,,,,,,,,,,,,,,,,,,,,,,,,,,,,,,,,,,,,,"POLYGON ((121.0245767 14.5356911, 121.0248328 14.5351987, 121.0253261 14.535453, 121.0250605 14.5359425, 121.0245767 14.5356911))"
,swimming_pool,,,,,,,,,,,,,,,,,,,,,,,,,,,,,,,,,,,,,,,,,,,,,,,,,,,,,,,,,,,,,,,,,,,,,,,"POLYGON ((121.0362893 14.5449261, 121.0363187 14.5449463, 121.0362683 14.5450138, 121.0362387 14.5449932, 121.0362893 14.5449261))"
,swimming_pool,,,,,,,,,,,,,,,,,,,,,,,,,,,,,,,,,,,,,,,,,,,,,,,,,,,,,,,,,,,,,,,,,,,,,,,"POLYGON ((121.0366356 14.5446099, 121.0366863 14.5446392, 121.036617 14.5447423, 121.0365713 14.5447129, 121.0366356 14.5446099))"
,swimming_pool,,,,,,,,,,,,,,,,,,,,,,,,,,,,,,,,,,,,,,,,,,,,,,,,,,,,,,,,,,,,,,,,,,,,,,,"POLYGON ((121.0369303 14.5430218, 121.0369287 14.5430014, 121.0369299 14.5429878, 121.0369352 14.5429698, 121.0369403 14.5429597, 121.03696 14.5429482, 121.0369823 14.5429504, 121.0370001 14.5429691, 121.0370051 14.5429865, 121.0370053 14.5430077, 121.0370033 14.5430205, 121.0369977 14.5430306, 121.0369857 14.5430462, 121.036978 14.5430498, 121.0369639 14.5430505, 121.0369511 14.5430459, 121.0369396 14.5430379, 121.0369303 14.5430218))"
,swimming_pool,,,,,,,,,,,,,,,,,,,,,,,,,,,,,,,,,,,,,,,,,,,,,,,,,,,,,,,,,,,,,,,,,,,,,,,"POLYGON ((121.0368468 14.5432548, 121.0368502 14.5432473, 121.036857 14.5432426, 121.0368664 14.5432414, 121.036875 14.5432433, 121.0368816 14.5432478, 121.0368865 14.5432504, 121.0368903 14.5432537, 121.0368916 14.5432614, 121.0368905 14.5432795, 121.0368856 14.5432958, 121.0368826 14.5433126, 121.0368771 14.5433266, 121.03687 14.5433325, 121.0368631 14.5433336, 121.0368535 14.5433323, 121.0368439 14.5433281, 121.0368359 14.5433178, 121.0368312 14.5433065, 121.0368307 14.5432981, 121.0368354 14.543293, 121.0368405 14.5432913, 121.0368442 14.543287, 121.0368442 14.5432653, 121.0368468 14.5432548))"
,swimming_pool,,,,,,,,,,,,,,,,,,,,,,,,,,,,,,,,,,,,,,,,,,,,,,,,,,,,,,,,,,,,,,,,,,,,,,,"POLYGON ((121.03632 14.5461469, 121.036384 14.5461756, 121.036362 14.5462252, 121.0362978 14.546196, 121.03632 14.5461469))"
,swimming_pool,,,,,,,,,,,,,,,,,,,,,,,,,,,,,,,,,,,,,,,,,,,,,,,,,,,,,,,,,,,,,,,,,,,,,,,"POLYGON ((121.0367891 14.5463422, 121.0368391 14.5463638, 121.0367956 14.5464526, 121.0367475 14.5464314, 121.0367891 14.5463422))"
,swimming_pool,,,,,,,,,,,,,,,,,,,,,,,,,,,,,,,,,,,,,,,,,,,,,,,,,,,,,,,,,,,,,,,,,,,,,,,"POLYGON ((121.0378019 14.5470036, 121.0378107 14.5469904, 121.0378225 14.5469828, 121.0378352 14.5469817, 121.0378463 14.5469838, 121.0378558 14.5469866, 121.0378624 14.5469911, 121.0378661 14.5469976, 121.037866 14.5470047, 121.0378602 14.5470151, 121.0378504 14.5470258, 121.0378461 14.5470345, 121.0378447 14.5470445, 121.0378468 14.5470544, 121.0378507 14.5470611, 121.0378519 14.5470678, 121.0378508 14.5470753, 121.0378461 14.5470814, 121.0378392 14.5470848, 121.0378272 14.5470848, 121.0378147 14.5470799, 121.0378054 14.5470715, 121.0377979 14.5470603, 121.037795 14.5470471, 121.0377945 14.5470344, 121.037796 14.5470198, 121.0378019 14.5470036))"
,swimming_pool,,,,,,,,,,,,,,,,,,,,,,,,,,,,,,,,,,,,,,,,,,,,,,,,,,,,,,,,,,,,,,,,,,,,,,,"POLYGON ((121.0384005 14.5415588, 121.0384366 14.5415604, 121.0384547 14.5415638, 121.0384615 14.5415671, 121.0384665 14.5415719, 121.0384703 14.5415781, 121.0384709 14.5415855, 121.0384678 14.5415914, 121.0384627 14.5415974, 121.0384511 14.5416066, 121.0384389 14.541612, 121.0384252 14.5416147, 121.0384145 14.5416134, 121.0384029 14.5416092, 121.0383901 14.5415999, 121.0383851 14.5415892, 121.038384 14.5415779, 121.0383853 14.5415719, 121.0383881 14.5415674, 121.0383913 14.5415633, 121.0383956 14.5415602, 121.0384005 14.5415588))"
,swimming_pool,,,,,,,,,,,,,,,,,,,,,,,,,,,,,,,,,,,,,,,,,,,,,,,,,,,,,,,,,,,,,,,,,,,,,,,"POLYGON ((121.0374109 14.5419594, 121.0374144 14.5419317, 121.0375441 14.5419496, 121.0375373 14.5419957, 121.0374362 14.541983, 121.0374109 14.5419594))"
,swimming_pool,,,,,,,,,,,,,,,,,,,,,,,,,,,,,,,,,,,,,,,,,,,,,,,,,,,,,,,,,,,,,,,,,,,,,,,"POLYGON ((121.0389979 14.5415993, 121.0390671 14.5415306, 121.0391264 14.5415868, 121.0391148 14.5415978, 121.0390926 14.5416098, 121.0390645 14.5416163, 121.0390378 14.5416172, 121.0390124 14.5416102, 121.0389979 14.5415993))"
,swimming_pool,,,,,,,,,,,,,,,,,,,,,,,,,,,,,,,,,,,,,,,,,,,,,,,,,,,,,,,,,,,,,,,,,,,,,,,"POLYGON ((121.03652 14.5465987, 121.0365689 14.546603, 121.0365588 14.5466982, 121.0365107 14.5466935, 121.03652 14.5465987))"
,swimming_pool,,,,,,,,,,,,,,,,,,,,,,,,,,,,,,,,,,,,,,,,,,,,,,,,,,,,,,,,,,,,,,,,,,,,,,,"POLYGON ((121.0391625 14.5404132, 121.0391591 14.5404272, 121.0391595 14.5404397, 121.0391627 14.5404475, 121.0391704 14.5404529, 121.0391773 14.5404564, 121.0391849 14.540458, 121.0391995 14.5404591, 121.0392085 14.5404584, 121.0392172 14.5404548, 121.0392234 14.5404483, 121.0392252 14.5404422, 121.0392252 14.5404344, 121.0392233 14.5404259, 121.039226 14.5404172, 121.0392322 14.5404075, 121.0392508 14.5403844, 121.0392485 14.5403752, 121.0392311 14.540362, 121.0392231 14.5403618, 121.0391967 14.540372, 121.0391757 14.5403876, 121.039168 14.5403986, 121.0391625 14.5404132))"
,swimming_pool,,,,,,,,,,,,,,,,,,,,,,,,,,,,,,,,,,,,,,,,,,,,,,,,,,,,,,,,,,,,,,,,,,,,,,,"POLYGON ((121.0389196 14.5404805, 121.0389283 14.5404995, 121.0389486 14.5405141, 121.0389643 14.5405174, 121.0389799 14.5405157, 121.0389956 14.5405037, 121.0390069 14.5404848, 121.0390082 14.5404678, 121.0390026 14.5404589, 121.0389938 14.5404551, 121.0389875 14.5404551, 121.0389829 14.5404589, 121.0389782 14.5404614, 121.0389731 14.540461, 121.0389665 14.5404555, 121.0389568 14.5404524, 121.0389404 14.540453, 121.0389263 14.5404647, 121.0389196 14.5404805))"
,swimming_pool,,,,,,,,,,,,,,,,,,,,,,,,,,,,,,,,,,,,,,,,,,,,,,,,,,,,,,,,,,,,,,,,,,,,,,,"POLYGON ((121.0359512 14.5436638, 121.0359963 14.5436771, 121.0359702 14.5437656, 121.0359257 14.5437527, 121.0359512 14.5436638))"
,swimming_pool,,,,,,,,,,,,,,,,,,,,,,,,,,,,,,,,,,,,,,,,,,,,,,,,,,,,,,,,,,,,,,,,,,,,,,,"POLYGON ((121.0358766 14.5431814, 121.0359622 14.5432121, 121.0359761 14.5432249, 121.0359825 14.5432349, 121.035985 14.5432483, 121.0359875 14.5432606, 121.0359853 14.5432703, 121.0359821 14.5432773, 121.0359771 14.5432851, 121.035971 14.543292, 121.0359651 14.543294, 121.0359568 14.5432954, 121.0359482 14.5432941, 121.0359408 14.5432904, 121.0359331 14.5432852, 121.0359248 14.5432787, 121.0359183 14.5432744, 121.0359144 14.5432723, 121.0359101 14.5432714, 121.0358993 14.5432731, 121.0358866 14.5432717, 121.0358637 14.5432651, 121.0358566 14.5432588, 121.0358514 14.5432541, 121.0358495 14.543249, 121.0358518 14.5432435, 121.0358551 14.5432391, 121.035856 14.5432343, 121.035855 14.5432265, 121.0358526 14.5432195, 121.0358472 14.5432136, 121.0358395 14.5432115, 121.0358362 14.5432093, 121.0358337 14.5432055, 121.0358338 14.5432003, 121.0358354 14.5431935, 121.0358417 14.5431877, 121.0358519 14.5431814, 121.0358636 14.5431796, 121.0358766 14.5431814))"
,swimming_pool,,,,,,,,,,,,,,,,,,,,,,,,,,,,,,,,,,,,,,,,,,,,,,,,,,,,,,,,,,,,,,,,,,,,,,,"POLYGON ((121.0355225 14.5437068, 121.0357115 14.5437639, 121.0356991 14.5438031, 121.0355101 14.5437439, 121.0355225 14.5437068))"
,swimming_pool,,,,,,,,,,,,,,,,,,,,,,,,,,,,,,,,,,,,,,,,,,,,,,,,,,,,,,,,,,,,,,,,,,,,,,,"POLYGON ((121.0357663 14.5425862, 121.0358171 14.5425951, 121.0358048 14.5426662, 121.035753 14.5426574, 121.0357663 14.5425862))"
,swimming_pool,,,,,,,,,,,,,,,,,,,,,,,,,,,,,,,,,,,,,,,,,,,,,,,,,,,,,,,,,,,,,,,,,,,,,,,"POLYGON ((121.0357859 14.5421705, 121.0358712 14.5421778, 121.0358687 14.542211, 121.0357831 14.5422038, 121.0357859 14.5421705))"
,swimming_pool,,,,,,,,,,,,,,,,,,,,,,,,,,,,,,,,,,,,,,,,,,,,,,,,,,,,,,,,,,,,,,,,,,,,,,,"POLYGON ((121.0372627 14.5404896, 121.0372779 14.5404394, 121.0373901 14.5404744, 121.037374 14.5405237, 121.0372627 14.5404896))"
,swimming_pool,,,,,,,,,,,,,,,,,,,,,,,,,,,,,,,,,,,,,,,,,,,,,,,,,,,,,,,Metro Manila,,,,,,,,,,,,,,,,"POLYGON ((121.0414532 14.5421064, 121.0414794 14.5420744, 121.0415726 14.5421439, 121.0415477 14.5421746, 121.0414532 14.5421064))"
,swimming_pool,,,,,,,,,,,,,,,,,,,,,,,,,,,,,,,,,,,,,,,,,,,,,,,,,,,,,,,Metro Manila,,,,,,,,,,,,,,,,"POLYGON ((121.0424529 14.5408489, 121.0425771 14.5408454, 121.0425756 14.5407789, 121.0424514 14.5407951, 121.0424529 14.5408489))"
,swimming_pool,,,,,,,,,,,,,,,,,,,,,,,,,,,,,,,,,,,,,,,,,,,,,,,,,,,,,,,,,,,,,,,,,,,,,,,"POLYGON ((121.0377073 14.5401724, 121.0377615 14.5400582, 121.0378003 14.540076, 121.0377478 14.5401907, 121.0377073 14.5401724))"
,,,,,,,,,,,,,,,,,,,,,,,,,,,,,,,,,,,,,,,,,,,,,,,,,,,,,,,,,,,,,,,,,,,,,,,,"POLYGON ((121.0195775 14.536241, 121.0197286 14.5359526, 121.0207501 14.5364839, 121.0205943 14.5367636, 121.0195775 14.536241))"
,,,,,,,,,,,,,,,,,,,,,,,,,,,,,,,,residential,,,,,,,,,,,,,,,,,,,,,,,,,,,,,,,,,,,,,,,,"POLYGON ((121.0126918 14.5642702, 121.0128888 14.5646512, 121.0129951 14.5648426, 121.0131312 14.5650488, 121.0134039 14.5648549, 121.0132848 14.5646893, 121.0131952 14.5646163, 121.0133358 14.5642634, 121.0130967 14.5642079, 121.0128747 14.5642011, 121.0126918 14.5642702))"
,,,,,,,,,,,,,,,,,,,,,,,,,,,,,,,,,,,,,,,,,,,,,,,,,,,,,,,,,,,,,,,,,,,,,,,,"POLYGON ((121.0115378 14.5632799, 121.011477 14.5631489, 121.0114108 14.5630127, 121.0114356 14.5629833, 121.011546 14.5629378, 121.0116951 14.5629913, 121.0117365 14.5632184, 121.0115378 14.5632799))"
,,,,,,,,,,,,,apartments,,,,,,,,,,,,,,,,,,,,,,,,,,,,,,,,,,,,,,,,,,,,,,,,,,,,,,,,,,,"POLYGON ((121.0126724 14.5641937, 121.0123053 14.5635097, 121.0123729 14.5633987, 121.0125621 14.5633411, 121.0128796 14.5634469, 121.0133865 14.5636208, 121.0131706 14.5641217, 121.0129623 14.5640895, 121.0126724 14.5641937))"
,,,,,,Empty Area,,,,,,,,,,,,,,,,,,,,,,,,,,,,,,,,,,,,,,,,,,,,,,,,,,,,,,,,,,,,,,,,,,"POLYGON ((121.026739 14.5652413, 121.0270126 14.565131, 121.0269268 14.5649194, 121.0266559 14.565022, 121.026739 14.5652413))"
,,,,,,,,,,,,,,,,,,,,,,,,,,,,,,,,,mall,,,,,,,,,,,,,,,,,,,,,,,,,,,,,,,,,,,,,,,"POLYGON ((121.018308 14.5742678, 121.0177841 14.5724862, 121.0189501 14.5720868, 121.019467 14.5721059, 121.0195487 14.5721149, 121.0196342 14.572149, 121.020278 14.5724061, 121.020324 14.572462, 121.0206673 14.5737945, 121.018308 14.5742678))"
,swimming_pool,,,,,,,,,,,,,,,,,,,private,,,,,,,,,,,,,,,,,,,,,,,,,,,,,,,,,,,,,,,,,,,,,,,,,,,,"POLYGON ((121.0118628 14.5588774, 121.0119402 14.558735, 121.0118713 14.5586999, 121.0117938 14.5588423, 121.0118628 14.5588774))"
,swimming_pool,,,,,,,,,,,,,,,,,,,,,,,,,,,,,,,,,,,,,,,,,,,,,,,,,,,,,,,,,,,,,,,,,,,,,,,"POLYGON ((121.034851 14.5423861, 121.0349041 14.5424057, 121.0349428 14.5423077, 121.0348896 14.542288, 121.034851 14.5423861))"
,swimming_pool,,,,,,,,,,,,,,,,,,,,,,,,,,,,,,,,,,,,,,,,,,,,,,,,,,,,,,,,,,,,,,,,,,,,,,,"POLYGON ((121.0350753 14.5426803, 121.0351334 14.5426947, 121.0351629 14.5425832, 121.0351048 14.5425688, 121.0350753 14.5426803))"
,swimming_pool,,,,,,,,,,,,,,,,,,,,,,,,,,,,,,,,,,,,,,,,,,,,,,,,,,,,,,,,,,,,,,,,,,,,,,,"POLYGON ((121.0351248 14.5417066, 121.035181 14.5417071, 121.0351819 14.5416082, 121.0351257 14.5416077, 121.0351248 14.5417066))"
,swimming_pool,,,,,,,,,,,,,,,,,,,,,,,,,,,,,,,,,,,,,,,,,,,,,,,,,,,,,,,,,,,,,,,,,,,,,,,"POLYGON ((121.0301097 14.5468759, 121.030153 14.5468974, 121.0302048 14.5467996, 121.0301269 14.5467609, 121.0301047 14.5468028, 121.0301393 14.54682, 121.0301097 14.5468759))"
,swimming_pool,,,,,,,,,,,,,,,,,,,,,,,,,,,,,,,,,,,,,,,,,,,,,,,,,,,,,,,,,,,,,,,,,,,,,,,"POLYGON ((121.0317157 14.5461977, 121.031776 14.5462163, 121.0318129 14.5461044, 121.0317527 14.5460858, 121.0317157 14.5461977))"
,swimming_pool,,,,,,,,,,,,,,,,,,,,,,,,,,,,,,,,,,,,,,,,,,,,,,,,,,,,,,,,,,,,,,,,,,,,,,,"POLYGON ((121.0327039 14.545268, 121.0326828 14.5452615, 121.0326608 14.5452622, 121.0326402 14.5452699, 121.0326234 14.5452838, 121.0326123 14.5453023, 121.0326082 14.5453233, 121.0326115 14.5453444, 121.0326218 14.5453633, 121.0326372 14.5453773, 121.0326564 14.5453858, 121.0326774 14.545388, 121.032698 14.5453836, 121.0327162 14.5453731, 121.0327299 14.5453576, 121.0327379 14.5453387, 121.0327392 14.5453183, 121.0327338 14.5452985, 121.0327215 14.5452808, 121.0327039 14.545268))"
,swimming_pool,,,,,,,,,,,,,,,,,,,,,,,,,,,,,,,,,,,,,,,,,,,,,,,,,,,,,,,,,,,,,,,,,,,,,,,"POLYGON ((121.0329419 14.545485, 121.0329419 14.545522, 121.0329703 14.5455358, 121.0329889 14.5455337, 121.0330271 14.5455601, 121.033061 14.5455643, 121.033085 14.5455453, 121.0330992 14.5455125, 121.0330293 14.5455041, 121.0329922 14.545484, 121.0329638 14.5454565, 121.0329419 14.545485))"
,swimming_pool,,,,,,,,,,,,,,,,,,,,,,,,,,,,,,,,,,,,,,,,,,,,,,,,,,,,,,,,,,,,,,,,,,,,,,,"POLYGON ((121.0343556 14.5457789, 121.0343747 14.545807, 121.034406 14.5458062, 121.0344357 14.5457914, 121.0344494 14.5457671, 121.0344311 14.5457493, 121.03438 14.5457516, 121.0343556 14.545753, 121.0343556 14.5457789))"
,swimming_pool,,,,,,,,,,,,,,,,,,,,,,,,,,,,,,,,,,,,,,,,,,,,,,,,,,,,,,,,,,,,,,,,,,,,,,,"POLYGON ((121.0343905 14.5455397, 121.0344452 14.5455774, 121.0345083 14.5454993, 121.034448 14.545476, 121.0343905 14.5455397))"
,swimming_pool,,,,,,,,,,,,,,,,,,,,,,,,,,,,,,,,,,,,,,,,,,,,,,,,,,,,,,,,,,,,,,,,,,,,,,,"POLYGON ((121.0296428 14.5458164, 121.0296955 14.5458403, 121.0297368 14.5457546, 121.0296841 14.5457308, 121.0296428 14.5458164))"
,swimming_pool,,,,,,,,,,,,,,,,,,,,,,,,,,,,,,,,,,,,,,,,,,,,,,,,,,,,,,,,,,,,,,,,,,,,,,,"POLYGON ((121.0292475 14.5466293, 121.0292982 14.5466545, 121.0293382 14.546579, 121.0292875 14.5465538, 121.0292475 14.5466293))"
,swimming_pool,,,,,,,,,,,,,,,,,,,,,,,,,,,,,,,,,,,,,,,,,,,,,,,,,,,,,,,,,,,,,,,,,,,,,,,"POLYGON ((121.0292387 14.5469282, 121.0292551 14.5469526, 121.0292853 14.5469501, 121.0293118 14.5468678, 121.0292628 14.5468531, 121.0292387 14.5469282))"
,swimming_pool,,,,,,,,,,,,,,,,,,,,,,,,,,,,,,,,,,,,,,,,,,,,,,,,,,,,,,,,,,,,,,,,,,,,,,,"POLYGON ((121.0289477 14.5472926, 121.0289864 14.5473116, 121.0289381 14.5474039, 121.0288994 14.547385, 121.0289477 14.5472926))"
,swimming_pool,,,,,,,,,,,,,,,,,,,,,,,,,,,,,,,,,,,,,,,,,,,,,,,,,,,,,,,,,,,,,,,,,,,,,,,"POLYGON ((121.0300766 14.5477108, 121.0300798 14.5476449, 121.0299489 14.5476389, 121.0299456 14.5477048, 121.0300766 14.5477108))"
,swimming_pool,,,,,,,,,,,,,,,,,,,,,,,,,,,,,,,,,,,,,,,,,,,,,,,,,,,,,,,,,,,,,,,,,,,,,,,"POLYGON ((121.028435 14.5469682, 121.028467 14.5469303, 121.0283934 14.546872, 121.0283614 14.5469099, 121.028435 14.5469682))"
,swimming_pool,,,,,,,,,,,,,,,,,,,,,,,,,,,,,,,,,,,,,,,,,,,,,,,,,,,,,,,,,,,,,,,,,,,,,,,"POLYGON ((121.0278501 14.5468515, 121.0278979 14.5468932, 121.0278271 14.5469691, 121.0277794 14.5469274, 121.0278501 14.5468515))"
,swimming_pool,,,,,,,,,,,,,,,,,,,,,,,,,,,,,,,,,,,,,,,,,,,,,,,,,,,,,,,,,,,,,,,,,,,,,,,"POLYGON ((121.0277797 14.5473932, 121.0278533 14.5474533, 121.0278882 14.5474133, 121.0278146 14.5473532, 121.0277797 14.5473932))"
,swimming_pool,,,,,,,,,,,,,,,,,,,,,,,,,,,,,,,,,,,,,,,,,,,,,,,,,,,,,,,,,,,,,,,,,,,,,,,"POLYGON ((121.0273577 14.5464166, 121.0274094 14.5464607, 121.0274585 14.5464067, 121.0274069 14.5463626, 121.0273577 14.5464166))"
,swimming_pool,,,,,,,,,,,,,,,,,,,,,,,,,,,,,,,,,,,,,,,,,,,,,,,,,,,,,,,,,,,,,,,,,,,,,,,"POLYGON ((121.0258523 14.545702, 121.025891 14.5457219, 121.0259116 14.5456546, 121.0258884 14.5455922, 121.0258446 14.5456147, 121.0258704 14.5456571, 121.0258523 14.545702))"
,swimming_pool,,,,,,,,,,,,,,,,,,,,,,,,,,,,,,,,,,,,,,,,,,,,,,,,,,,,,,,,,,,,,,,,,,,,,,,"POLYGON ((121.026074 14.5452003, 121.0260901 14.5452226, 121.0261708 14.5451657, 121.0261507 14.545135, 121.026074 14.5452003))"
,swimming_pool,,,,,,,,,,,,,,,,,,,,,,,,,,,,,,,,,,,,,,,,,,,,,,,,,,,,,,,,,,,,,,,,,,,,,,,"POLYGON ((121.0268965 14.5452472, 121.0269104 14.5452067, 121.0269613 14.5452226, 121.0269432 14.545267, 121.0268965 14.5452472))"
,pitch,,,,,,,,,,,,,,,,,,,,,,,,,,,,,,,,,,,,,,,,,,,,,,,,,,,,,,,,,,,,,,,,,,,,,,,"POLYGON ((121.0269514 14.5416776, 121.0260664 14.5433192, 121.026147 14.5434264, 121.0261548 14.5435571, 121.0265269 14.5437388, 121.0273574 14.5421452, 121.0272356 14.5418211, 121.0269514 14.5416776))"
,pitch,,,,,,2,,,,,,,,,,,,,,,,,,,,,,,,,,,,,,,,,,,,,,,,,,,,,,,,,,,,,,,,,,,,,,,,,"POLYGON ((121.0399899 14.5660397, 121.040084 14.5660648, 121.0401235 14.565926, 121.0400295 14.5659009, 121.0399899 14.5660397))"
,,,,,,,,,,,,,,,,,,,,,,,,,,,,,,,,,,,,,,,,,,,,,,,,,,,,,,,,,,,,,,,,,,,,,,,,"POLYGON ((121.0091659 14.5686941, 121.0088159 14.5684586, 121.0087053 14.5686312, 121.0086624 14.5686266, 121.0085088 14.5687619, 121.0086952 14.5691062, 121.0091659 14.5686941))"
,,place of worship,,,,,,,,,,,,,,,,,,,,,,,,,,,,,,,,,,,,,,,,,,,,,,,,,,,,,,,,,,,,,,,,,,,,,,"POLYGON ((121.0199343 14.5689797, 121.0203525 14.5688377, 121.0201788 14.5683587, 121.0197607 14.5685007, 121.0199343 14.5689797))"
,garden,,,,,,,,,,,,,,,,,,,,,,,,,,,,,,,,,,,,,,,,,,,,,,,,,,,,,,,,,,,,,,,,,,,,,,,"POLYGON ((121.0253725 14.574154, 121.0256226 14.5739853, 121.0255437 14.5738713, 121.0252922 14.5740433, 121.0253725 14.574154))"
,,,,,,,,,,,,,,,,,,,,,,,,,,,,,,,,,,,,,,,,,,,,,,,,,,,,,,,,,,,,,,,,,,,,,,,,"POLYGON ((121.0142688 14.566337, 121.0145035 14.5662331, 121.0147201 14.5665998, 121.0144244 14.5666141, 121.0144103 14.5664571, 121.014299 14.5664077, 121.0142688 14.566337))"
,park,,,,,,,,,,,,,,,,,,,,,,,,,,,,,,,,,,,,,,,,,,,,,,,,,,,,,,,,,,,,,,,,,,,,,,,"POLYGON ((121.0326829 14.5678355, 121.0328784 14.568028, 121.0334367 14.56754, 121.0332251 14.5673209, 121.0326829 14.5678355))"
tree_row,,,,,,,,,,,,,,,,,,,,,,,,,,,,,,,,,,,,,,,,,,,,,,,,,,,,,,,,,,,,island,,,,,,,,,,,,"LINESTRING (121.0384007 14.5629934, 121.0388097 14.5629979)"
tree_row,,,,,,,,,,,,,,,,,,,,,,,,,,,,,,,,,,,,,,,,,,,,,,,,,,,,,,,,,,,,island,,,,,,,,,,,,"LINESTRING (121.0373057 14.5629823, 121.0382572 14.5629992)"
tree_row,,,,,,,,,,,,,,,,,,,,,,,,,,,,,,,,,,,,,,,,,,,,,,,,,,,,,,,,,,,,island,,,,,,,,,,,,"LINESTRING (121.0365017 14.5629849, 121.0370462 14.5629888)"
tree_row,,,,,,,,,,,,,,,,,,,,,,,,,,,,,,,,,,,,,,,,,,,,,,,,,,,,,,,,,,,,island,,,,,,,,,,,,"LINESTRING (121.0348602 14.5629706, 121.0361986 14.5629875)"
tree_row,,,,,,,,,,,,,,,,,,,,,,,,,,,,,,,,,,,,,,,,,,,,,,,,,,,,,,,,,,,,island,,,,,,,,,,,,"LINESTRING (121.0329471 14.5618089, 121.0338168 14.5627487, 121.033916 14.5628045, 121.0346603 14.5629667)"
,,,,,,,,,,,,,,,,,,,,,,,,,,,,,,,,,,,,,,,,,,,,,,,,,,,,,,,,,,,,,,,,,,,,,,,,"POLYGON ((121.0007525 14.5635248, 121.000951 14.5633386, 121.0011066 14.5634892, 121.000955 14.5637332, 121.0007525 14.5635248))"
,pitch,,,,,,,,,,,,,,,,,,,,,,,,,,,,,,,,,,,,,,,,,,,,,,,,,,,,,,,,,,,,,,,,,,,,,,,"POLYGON ((121.0263177 14.5673841, 121.026508 14.5673134, 121.0264025 14.5670475, 121.0262122 14.5671182, 121.0263177 14.5673841))"
,sports_hall,,,,,,,,,,,,,,,,,,,,,,,,,,,,,,,,,,,,,,,,,,roof,,,,,,,,,,,,,,,,,,,,,,,,,,,,,"POLYGON ((121.0020828 14.5550899, 121.0022537 14.5551365, 121.0023284 14.5548805, 121.0021575 14.5548338, 121.0020828 14.5550899))"
shrubbery,,,,,,,,,,,,,,,,,,,,,,,,,,,,,,,,,,,,,,,,,,,,,,,,,,,,,,,,,,,,,,,,,,,,,,,,"POLYGON ((121.0155925 14.560359, 121.0156259 14.5603904, 121.0156596 14.5604219, 121.015674 14.5604375, 121.0157065 14.5603888, 121.0156696 14.5603823, 121.015636 14.5603722, 121.0155925 14.560359))"
,,,,,,,,,,,,,,,,,,,,,,,,,,,,,,,,,,,,,,,,,,,,,,,,,,,,,,,,,,,,,,,,,,,,,,,,"POLYGON ((121.0115305 14.5602765, 121.01166 14.5600349, 121.011409 14.5599098, 121.0112796 14.5601499, 121.0115305 14.5602765))"
,,,,,,,,,,,,,,,,,,,,,,,,,,,,,,,,,,,,,,,,,,,,,,,,,,,,,,,,,,,,,,,,,,,,,,,,"POLYGON ((121.0285535 14.5523962, 121.029076 14.5518528, 121.028624 14.5514387, 121.028099 14.5519469, 121.0285535 14.5523962))"
,,,,,,,,,,,,,,,,,,,,,,,,,,,,,,,,,,,,,,,,,,,,,,,,,,,,,,,,,,,,,,,,,,,,,,,,"POLYGON ((121.0281476 14.5527845, 121.0285535 14.5523962, 121.028099 14.5519469, 121.027696 14.552337, 121.0281476 14.5527845))"
,,,,,,,,,,,,,,,,,,,,,,,,,,,,,en:The Estate Makati,,,,,,,,,,,,,,,,,,,,,,,,,,,,,,,,,,,,,,,,,,,"POLYGON ((121.0267742 14.5531817, 121.0270829 14.5529306, 121.0275136 14.553391, 121.0271931 14.5536863, 121.0267742 14.5531817))"
,,,,,,,,,,,,,,,,,,,,,,,,,,,,,,,,,,,,,,,,,,,,,,,,,,,,,,,,,,,,,,,,,,,,,,,,"POLYGON ((121.0270829 14.5529306, 121.0275136 14.553391, 121.0281476 14.5527845, 121.027696 14.552337, 121.0270829 14.5529306))"
,,,,,,,,,,,,,,,,,,,,,,,,,,,,,en:Makati Tuscany,,,,,,,,,,,,,,,,,,,,,,,,,,,,,,,,,,,,,,,,,,,"POLYGON ((121.0263437 14.5535315, 121.0259204 14.5538895, 121.0263347 14.55441, 121.0267881 14.5540406, 121.0263437 14.5535315))"
,,,,,,,,,,,,,,,,,,,,,,,,,,,,,,,,,,,,,,,,,,,,,,,,,,,,,,,,,,,,,,,,,,,,,,,,"POLYGON ((121.0177155 14.5448154, 121.0169885 14.5461706, 121.0172415 14.5462952, 121.0179462 14.5449365, 121.0177155 14.5448154))"
,swimming_pool,,,,,,,,,,,,,,,,,,,,,,,,,,,,,,,,,,,,,,,,,,,,,,,,,,,,,,,,,,,,,,,,,,,,,,,"POLYGON ((121.015093 14.5498305, 121.0152983 14.5498642, 121.0153393 14.5496308, 121.015134 14.549597, 121.015093 14.5498305))"
,pitch,,,,,,,,,,,,,,,,,,,,,,,,,,,,,,,,,,,,,,,,,,,,,,,,,,,,,,,,,,,,,,,,,,,,,,,"POLYGON ((121.0143708 14.5495019, 121.0147624 14.5486881, 121.01528 14.5489646, 121.0148649 14.5497304, 121.0143708 14.5495019))"
,,,,,,,,,,,,,,,,,,,,,,,,,,,,,,,,,,,,,,,,,,,,,,,,,,,,,,,,,,,,,,,,,,,,,,,,"POLYGON ((121.0141463 14.5479385, 121.0144607 14.5480981, 121.0145351 14.5480481, 121.0147176 14.547698, 121.0143725 14.5475239, 121.0141463 14.5479385))"
,,,,,,,,,,,,,,,,,,,,,,,,,,,,,,,,,,,,,,,,,,,,,,,,,,,,,,,,,,,,,,,,,,,,,,,,"POLYGON ((121.0150662 14.5470349, 121.0148771 14.5473946, 121.0138384 14.5468605, 121.0140354 14.5465019, 121.0150662 14.5470349))"
,,,,,,,,,,,,,,,,,,,,,,,,,,,,,,,,,,,,,,,,,,,,,,,,,,,,,,,,,,,,,,,,,,,,,,,,"POLYGON ((121.0157684 14.5433109, 121.015651 14.5435243, 121.0166884 14.5440459, 121.0168019 14.5438355, 121.0157684 14.5433109))"
,,,,,,,,,,,,,,,,,,,,,,,,,,,,,,,,,,,,,,,,,,,,,,,,,,,,,,,,,,,,,,,,,,,,,,,,"POLYGON ((121.0151609 14.5444259, 121.0153778 14.5440298, 121.016413 14.5445611, 121.0162018 14.5449476, 121.0151609 14.5444259))"
,,,,,,,,,,,,,,,,,,,,,,,,,,,,,,,,,,,,,,,,,,,,,,,,,,,,,,,,,,,,,,,,,,,,,,,,"POLYGON ((121.0157684 14.5433109, 121.0168019 14.5438355, 121.0172291 14.5430264, 121.0162062 14.5424905, 121.0157684 14.5433109))"
,,,,,,,,,,,,,,,,,,,,,,,,,,,,,,,,,,,,,,,,,,,,,,,,,,,,,,,,,,,,,,,,,,,,,,,,"POLYGON ((121.0153621 14.5499727, 121.015637 14.5500238, 121.0159419 14.5486186, 121.0156339 14.54857, 121.0153621 14.5499727))"
,,,,,,,,,,,,,,,,,,,,,,,,,,,,,,,,,,,,,,,,,,,,,,,,,,,,,,,,,,,,,,,,,,,,,,,,"POLYGON ((121.0168572 14.5462061, 121.0172 14.5463752, 121.0164817 14.5477002, 121.0160543 14.5485582, 121.0157716 14.5484946, 121.016141 14.5477859, 121.0163087 14.5477651, 121.0165313 14.5470771, 121.0167392 14.5465501, 121.0168572 14.5462061))"
,park,,,,,,,,,,,,,,,,,,,,,,,,,,,,,,,,,,,,,,,,,,,,,,,,,,,,,,,,,,,,,,,,,,,,,,,"POLYGON ((121.0171519 14.5406811, 121.0174979 14.5400742, 121.0175617 14.5402594, 121.0176722 14.5404469, 121.0178807 14.5407193, 121.0177249 14.5409811, 121.0171519 14.5406811))"
,,,,,,,,,,,,,,,,,,,,,,,,,,,,,,,,,,,,,,,,,,,,,,,,,,,,,,,,,,,,,,,,,,,,,,,,"POLYGON ((121.0195319 14.5391423, 121.0198615 14.5385148, 121.0203891 14.5387923, 121.0208513 14.5390337, 121.0205311 14.5396495, 121.0195319 14.5391423))"
,,,,,,,,,,,,,,,,,,,,,,,,,,,,,,,,,,,,,,,,,,,,,,,,,,,,,,,,,,,,,,,,,,,,,,,,"POLYGON ((121.0202994 14.5400767, 121.0205311 14.5396495, 121.0195319 14.5391423, 121.019312 14.539561, 121.0202994 14.5400767))"
,,,,,,,,,,,,,,,,,,,,,,,,,,,,,,,,,,,,,,,,,,,,,,,,,,,,,,,,,,,,,,,,,,,,,,,,"POLYGON ((121.0188687 14.5399933, 121.0185887 14.5405253, 121.0175519 14.5399781, 121.0178267 14.5394675, 121.0188687 14.5399933))"
,,,,,,,,,,,,,,,,,,,,,,,,,,,,,,,,,,,,,,,,,,,,,,,,,,,,,,,,,,,,,,,,,,,,,,,,"POLYGON ((121.0189788 14.5401659, 121.0191491 14.5398621, 121.020144 14.540365, 121.0199791 14.540685, 121.0189788 14.5401659))"
,,,,,,,,,,,,,,,,,,,,,,,,,,,,,,,,,,,,,,,,,,,,,,,,,,,,,,,,,,,,,,,,,,,,,,,,"POLYGON ((121.019312 14.539561, 121.0191491 14.5398621, 121.020144 14.540365, 121.0202994 14.5400767, 121.019312 14.539561))"
,,,,,,,,,,,,,,,,,,,,,,,,,,,,,,,,,,,,,,,,,,,,,,,,,,,,,,,,,,,,,,,,,,,,,,,,"POLYGON ((121.0179618 14.5392184, 121.0184063 14.5383983, 121.0194336 14.5389292, 121.0190005 14.5397451, 121.0179618 14.5392184))"
,,,,,,,,,,,,,,,,,,,,,,,,,,,,,,,,,,,,,,,,,,,,,,,,,,,,,,,,,,,,,,,,,,,,,,,,"POLYGON ((121.0178267 14.5394675, 121.0179618 14.5392184, 121.0190005 14.5397451, 121.0188687 14.5399933, 121.0178267 14.5394675))"
,,,,,,,,,,,,,,,,,,,,,,,,,,,,,,,,,,,,,,,,,,,,,,,,,,,,,,,,,,,,,,,,,,,,,,,,"POLYGON ((121.0188209 14.5404574, 121.0189788 14.5401659, 121.0199791 14.540685, 121.0198243 14.5409852, 121.0195432 14.5408375, 121.0188209 14.5404574))"
,,,,,,,,,,,,,,,,,,,,,,,,,,,,,,,,,,,,,,,,,,,,,,,,,,,,,,,,,,,,,,,,,,,,,,,,"POLYGON ((121.0187047 14.5378459, 121.0188944 14.537498, 121.0199264 14.5380322, 121.0197358 14.5383749, 121.0187047 14.5378459))"
,,,,,,,,,,,,,,,,,,,,,,,,,,,,,,,,,,,,,,,,,,,,,,,,,,,,,,,,,,,,,,,,,,,,,,,,"POLYGON ((121.0199706 14.538301, 121.0201878 14.5378979, 121.0205245 14.5380664, 121.0203107 14.5384764, 121.0199706 14.538301))"
,,,,,,,,,,,,,,,,,,,,,,,,,,,,,,,,,car,,,,,,,,,,,,,,,,,,,,,,,,,,,,,,,,,,,,,,,"POLYGON ((121.0208513 14.5390337, 121.0209862 14.5387853, 121.0211833 14.5384165, 121.0205245 14.5380664, 121.0203107 14.5384764, 121.0199706 14.538301, 121.0198615 14.5385148, 121.0203891 14.5387923, 121.0208513 14.5390337))"
,,,,,,,,,,,,,,,,,,,,,,,,,,,,,,,,,,,,,,,,,,,,,,,,,,,,,,,,,,,,,,,,,,,,,,,,"POLYGON ((121.0185739 14.5380932, 121.0187047 14.5378459, 121.0197358 14.5383749, 121.0196007 14.5386228, 121.0185739 14.5380932))"
,,,,,,,,,,,,,,,,,,,,,,,,,,,,,,,,,,,,,,,,,,,,,,,,,,,,,,,,,,,,,,,,,,,,,,,,"POLYGON ((121.0184063 14.5383983, 121.0185739 14.5380932, 121.0196007 14.5386228, 121.0194336 14.5389292, 121.0184063 14.5383983))"
,,,,,,,,,,,,,,,,,,,,,,,,,,,,,,,,,,,,,,,,,,,,,,,,,,,,,,,,,,,,,,,,,,,,,,,,"POLYGON ((121.0190552 14.5372003, 121.0188944 14.537498, 121.0199264 14.5380322, 121.0200867 14.5377291, 121.0190552 14.5372003))"
,,,,,,,,,,,,,,,,,,,,,,,,,,,,,,,,,car,,,,,,,,,,,,,,,,,,,,,,,,,,,,,,,,,,,,,,,"POLYGON ((121.0192109 14.5369119, 121.0193853 14.5365899, 121.0204113 14.5371094, 121.0202409 14.5374377, 121.0192109 14.5369119))"
,,,,,,,,,,,,,,,,,,,,,,,,,,,,,,,,,,,,,,,,,,,,,,,,,,,,,,,,,,,,,,,,,,,,,,,,"POLYGON ((121.0200867 14.5377291, 121.0202409 14.5374377, 121.0192109 14.5369119, 121.0190552 14.5372003, 121.0200867 14.5377291))"
,,,,,,,,,,,,,,,,,,,,,,,,,,,,,,,,,,,,,,,,,,,,,,,,,,,,,,,,,,,,,,,,,,,,,,,,"POLYGON ((121.0201878 14.5378979, 121.0204074 14.5374997, 121.0208121 14.5377075, 121.02139 14.5380104, 121.0211833 14.5384165, 121.0205245 14.5380664, 121.0201878 14.5378979))"
,,,,,,,,,,,,,,,,,,,,,,,,,,,,,,,,,car,,,,,,,,,,,,,,,,,,,,,,,,,,,,,,,,,,,,,,,"POLYGON ((121.0193853 14.5365899, 121.0195775 14.536241, 121.0205943 14.5367636, 121.0204113 14.5371094, 121.0193853 14.5365899))"
,,,,,,,,,,,,,,,,,,,,,,,,,,,,,,,,,,,,,,,,,,,,,,,,,,,,,,,,,,,,,,,,,,,,,,,,"POLYGON ((121.0211204 14.5371562, 121.0207408 14.5369554, 121.0207034 14.536961, 121.0204074 14.5374997, 121.0208121 14.5377075, 121.0211204 14.5371562))"
,,,,,,,,,,,,,,,,,,,,,,,,,,,,,,,,,,,,,,,,,,,,,,,,,,,,,,,,,,,,,,,,,,,,,,,,"POLYGON ((121.0197286 14.5359526, 121.0199107 14.535603, 121.0209326 14.5361391, 121.0207501 14.5364839, 121.0197286 14.5359526))"
,,,,,,,,,,,,,,,,,,,,,,,,,,,,,,,,,,,,,,,,,,,,,,,,,,,,,,,,,,,,,,,,,,,,,,,,"POLYGON ((121.020961 14.5364641, 121.0211375 14.5361256, 121.0221507 14.5366337, 121.0219687 14.536972, 121.020961 14.5364641))"
,,,,,,,,,,,,,,,,,,,,,,,,,,,,,,,,,,,,,,,,,,,,,,,,,,,,,,,,,,,,,,,,,,,,,,,,"POLYGON ((121.0208553 14.5368521, 121.0208922 14.5368974, 121.0217773 14.5373411, 121.0219687 14.536972, 121.020961 14.5364641, 121.0208404 14.5366953, 121.020826 14.5367444, 121.0208314 14.5367886, 121.0208553 14.5368521))"
,,,,,,,,,,,,,,,,,,,,,,,,,,,,,,,,,,,,,,,,,,,,,,,,,,,,,,,,,,,,,,,,,,,,,,,,"POLYGON ((121.0199107 14.535603, 121.0200831 14.5352721, 121.0211167 14.5358076, 121.0209326 14.5361391, 121.0199107 14.535603))"
,,,,,,,,,,,,,,,,,,,,,,,,,,,,,,,,,,,,,,,,,,,,,,,,,,,,,,,,,,,,,,,,,,,,,,,,"POLYGON ((121.0213174 14.5357805, 121.0214894 14.535456, 121.0224966 14.5359735, 121.0223277 14.5362955, 121.0213174 14.5357805))"
,,,,,,,,,,,,,,,,,,,,,,,,,,,,,,,,,,,,,,,,,,,,,,,,,,,,,,,,,,,,,,,,,,,,,,,,"POLYGON ((121.0211375 14.5361256, 121.0213174 14.5357805, 121.0223277 14.5362955, 121.0221507 14.5366337, 121.0211375 14.5361256))"
,,,,,,,,,,,,,,,,,,,,,,,,,,,,,,,,,,,,,,,,,,,,,,,,,,,,,,,,,,,,,,,,,,,,,,,,"POLYGON ((121.0204458 14.5345758, 121.0205976 14.534306, 121.021637 14.5348477, 121.0214901 14.5351185, 121.0204458 14.5345758))"
,,,,,,,,,,,,,,,,,,,,,,,,,,,,,,,,,car,,,,,,,,,,,,,,,,,,,,,,,,,,,,,,,,,,,,,,,"POLYGON ((121.0202413 14.5349683, 121.0204458 14.5345758, 121.0214901 14.5351185, 121.0212871 14.5354927, 121.0202413 14.5349683))"
,,,,,,,,,,,,,,,,,,,,,,,,,,,,,,,,,car,,,,,,,,,,,,,,,,,,,,,,,,,,,,,,,,,,,,,,,"POLYGON ((121.0200831 14.5352721, 121.0202413 14.5349683, 121.0212871 14.5354927, 121.0211167 14.5358076, 121.0200831 14.5352721))"
,,,,,,,,,,,,,,,,,,,,,,,,,,,,,,,,,,,,,,,,,,,,,,,,,,,,,,,,,,,,,,,,,,,,,,,,"POLYGON ((121.0218106 14.5348499, 121.0219973 14.5344996, 121.0225627 14.5347971, 121.0223812 14.5351368, 121.0218106 14.5348499))"
,,,,,,,,,,,,,,,,,,,,,,,,,,,,,,,,,,,,,,,,,,,,,,,,,,,,,,,,,,,,,,,,,,,,,,,,"POLYGON ((121.0216504 14.5351503, 121.0218106 14.5348499, 121.0223812 14.5351368, 121.0225627 14.5347971, 121.0229979 14.5350166, 121.0226552 14.5356712, 121.0216504 14.5351503))"
,,,,,,,,,,,,,,,,,,,,,,,,,,,,,,,,,,,,,,,,,,,,,,,,,,,,,,,,,,,,,,,,,,,,,,,,"POLYGON ((121.0214894 14.535456, 121.0216504 14.5351503, 121.0226552 14.5356712, 121.0224966 14.5359735, 121.0214894 14.535456))"
,,,,,,,,,,,,,,,,,,,,,,,,,,,,,,,,,,,,,,,,,,,,,,,,,,,,,,,,,,,,,,,,,,,,,,,,"POLYGON ((121.0229979 14.5350166, 121.0225627 14.5347971, 121.0219973 14.5344996, 121.0221867 14.5341443, 121.0231839 14.5346734, 121.0229979 14.5350166))"
,,,,,,,,,,,,,,,,,,,,,,,,,,,,,,,,,,,,,,,,,,,,,,,,,,,,,,,,,,,,,,,,,,,,,,,,"POLYGON ((121.0108597 14.5455596, 121.0111594 14.5456008, 121.0111912 14.5453842, 121.0108915 14.545343, 121.0108597 14.5455596))"
,,,,,,,,,,,,,,,,,,,,,,,,,,,,,,,,,,,,,,,,,,,,,,,,,,,,,,,,,,,,,,,,,,,,,,,,"POLYGON ((121.0221867 14.5341443, 121.0223091 14.5339147, 121.0233101 14.5344429, 121.0231839 14.5346734, 121.0221867 14.5341443))"
,,,,,,,,,,,,,,,,,,,,,,,,,,,,,,,,,,,,,,,,,,,,,,,,,,,,,,,,,,,,,,,,,,,,,,,,"POLYGON ((121.021049 14.533504, 121.0211965 14.5332353, 121.0222164 14.5337678, 121.0220677 14.534056, 121.021049 14.533504))"
,,,,,,,,,,,,,,,,,,,,,,,,,,,,,,,,,,,,,,,,,,,,,,,,,,,,,,,,,,,,,,,,,,,,,,,,"POLYGON ((121.0208822 14.5338004, 121.021049 14.533504, 121.0220677 14.534056, 121.0219098 14.5343444, 121.0208822 14.5338004))"
,,,,,,,,,,,,,,,,,,,,,,,,,,,,,,,,,,,,,,,,,,,,,,,,,,,,,,,,,,,,,,,,,,,,,,,,"POLYGON ((121.0217699 14.5346028, 121.0219098 14.5343444, 121.0208822 14.5338004, 121.0207344 14.534063, 121.0217699 14.5346028))"
,,,,,,,,,,,,,,,,,,,,,,,,,,,,,,,,,,,,,,,,,,,,,,,,,,,,,,,,,,,,,,,,,,,,,,,,"POLYGON ((121.021637 14.5348477, 121.0217699 14.5346028, 121.0207344 14.534063, 121.0205976 14.534306, 121.021637 14.5348477))"
,,,,,,,,,,,,,,,,,,,,,,,,,,,,,,,,,,,,,,,,,,,,,,,,,,,Magallanes,,,,,,,,,,,,,,,,,,,,,"POLYGON ((121.0230454 14.530865, 121.0224669 14.5309016, 121.022058 14.5316501, 121.0230831 14.5321913, 121.0231975 14.5319951, 121.0232625 14.5319361, 121.0232107 14.531842, 121.0231926 14.5318322, 121.0226814 14.5315645, 121.022737 14.5314565, 121.0230454 14.530865))"
,,,,,,,,,,,,,,,,,,,,,,,,,,,,,,,,,,,,,,,,,,,,,,,,,,,Magallanes,,,,,,,,,,,,,,,,,,,,,"POLYGON ((121.0232625 14.5319361, 121.023331 14.5318856, 121.0233989 14.5318587, 121.0232328 14.531259, 121.0231738 14.5310598, 121.023145 14.530991, 121.0230886 14.5309111, 121.0230454 14.530865, 121.022737 14.5314565, 121.0226814 14.5315645, 121.0231926 14.5318322, 121.0232107 14.531842, 121.0232625 14.5319361))"
,,,,,,,,,,,,,,,,,,,,,,,,,,,,,,,,,,,,,,,,,,,,,,,,,,,Magallanes,,,,,,,,,,,,,,,,,,,,,"POLYGON ((121.02192 14.5319053, 121.022058 14.5316501, 121.0230831 14.5321913, 121.0229461 14.5324362, 121.0226063 14.5322544, 121.02192 14.5319053))"
,,,,,,,,,,,,,,,,,,,,,,,,,,,,,,,,,,,,,,,,,,,,,,,,,,,,,,,,,,,,,,,,,,,,,,,,"POLYGON ((121.0216479 14.532413, 121.0217737 14.5321785, 121.0227802 14.5327243, 121.0226525 14.5329551, 121.0216479 14.532413))"
,,,,,,,,,,,,,,,,,,,,,,,,,,,,,,,,,,,,,,,,,,,,,,,,,,,,,,,,,,,,,,,,,,,,,,,,"POLYGON ((121.0228373 14.5329403, 121.0233015 14.5320892, 121.0233553 14.5320195, 121.0234274 14.5319917, 121.0235435 14.5320264, 121.0243885 14.5324411, 121.0238294 14.5334679, 121.0228373 14.5329403))"
,,,,,,,,,,,,,,,,,,,,,,,,,,,,,,,,,,,,,,,,,,,,,,,,,,,,,,,,,,,,,,,,,,,,,,,,"POLYGON ((121.0226396 14.5333026, 121.0228373 14.5329403, 121.0238294 14.5334679, 121.0238142 14.5334972, 121.0236428 14.5338258, 121.0226396 14.5333026))"
,,,,,,,,,,,,,,,,,,,,,,,,,,,,,,,,,,,,,,,,,,,,,,,,,,,,,,,,,,,,,,,,,,,,,,,,"POLYGON ((121.0214999 14.5326826, 121.0216479 14.532413, 121.0226525 14.5329551, 121.0225046 14.533224, 121.0214999 14.5326826))"
,,,,,,,,,,,,,,,,,,,,,,,,,,,,,,,,,,,,,,,,,,,,,,,,,,,,,,,,,,,,,,,,,,,,,,,,"POLYGON ((121.022456 14.5336392, 121.0223091 14.5339147, 121.0233101 14.5344429, 121.023466 14.534143, 121.022456 14.5336392))"
,,,,,,,,,,,,,,,,,,,,,,,,,,,,,,,,,,,,,,,,,,,,,,,,,,,,,,,,,,,,,,,,,,,,,,,,"POLYGON ((121.022456 14.5336392, 121.023466 14.534143, 121.0236428 14.5338258, 121.0226396 14.5333026, 121.022456 14.5336392))"
,,,,,,,,,,,,,,,,,,,,,,,,,,,,,,,,,,,,,,,,,,,,,,,,,,,,,,,,,,,,,,,,,,,,,,,,"POLYGON ((121.0211965 14.5332353, 121.0213383 14.532977, 121.0223469 14.5335142, 121.0222164 14.5337678, 121.0211965 14.5332353))"
,garden,,,,,,,,,,,,,,,,,,,,,,,,,,,,,,,,,,,,,,,,,,,,,,,,,,,,,,,,,,,,,,,,,,,,,,,"POLYGON ((121.0247114 14.5321139, 121.0247462 14.5320828, 121.024767 14.5320627, 121.0249078 14.5317965, 121.0248837 14.5315397, 121.0248509 14.531598, 121.0246322 14.5319855, 121.0247114 14.5321139))"
,,,,,,,,,,,,,,,,,,,,,,,,,,,,,,,,,,,,,,,,,,,,,,,,,,,Magallanes,,,,,,,,,,,,,,,,,,,,,"POLYGON ((121.0239771 14.5320912, 121.0242164 14.5322014, 121.0243218 14.5322301, 121.0244358 14.5322515, 121.024527 14.5322223, 121.0247114 14.5321139, 121.0247462 14.5320828, 121.024767 14.5320627, 121.0249078 14.5317965, 121.0248837 14.5315397, 121.0248783 14.5314875, 121.0247871 14.531459, 121.0247174 14.5315258, 121.0242151 14.5315693, 121.0241722 14.5317387, 121.0240814 14.5319027, 121.0239945 14.5320598, 121.0239771 14.5320912))"
,,,,,,,,,,,,,,,,,,,,,,,,,,,,,,,,,,,,,,,,,,,,,,,,,,,Magallanes,,,,,,,,,,,,,,,,,,,,,"POLYGON ((121.0237089 14.5319471, 121.0239771 14.5320912, 121.0239945 14.5320598, 121.0240814 14.5319027, 121.0241722 14.5317387, 121.0242151 14.5315693, 121.0242507 14.5312915, 121.024244 14.531211, 121.0238551 14.5312065, 121.0237089 14.5319471))"
,,,,,,,,,,,,,,,,,,,,,,,,,,,,,,,,,,,,,,,,,,,,,,,,,,,Magallanes,,,,,,,,,,,,,,,,,,,,,"POLYGON ((121.0232328 14.531259, 121.0236807 14.5312058, 121.0238551 14.5312065, 121.0237089 14.5319471, 121.023564 14.5318874, 121.0234702 14.5318653, 121.0233989 14.5318587, 121.0232328 14.531259))"
,,,,,,,,,,,,,,,,,,,,,,,,,,,,,,,,,,,,,,,,,,,,,,,,,,,,,,,,,,,,,yes,,,,,,,,,,,"POLYGON ((121.0272819 14.5627383, 121.0275809 14.5626435, 121.0275109 14.5624364, 121.0272118 14.5625312, 121.0272819 14.5627383))"
,,,,,,,,,,,,,,,,,,,,,,,,,,,,,,,,,,,,,,,,,,,,,,,,,,,Bel-Air,,,,,,,,,,yes,,,,,,,,,,,"POLYGON ((121.0251669 14.5632092, 121.0253202 14.5631919, 121.0252907 14.5629472, 121.0251374 14.5629645, 121.0251669 14.5632092))"
,,,,,,,,,,,,,,,,,,,,,,,,,,,,,,,,,,,,,,,,,,,,,,,,,,,,,,,,,,,,,,,,,,,,,,,,"POLYGON ((121.014588 14.5652155, 121.0147342 14.565444, 121.014957 14.5653292, 121.0148216 14.56508, 121.014588 14.5652155))"
,,,,,,,,,,,,,,,,,,,,,,,,,,,,,,,,,,,,,,,,,,,Chicken inasal,,,,,,,,,,,,,,,,,,,,,,,,,,,,,"POLYGON ((121.0139329 14.5655095, 121.0140583 14.5654135, 121.0139249 14.5652298, 121.0137907 14.5653317, 121.0139329 14.5655095))"
,,,,,,,,,,,,,,,,,,,,,,,,,,,,,,,,,,,,,,,,,,,,,,,,,,,,,,,,,,,,,,,,,,,,,,,,"POLYGON ((121.0165668 14.5715412, 121.0169101 14.5714796, 121.0167814 14.5711402, 121.0163958 14.5712025, 121.0165668 14.5715412))"
,,,,,,,,,,,,,,,,,,,,,,,,,,,,,,,,,,,,,,,,,,,,,,,,,,,,,,,,,,,,,,,,,,,,,,,,"POLYGON ((121.0168267 14.5750569, 121.0165957 14.5742851, 121.0163288 14.5733285, 121.0162121 14.5728833, 121.0165688 14.5727639, 121.0176321 14.572389, 121.0176446 14.5724204, 121.0175388 14.5732371, 121.0179116 14.5748298, 121.0174136 14.574934, 121.0168267 14.5750569))"
,,,,,,,,,,,,,,,,,,,,,,,,,,,,,,,,,,,,,,,,,,,,,,,,,,,,,,,,,,,,,,,,,,,,,,,,"POLYGON ((121.0313194 14.5605092, 121.031407 14.560249, 121.0313438 14.5601837, 121.0311205 14.5603733, 121.0311225 14.5604187, 121.031156 14.5604544, 121.0312638 14.56049, 121.0313194 14.5605092))"
,,,,,,,,,,,,,,,,,,,,,,,,,,,,,,,,,,,,,,,,,,,,,,,,,,,,,,,,,,,,,,,,,,,,,,,,"POLYGON ((121.0108396 14.5427446, 121.0108611 14.5425233, 121.0112044 14.5425564, 121.011183 14.5427751, 121.0108396 14.5427446))"
,,,,,,,,,,,,,,,,,,,,,,,,,,,,,,,,,,,,,,,,,,,,,,,,,,,,,,,,,,,,,,,,,,,,,,,,"POLYGON ((121.0090004 14.552728, 121.0087247 14.5532223, 121.0095227 14.5535312, 121.0097552 14.5530998, 121.0090004 14.552728))"
,,,,,,,,,,,,,,,,,,,,,,,,,,,,,,,,,,,,,,,,,,,,,,,,,,,,,,,,,,,,,,,,,,,,,,,,"POLYGON ((121.0089043 14.5525836, 121.009056 14.5526245, 121.0091895 14.5523902, 121.0089904 14.5523547, 121.0089043 14.5525836))"
,,,,,,,,,,,,,,,,,,,,,,,,,,,,,,,,,,,,,,,,,,,,,,,,,,,San Isidro,,,,,,,,,,,,,,,,,,,,,"POLYGON ((121.0097552 14.5530998, 121.0099881 14.552692, 121.0095548 14.5525298, 121.0091895 14.5523902, 121.009056 14.5526245, 121.0090004 14.552728, 121.0097552 14.5530998))"
,,,,,,,,,,,,,,,,,,,,,,,,,,,,,,,,,,,,,,,,,,,,,,,,,,,,,,,,,,,,,,,,,,,,,,,,"POLYGON ((121.0089532 14.553895, 121.0092048 14.5540232, 121.0094536 14.5535812, 121.0091817 14.5534788, 121.0089532 14.553895))"
,,,,,,,,,,,,,,,,,,,,,,,,,,,,,,,,,,,,,,,,,,,,,,,,,,,,,,,,,,,,,,,,,,,,,,,,"POLYGON ((121.0091817 14.5534788, 121.0087386 14.553312, 121.0086543 14.5535033, 121.0085598 14.5534689, 121.0086382 14.5532755, 121.0081018 14.5530775, 121.0079335 14.5536065, 121.0087086 14.5537843, 121.0088226 14.5538285, 121.0089532 14.553895, 121.0091817 14.5534788))"
,,,,,,,,,,,,,,,,,,,,,,,,,,,,,,,,,,,,,,,,,,,,,,,,,,,,,,,,,,,,,,,,,,,,,,,,"POLYGON ((121.0080857 14.5527965, 121.008138 14.5526226, 121.0078201 14.5525473, 121.0077779 14.5527232, 121.0080857 14.5527965))"
,,,,,,,,,,,,,,,,,,,,,,,,,,,,,,,,,,,,,,,,,,,,,,,,,,,,,,,,,,,,,,,,,,,,,,,,"POLYGON ((121.0075761 14.5522422, 121.0082003 14.5523941, 121.0082466 14.5522156, 121.0079885 14.5522442, 121.00774 14.5522254, 121.0075855 14.5522085, 121.0075761 14.5522422))"
,,,,,,,,,,,,,,,,,,,,,,,,,,,,,,,,,,,,,,,,,,,,,,,,,,,San Isidro,,,,,,,,,,,,,,,,,,,,,"POLYGON ((121.0087184 14.5526028, 121.0084441 14.5525335, 121.0083807 14.552766, 121.0086536 14.5528342, 121.0085692 14.5531626, 121.0086355 14.5531853, 121.0089131 14.5526933, 121.0088917 14.5526466, 121.0087184 14.5526028))"
,,,,,,,,,,,,,,,,,,,,,,,,,,,,,,,,,,,,,,,,,,,,,,,,,,,,,,,,,,,,,,,,,,,,,,,,"POLYGON ((121.0083076 14.5530639, 121.0085692 14.5531626, 121.0086536 14.5528342, 121.0083807 14.552766, 121.0083076 14.5530639))"
,,,,,,,,,,,,,,,,,,,,,,,,,,,,,,,,,,,,,,,,,,,,,,,,,,,San Isidro,,,,,,,,,,,,,,,,,,,,,"POLYGON ((121.0084441 14.5525335, 121.0082647 14.5524882, 121.0081172 14.5529932, 121.0083076 14.5530639, 121.0083807 14.552766, 121.0084441 14.5525335))"
,,,,,,,,,,,,,,,,,,,,,,,,,,,,,,,,,,,,,,,,,,,,,,,,,,,,,,,,,,,,,,,,,,,,,,,,"POLYGON ((121.0089904 14.5523547, 121.0083425 14.5522396, 121.0082929 14.552424, 121.0089043 14.5525836, 121.0089904 14.5523547))"
,,,,,,,,,,,,,,,,,,,,,,,,,,,,,,,,,,,,,,,,,,,,,,,,,,,,,,,,,,,,,,,,,,,,,,,,"POLYGON ((121.0102884 14.5472322, 121.0103063 14.5471177, 121.010322 14.547008, 121.0104932 14.5470309, 121.0105208 14.5468383, 121.010607 14.5468499, 121.0106355 14.5468556, 121.0109248 14.5469019, 121.0109363 14.5469159, 121.0109483 14.5469304, 121.0108919 14.5472829, 121.0108733 14.5472972, 121.0108544 14.5473088, 121.0105586 14.5472688, 121.0102884 14.5472322))"
,,,,,,,,,,,,,,,,,,,,,,,,,,,,,,,,,,,,,,,,,,,,,,,,,,,,,,,,,,,,,,,,,,,,,,,,"POLYGON ((121.0116463 14.5435826, 121.0119104 14.5436191, 121.0119406 14.5434146, 121.0116765 14.5433781, 121.0116463 14.5435826))"
,,,,,,,,,,,,,,,,,,,,,,,,,,,,,,,,,,,,,,,,,,,,,,,,,,,,,,,,,,,,,,,,,,,,,,,,"POLYGON ((121.011881 14.5413485, 121.0119145 14.5411557, 121.011694 14.54112, 121.0116645 14.5413128, 121.011881 14.5413485))"
,,,,,,,,,,,,,,,,,,,,,,,,,,,,,,,,,,,,,,,,,,,,,,,,,,,,,,,,,,,,,,,,,,,,,,,,"POLYGON ((121.0031665 14.5554101, 121.0032941 14.5554532, 121.0033831 14.5552083, 121.0032509 14.5551639, 121.0031665 14.5554101))"
,,,,,,,,,,,,,,,,,,,,,,,,,,,,,,,,,,,,,,,,,,,,,,,,,,,,,,,,,,,,,,,,,,,,,,,,"POLYGON ((121.0030301 14.5553641, 121.0031665 14.5554101, 121.0032509 14.5551639, 121.0031182 14.5551194, 121.0030301 14.5553641))"
,,,,,,,,,,,,,,,,,,,,,,,,,,,,,,,,,,,,,,,,,,,,,,,,,,,,,,,,,,,,,,,,,,,,,,,,"POLYGON ((121.0138021 14.5448638, 121.0141362 14.5450105, 121.0142474 14.5448041, 121.013896 14.5446354, 121.0138021 14.5448638))"
,,,,,,,,,,,,,,,,,,,,,,,,,,,,,,,,,,,,,,,,,,,,,,,,,,,,,,,,,,,,,,,,,,,,,,,,"POLYGON ((121.0132603 14.5457362, 121.0134823 14.5458257, 121.0136955 14.5459199, 121.0141069 14.5450969, 121.0138363 14.5449839, 121.0137525 14.5451806, 121.013499 14.5450839, 121.0132603 14.5457362))"
,,,,,,,,,,,,,,,,,,,,,,,,,,,,,,,,,,,,,,,,,,,,,,,,,,,,,,,,,,,,,,,,,,,,,,,,"POLYGON ((121.015048 14.5427135, 121.0153417 14.5428475, 121.0155144 14.5425165, 121.0153722 14.5424499, 121.0152877 14.5426161, 121.0152058 14.5425788, 121.0151272 14.5425437, 121.015048 14.5427135))"
,,,,,,,,,,,,,,,,,,,,,,,,,,,,,,,,,,,,,,,,,,,,,,,,,,,,,,,,,,,,,,,,,,,,,,,,"POLYGON ((121.015558 14.5464693, 121.0153686 14.5468162, 121.0161925 14.547239, 121.0163511 14.547327, 121.0164843 14.5469512, 121.0156285 14.5465056, 121.015558 14.5464693))"
,,,,,,,,,,,,,,,,,,,,,,,,,,,,,,,,,,,,,,,,,,,,,,,,,,,,,,,,,,,,,,,,,,,,,,,,"POLYGON ((121.015558 14.5464693, 121.0157651 14.5461103, 121.0165125 14.5465083, 121.0166171 14.546564, 121.0164843 14.5469512, 121.0163294 14.5468707, 121.0156285 14.5465056, 121.015558 14.5464693))"
,,,,,,,,,,,,,,,,,,,,,,,,,,,,,,,,,,,,,,,,,,,,,,,,,,,,,,,,,,,,,,,,,,,,,,,,"POLYGON ((121.0130128 14.5487125, 121.0127414 14.549206, 121.0136325 14.5496623, 121.0138954 14.5491762, 121.0130128 14.5487125))"
,,,,,,,,,,,,,,,,,,,,,,,,,,,,,,,,,,,,,,,,,,,,,,,,,,,,,,,,,,,,,,,,,,,,,,,,"POLYGON ((121.0132052 14.5483609, 121.0134716 14.5478709, 121.0135051 14.5478352, 121.013548 14.5478235, 121.0135976 14.547819, 121.0143641 14.5482058, 121.0143835 14.5482558, 121.0140885 14.5488246, 121.0132052 14.5483609))"
,,,,,,,,,,,,,apartments,,,,,,,,,,,,,,,,,,,,,,,,,,,,,,,,,,,,,,,,,,,,,,,,,,,,,,,,,,,"POLYGON ((121.0134596 14.5500687, 121.0124072 14.5498195, 121.0127414 14.549206, 121.0136325 14.5496623, 121.0135681 14.549783, 121.0135252 14.5498797, 121.0134877 14.5499758, 121.0134596 14.5500687))"
,,,,,,,,,,,,,,,,,,,,,,,,,,,,,,,,,,,,,,,,,,,,,,,,,,,,,,,,,,,,,,,,,,,,,,,,"POLYGON ((121.016413 14.5445611, 121.0165123 14.544377, 121.0154712 14.5438558, 121.0153778 14.5440298, 121.016413 14.5445611))"
,,,,,,,,,,,,,,,,,,,,,,,,,,,,,,,,,,,,,,,,,,,,,,,,,,,,,,,,,,,,,,,,,,,,,,,,"POLYGON ((121.0117068 14.5494949, 121.0118783 14.5491833, 121.0117831 14.5491541, 121.0116423 14.5491223, 121.0115799 14.5494488, 121.0117068 14.5494949))"
,,,,,,,,,,,,,,,,,,,,,,,,,,,,,,,,,,,,,,,,,,,,,,,,,,,,,,,,,,,,,,,,,,,,,,,,"POLYGON ((121.0031015 14.5585132, 121.0032865 14.558556, 121.0033108 14.5584578, 121.0031257 14.558415, 121.0031015 14.5585132))"
,,,,,,,,,,,,,,,,,,,,,,,,,,,,,,,,,,,,,,,,,,,,,,,,,,,,,,,,,,,,,,,,,,,,,,,,"POLYGON ((121.0073903 14.5664548, 121.0075399 14.5664464, 121.0077323 14.5664356, 121.007742 14.5666988, 121.007572 14.5667018, 121.0075891 14.5669963, 121.0074181 14.5669986, 121.0073903 14.5664548))"
,,,,,,,,,,,,,,,,,,,,,,,,,,,,,,,,,,,,,,,,,,,,,,,,,,,,,,,,,,,,,,,,,,,,,,,,"POLYGON ((121.0074104 14.5668392, 121.0074689 14.5668365, 121.0074633 14.566725, 121.0074048 14.5667278, 121.0074104 14.5668392))"
,,,,,,,,,,,,,,,,,,,,,,,,,,,,,,,,,car_repair,,,,,,,,,,,,,,,,,,,,,,,,,,,,,,,,,,,,,,,"POLYGON ((121.0070517 14.5667608, 121.0070369 14.5664752, 121.0071962 14.5664668, 121.007214 14.5667446, 121.0070517 14.5667608))"
,,,,,,,,,,,,,,,,,,,,,,,,,,,,,,,,,,,,,,,,,,,,,,,,,,,,,,,,,,,,,,,,,,,,,,,,"POLYGON ((121.0074245 14.5673624, 121.0075761 14.5673611, 121.007568 14.5671242, 121.0074131 14.567134, 121.0074245 14.5673624))"
,,,,,,,,,,,,,,,,,,,,,,,,,,,,,,,,,,,,,,,,,,,,,,,,,,,,,,,,,,,,,,,,,,,,,,,,"POLYGON ((121.0072485 14.5673605, 121.0073347 14.5673582, 121.0073293 14.5671421, 121.0072445 14.5671469, 121.0072485 14.5673605))"
,,,,,,,,,,,,,,,,,,,,,,,,,,,,,,,,,car_repair,,,,,,,,,,,,,,,,,,,,,,,,,,,,,,,,,,,,,,,"POLYGON ((121.0070711 14.5670233, 121.0072349 14.5670149, 121.007214 14.5667446, 121.0070517 14.5667608, 121.0070711 14.5670233))"
,,,,,,,,,,,,,,,,,,,,,,,,,,,,,,,,,car_repair,,,,,,,,,,,,,,,,,,,,,,,,,,,,,,,,,,,,,,,"POLYGON ((121.0066541 14.5667751, 121.0066728 14.5670476, 121.0070711 14.5670233, 121.0070517 14.5667608, 121.0066541 14.5667751))"
,,,,,,,,,,,,,,,,,,,,,,,,,,,,,,,,,car_repair,,,,,,,,,,,,,,,,,,,,,,,,,,,,,,,,,,,,,,,"POLYGON ((121.0066541 14.5667751, 121.0066386 14.5664902, 121.0070369 14.5664752, 121.0070517 14.5667608, 121.0066541 14.5667751))"
,,,,,,,,,,,,,,,,,,,,,,,,,,,,,,,,,,,,,,,,,,,,,,,,,,,,,,,,,,,,,,,,,,,,,,,,"POLYGON ((121.0044801 14.5672089, 121.0045817 14.5672002, 121.0045475 14.5671239, 121.0044711 14.567195, 121.0044801 14.5672089))"
,,,,,,,,,,,,,,,,,,,,,,,,,,,,,,,,,,,,,,,,,,,,,,,,,,,,,,,,,,,,,,,,,,,,,,,,"POLYGON ((121.0047036 14.5644111, 121.0049076 14.5645131, 121.0049557 14.5644225, 121.0047534 14.5643175, 121.0047036 14.5644111))"
,,,,,,,,,,,,,,,,,,,,,,,,,,,,,,,,,,,,,,,,,,,,,,,,,,,,,,,,,,,,,,,,,,,,,,,,"POLYGON ((121.0047534 14.5643175, 121.0049557 14.5644225, 121.0050076 14.5643264, 121.0048036 14.564223, 121.0047534 14.5643175))"
,,,,,,,,,,,,,,,,,,,,,,,,,,,,,,,,,,,,,,,,,,,,,,,,,,,,,,,,,,,,,,,,,,,,,,,,"POLYGON ((121.006925 14.5636264, 121.0071067 14.5637997, 121.0072358 14.5636871, 121.007042 14.5635021, 121.006925 14.5636264))"
,park,,,,,,,,,,,,,,,,,,,,,,,,,,,,,,,,,,,,,,,,,,,,,,,,,,,,,,,,,,,,,,,,,,,,,,,"POLYGON ((121.024315 14.554881, 121.025097 14.5564136, 121.0235555 14.5573651, 121.021405 14.5567771, 121.024315 14.554881))"
,park,,,,,,,,,,,,,,,,,,,,,,,,,,,,,,,,,,,,,,,,,,,,,,,,,,,,,,,,,,,,,,,,,,,,,,,"POLYGON ((121.0260015 14.5581169, 121.0258173 14.558068, 121.0259041 14.5579239, 121.0260015 14.5581169))"
,park,,,,,,,,,,,,,,,,,,,,,,,,,,,,,,,,,,,,,,,,,,,,,,,,,,,,,,,,,,,,,,,,,,,,,,,"POLYGON ((121.0258015 14.5580762, 121.0260156 14.558125, 121.0259094 14.5579049, 121.0258015 14.5580762))"
,park,,,,,,,,,,,,,,,,,,,,,,,,,,,,,,,,,,,,,,,,,,,,,,,,,,,,,,,,,,,,,,,,,,,,,,,"POLYGON ((121.0265314 14.5586706, 121.0266535 14.558537, 121.0264367 14.5584753, 121.0265314 14.5586706))"
,garden,,,,,,,,,,,,,,,,,,,,,,,,,,,,,,,,,,,,,,,,,,,,,,,,,,,,,,,,,,,,,,,,,,,,,,,"POLYGON ((121.0235899 14.5664065, 121.0234533 14.5660955, 121.0234115 14.5661127, 121.0235481 14.5664237, 121.0235899 14.5664065))"
,park,,,,,,,,,,,,,,,,,,,,,,,,,,,,,,,,,,,,,,,,,,,,,,,,,,,,,,,,,,,,,,,,,,,,,,,"POLYGON ((121.0216962 14.5629223, 121.0216362 14.5629148, 121.0216054 14.5628778, 121.0212842 14.562822, 121.0212614 14.5628343, 121.0211836 14.5628181, 121.0212164 14.5627766, 121.0217095 14.5628558, 121.0220826 14.5629133, 121.0221348 14.5629581, 121.0221512 14.5629953, 121.0221659 14.5631309, 121.0222182 14.5633676, 121.0222378 14.563436, 121.0225394 14.5642307, 121.0225184 14.5642382, 121.0224013 14.563935, 121.0222799 14.5636358, 121.022121 14.5632211, 121.0220949 14.563177, 121.0220593 14.5631517, 121.0220332 14.5631212, 121.022005 14.5630913, 121.0219822 14.5630615, 121.0219716 14.5630235, 121.0219266 14.5629946, 121.0219259 14.5629362, 121.0217187 14.5629005, 121.0216962 14.5629223))"
,park,,,,,,,,,,,,,,,,,,,,,,,,,,,,,,,,,,,,,,,,,,,,,,,,,,,,,,,,,,,,,,,,,,,,,,,"POLYGON ((121.0167283 14.5583016, 121.016947 14.558158, 121.0171755 14.5584841, 121.0169568 14.5586277, 121.0167283 14.5583016))"
,playground,,,,,,,,,,2993446020979566,,,,,,,,,,,,,,,,,,,,,,,,,,,,,,,,,,,,,,,,,,,,,,,,,,,,,,,,,,,,,"POLYGON ((121.0169893 14.5762191, 121.0169571 14.5759926, 121.0169893 14.5759738, 121.0171375 14.5761483, 121.0169893 14.5762191))"
,,,,,,,,,,,,,,,,,,,,,,,,,,,,,,,,,,,,,,,,,,,,,,,,,,,,,,,,,,,,,,,,,,,,,,,,"POLYGON ((121.0239677 14.5280694, 121.0238484 14.5281018, 121.0237631 14.5280558, 121.0223596 14.5306544, 121.0225256 14.5307383, 121.0239677 14.5280694))"
tree_row,,,,,,,,,,,,,,,,,,,,,,,,,,,,,,,,,,,,,,,,,,,,,,,,,,,,,,,,,,,,,,,,,,,,,,,,"LINESTRING (121.0208617 14.5323534, 121.0202664 14.5334963)"
,pitch,,,,,,,yes,asphalt,,,,,,,,,,,private,,,,,,,,,,,,,,,,,,,,,,,yes,,,,,,,,,,,,,,,,,,,,,,,,,,,,,"POLYGON ((121.0215181 14.5601422, 121.0215728 14.5598875, 121.0219974 14.559973, 121.0219427 14.5602276, 121.0215181 14.5601422))"
,pitch,,,,,,,yes,asphalt,,,,,,,,,,,private,,,,,,,,,,,,,,,,,,,,,,,,,,,,,,,,,,,,,,,,,,no,,,,,,,,,,"POLYGON ((121.021939 14.5596732, 121.0219796 14.5594586, 121.0220932 14.5594787, 121.0220526 14.5596933, 121.021939 14.5596732))"
,swimming_pool,,,,,,,,,,,outdoor,,,,,,,,customers,,,,,,,,,,,,,,,,,,,,,,,,,,,,,,,,,,,,,,,,,,,outdoor,,,,,,,,,"POLYGON ((121.0211807 14.5599713, 121.021147 14.5598545, 121.0213507 14.5597967, 121.0214013 14.5599161, 121.0211807 14.5599713))"
,,,,,,,,,,,,,,,,,,,,,,,,,,,,,,,,,,,,,,,,,,,,,,,,,,,,,,,,,,,,,,,,,,,,,,,,"POLYGON ((121.0199209 14.5764349, 121.0199438 14.5765102, 121.019959 14.5765552, 121.0199774 14.5766033, 121.0200012 14.5766515, 121.0200304 14.5766976, 121.0200693 14.5767488, 121.0201115 14.5767865, 121.0201634 14.5768274, 121.0201994 14.5768516, 121.0202278 14.5768767, 121.0202514 14.5769134, 121.0202683 14.5769627, 121.0202805 14.5770099, 121.0202953 14.5770615, 121.0203074 14.5771091, 121.0203096 14.5771308, 121.020304 14.5771468, 121.0202901 14.5771638, 121.0202689 14.5771744, 121.0202424 14.5771802, 121.0202175 14.5771822, 121.0202018 14.5771812, 121.0201857 14.5771809, 121.0201672 14.5771854, 121.0201521 14.5771948, 121.0201402 14.5772089, 121.0201282 14.5772338, 121.0201196 14.5772524, 121.0201077 14.5772681, 121.020091 14.5772812, 121.020067 14.5772922, 121.0200444 14.5772959, 121.0200174 14.5772937, 121.0199947 14.5772901, 121.0199714 14.577289, 121.0199452 14.5772936, 121.0199206 14.5773026, 121.0198979 14.5773199, 121.0198849 14.5773351, 121.0198701 14.5773534, 121.0198568 14.5773717, 121.0198476 14.5773859, 121.0194106 14.5768274, 121.0194603 14.5767834, 121.0193086 14.5765654, 121.0199209 14.5764349))"
,,,,,,,,,,,,,,,,,,,,,,,,,,,,,,,,,,,,,,,,,,,,,,,,,,,,,,,,,,,,,,,,,,,,,,,,"POLYGON ((121.0192643 14.5771355, 121.0191856 14.5771864, 121.0189191 14.576882, 121.0189417 14.5768574, 121.0189502 14.5768355, 121.0189577 14.576799, 121.0189596 14.5767681, 121.0189558 14.5767289, 121.0189455 14.5767033, 121.0189164 14.5766494, 121.0192721 14.5765722, 121.0194257 14.5767835, 121.0193824 14.5768218, 121.0194119 14.5768593, 121.0193667 14.5768909, 121.0193403 14.5768556, 121.0192937 14.5768882, 121.0192484 14.5768276, 121.0191454 14.5768998, 121.0192016 14.576975, 121.019164 14.5770013, 121.0192643 14.5771355))"
,,,,,,,,,,,,,,,,,,,,,,,,,,,,,,,,,,,,,,,,,,,,,,,,,,,,,,,,,,,,,,,,,,,,,,,,"POLYGON ((121.0192826 14.57716, 121.019209 14.5772097, 121.0194416 14.577474, 121.0194912 14.5774389, 121.0192826 14.57716))"
,,,,,,,,,,,,,,,,,,,,,,,,,,,,,,,,,,,,,,,,,,,,,,,,,,,,,,,,,,,,,,,,,,,,,,,,"POLYGON ((121.0195064 14.5774593, 121.0194633 14.5774904, 121.0195198 14.5775569, 121.0195985 14.5775026, 121.0195801 14.5774779, 121.0195409 14.5775054, 121.0195064 14.5774593))"
,,,,,,,,,,,,,,,,,,,,,,,,,,,,,,,,,,,,,,,,,,,,,,,,,,,,,,,,,,,,,,,,,,,,,,,,"POLYGON ((121.0197143 14.5774216, 121.0197934 14.577367, 121.019761 14.577326, 121.0197238 14.5773521, 121.0197431 14.5773779, 121.0197028 14.5774061, 121.0197143 14.5774216))"
,,,,,,,,,,,,,,,,,,,,,,,,,,,,,,,,,,,,,,,,,,,,,,,,,,,,,,,,,,,,,,,,,,,,,,,,"POLYGON ((121.0199681 14.5764241, 121.0199931 14.5765106, 121.0200147 14.5765702, 121.0200375 14.5766132, 121.0200721 14.5766686, 121.0201164 14.5767189, 121.0201759 14.5767649, 121.0202311 14.5767964, 121.0202981 14.5768319, 121.0203587 14.5768529, 121.0204225 14.5768665, 121.0204993 14.5768707, 121.0205761 14.5768728, 121.0206577 14.5768849, 121.0206801 14.5768758, 121.0206967 14.5768611, 121.0207173 14.5768408, 121.0207342 14.5768262, 121.0207515 14.5768133, 121.0207741 14.5768024, 121.0207934 14.5767952, 121.0208139 14.5767915, 121.0208331 14.5767882, 121.0208493 14.5767861, 121.0208672 14.5767833, 121.0208855 14.5767785, 121.0209058 14.5767697, 121.020924 14.576761, 121.0209392 14.5767518, 121.0209537 14.5767406, 121.0209753 14.5767233, 121.0209883 14.576706, 121.0210002 14.5766872, 121.0210132 14.5766673, 121.0210245 14.5766544, 121.0210435 14.5766385, 121.0210689 14.5766254, 121.0211046 14.5766165, 121.0211293 14.5766154, 121.0211152 14.5765849, 121.0210925 14.5765068, 121.0210623 14.5764895, 121.0209462 14.576481, 121.0209295 14.5764622, 121.0209347 14.5764201, 121.0210616 14.5762928, 121.021189 14.576226, 121.0213172 14.5762031, 121.0212679 14.5761399, 121.0199681 14.5764241))"
,,,,,,,,,,,,,,,,,,,,,,,,,,,,,,,,,,,,,,,,,,,,,,,,,,,,,,,,,,,,,,,,,,,,,,,,"POLYGON ((121.0203522 14.5770096, 121.0203673 14.5769822, 121.020387 14.5769567, 121.0204106 14.5769348, 121.0204294 14.576923, 121.0203899 14.5769202, 121.020355 14.5769193, 121.0203239 14.5769111, 121.0203362 14.5769376, 121.0203447 14.5769704, 121.0203522 14.5770096))"
,,,,,,,,,,,,,,,,,,,,,,,,,,,,,,,,,,,,,,,,,,,,,,,,,,,,,,,,,,,,,,,,,,,,,,,,"POLYGON ((121.0172133 14.5758323, 121.0189853 14.5777694, 121.0191606 14.577961, 121.0195762 14.5777447, 121.0188612 14.5769069, 121.0186782 14.5766889, 121.0184179 14.5756002, 121.0172133 14.5758323))"
,,,,,,,,,,,,,,,,,,,,,,,,,,,,,,,,residential,,,,,,,,,,,,,,,,,,,,,,,,,,,,,,,,,,,,,,,,"POLYGON ((121.0173196 14.5432964, 121.0182355 14.5437821, 121.0184359 14.543422, 121.0175145 14.5429414, 121.0173196 14.5432964))"
,,,,,,,,,,,,,,,,,,,,,,,,,,,,,,,,,,,,,,,,,,,,,,,,,,,,,,,,,,,,,,,,,,,,,,,,"POLYGON ((121.0167872 14.5442343, 121.0177612 14.544737, 121.0180196 14.5442435, 121.0170503 14.5437342, 121.0167872 14.5442343))"
,,,,,,,,,,,,,,,,,,,,,,,,,,,,,,,,,,,,,,,,,,,,,,,,,,,,,,,,,,residential,,,,,,,,,,,,,,"POLYGON ((121.0157651 14.5461103, 121.0159899 14.5456922, 121.0164045 14.5459018, 121.0164979 14.546002, 121.0165959 14.546158, 121.0166323 14.5462799, 121.0166391 14.5464257, 121.0166171 14.546564, 121.0157651 14.5461103))"
,,,,,,,,,,,,,apartments,,,,,,,,,,,,,,,,,,,,,,,,,,,,,,,,,,,,,,,,,,,,,,,,,,,,,,,,,,,"POLYGON ((121.025433 14.5498567, 121.025458 14.5498766, 121.0253958 14.5499701, 121.0248454 14.5501829, 121.0243219 14.5495287, 121.0245273 14.5493135, 121.0246869 14.5491837, 121.0248009 14.5492967, 121.0250872 14.5495568, 121.0252587 14.5497101, 121.025433 14.5498567))"
,park,,,,,,,,,,,,,,,,,,,,,,,,,,,,,,,,,,,,,,,,,,,,,,,,,,,,,,,,,,,,,,,,,,,,,,,"POLYGON ((121.0257304 14.5481579, 121.0260458 14.5483906, 121.0263011 14.5481123, 121.0260136 14.5478608, 121.0257304 14.5481579))"
,swimming_pool,,,,,,,,,,,,,,,,,,,,,,,,,,,,,,,,,,,,,,,,,,,,,,,,,,,,,,,,,,,,,,,,,,,,,,,"POLYGON ((121.0241227 14.5505326, 121.0241291 14.5505493, 121.0241291 14.550574, 121.0241252 14.5506049, 121.0241297 14.5506327, 121.0241527 14.5506963, 121.0242133 14.5506635, 121.0242541 14.5506197, 121.0242835 14.5505641, 121.0242981 14.5505283, 121.0242898 14.5505018, 121.0242745 14.5504863, 121.0242394 14.5504709, 121.0241967 14.5504851, 121.0241546 14.5505067, 121.0241227 14.5505326))"
,swimming_pool,,,,,,,,,,,,,,,,,,,,,,,,,,,,,,,,,,,,,,,,,,,,,,,,,,,,,,,,,,,,,,,,,,,,,,,"POLYGON ((121.0240657 14.5501073, 121.0242702 14.5500097, 121.0242148 14.5499008, 121.0240102 14.5499984, 121.0240657 14.5501073))"
,swimming_pool,,,,,,,,,,,,,,,,,,,,,,,,,,,,,,,,,,,,,,,,,,,,,,,,,,,,,,,,,,,,,,,,,,,,,,,"POLYGON ((121.0376099 14.5654869, 121.0376084 14.5654344, 121.0377005 14.5654355, 121.0377009 14.5654865, 121.0376099 14.5654869))"
,garden,,,,,,,,,,,,,,,,,,,,,,,,,,,,,,,,,,,,,,,,,,,,,,,,,,,,,,,,,,,,,,,,,,,,,,,"POLYGON ((121.0377837 14.5655005, 121.0378875 14.565138, 121.0377971 14.565137, 121.0377837 14.5655005))"
,garden,,,,,,,,,,,,,,,,,,,,,,,,,,,,,,,,,,,,,,,,,,,,,,,,,,,,,,,,,,,,,,,,,,,,,,,"POLYGON ((121.0378875 14.565138, 121.0379721 14.5648851, 121.0379038 14.5648667, 121.0379038 14.5649049, 121.0378903 14.5649006, 121.0378875 14.565138))"
,garden,,,,,,,,,,,,,,,,,,,,landscaping,,,,,,,,,,,,,,,,,,,,,,,,,,,,,,,,,,,,,,,,,,,,,,,,,,,"POLYGON ((121.0370338 14.5638869, 121.0370345 14.5642856, 121.0368408 14.5642859, 121.0366414 14.5641078, 121.0366411 14.5638874, 121.0370338 14.5638869))"
,swimming_pool,,,,,,,,,,,,,,,,,,,,,,,,,,,,,,,,,,,,,,,,,,,,,,,,,,,,,,,,,,,,,,,,,,,,,,,"POLYGON ((121.0244061 14.5531433, 121.0244847 14.553286, 121.0242842 14.5533894, 121.0242056 14.5532466, 121.0244061 14.5531433))"
,,,,,,,,,,,,,,,,,,,,,,,,,,,,,,,,,,,,,,,,,,,,,,,,,,,,,,,,,,,,,,,,,,,,,,,,"POLYGON ((121.0354119 14.5640519, 121.0354417 14.5641537, 121.0354344 14.5641838, 121.0354177 14.5642379, 121.0354159 14.5643012, 121.0354389 14.5643741, 121.0354922 14.5644331, 121.0355341 14.5644497, 121.0355743 14.5644584, 121.0356009 14.5644457, 121.035637 14.5644147, 121.0356586 14.5643798, 121.0356658 14.5643248, 121.0356604 14.564186, 121.0356528 14.5641541, 121.0356329 14.5641279, 121.0356072 14.5641065, 121.035595 14.5640807, 121.0355824 14.5640659, 121.0355689 14.5640428, 121.035544 14.5640292, 121.0355156 14.5640297, 121.0354746 14.5640166, 121.0354475 14.5640126, 121.0354214 14.5640244, 121.0354119 14.5640519))"
,garden,,,,,,,,,,,,,,,,,,,,,,,,,,,,,,,,,,,,,,,,,,,,,,,,,,,,,,,,,,,,,,,,,,,,,,,"POLYGON ((121.0357485 14.5636517, 121.0358967 14.5636536, 121.0359463 14.5636798, 121.0357559 14.5640212, 121.0357559 14.5649801, 121.0353003 14.5649705, 121.0353265 14.5641611, 121.0352444 14.5640938, 121.0352534 14.5639183, 121.0355629 14.5639218, 121.0355638 14.5638383, 121.0357452 14.5638412, 121.0357485 14.5636517))"
,,,,,,,,,,,,,,,,,,,,,,,,,,,,,,,,,,,,,,,,,,,,,,,,,,,,,,,,,,,,,,,,,,,,,,,,"POLYGON ((121.0057111 14.5620362, 121.0058954 14.5621533, 121.0059965 14.5620639, 121.0059907 14.5619628, 121.0057633 14.5618528, 121.0057005 14.5619883, 121.0057111 14.5620362))"
,,,,,,,,,,,,,,,,,,,,,,,,,,,,,,,,,,,,,,,,,,,,,,,,,,,,,,,,,,,,,,,,,,,,,,,,"POLYGON ((121.0415101 14.5601916, 121.0412116 14.5599465, 121.0413256 14.5598287, 121.0415013 14.5598015, 121.0416622 14.5598586, 121.0417393 14.5599203, 121.0415101 14.5601916))"
,park,,,,,,,,,,,,,,,,,,,,,,,,,,,,,,,,,,,,,,,,,,,,,,,,,,,,,,,,,,,,,,,,,,,,,,,"POLYGON ((121.0301968 14.5371074, 121.0304489 14.5368426, 121.0301431 14.5366037, 121.0299071 14.5368738, 121.0301968 14.5371074))"
,,,,,,,,,,,,,,,,,,,,,,,,,,,,,,,,,,,,,,,,,,,,,,,,,,,,,,,,,,,,,,,,DMCI,,,,,,,,"POLYGON ((121.0428127 14.5630616, 121.0427758 14.5629691, 121.0428078 14.5625559, 121.0426476 14.5623737, 121.0427809 14.5622639, 121.0426122 14.5621025, 121.0425153 14.5622307, 121.0424756 14.5622784, 121.0424581 14.5622805, 121.0424403 14.5622731, 121.0424221 14.5622494, 121.0422359 14.5626753, 121.0424277 14.5631225, 121.0427668 14.563138, 121.0428127 14.5630616))"
,,,,,,,,,,,,,,,,,,,,,,,,,,,,,,,,,,,,,,,,,,,,,,,,,,,,,,,,,,,,,,,,,,,,,,,,"POLYGON ((121.012911 14.5728924, 121.0131188 14.5726672, 121.0134749 14.5728178, 121.0133187 14.573117, 121.012911 14.5728924))"
,,,,,,,,,,,,,,,,,,,,,,,,,,,,,,,,,,,,,,,,,,,,,,,,,,,,,,,,,,,,,,,,,,,,,,,,"POLYGON ((121.0091206 14.569566, 121.0089689 14.569345, 121.0091175 14.5692495, 121.0092692 14.5694705, 121.0091206 14.569566))"
,,,,,,,,,,,,,,,,,,,,,,,,,,,,,,,,,,,,,,,,,,,,,,,hospital,,,,,,,,,,,,,,,,,,,,,,,,,"POLYGON ((121.0178992 14.5635531, 121.017639 14.5636131, 121.0172699 14.5636086, 121.0174392 14.562488, 121.0179621 14.5625421, 121.0178992 14.5635531))"
,,,,,,,,,,,,,,,,,,,,,,,,,,,,,,,,,,,,,,,,,,,,,,,,,,,,,,,,,,,,,,,,,,,,,,,,"POLYGON ((121.038847 14.5636059, 121.0386841 14.5640282, 121.0386924 14.5640936, 121.0390544 14.5642197, 121.0392361 14.5637456, 121.038847 14.5636059))"
,,,,,,,,,,,,,,,,,,,,,,,,,,,,,,,,,,,,,,,,,,,,,,,,,,,,,,,,,,,,,,,,,,,,,,,,"POLYGON ((121.003666 14.5560744, 121.0034445 14.5565852, 121.0032208 14.5565064, 121.00343 14.5559885, 121.003666 14.5560744))"
water,,,,,,,,,,,,,,,,,,,,,,,,,,,,,,,,,,,,,,,,,,river,,,,,,,,,,,,,,,,,,,,,,,,,,,,,,"POLYGON ((121.0470494 14.5678673, 121.0470807 14.5675299, 121.047121 14.5671963, 121.0471494 14.56697, 121.0471777 14.5668925, 121.0473439 14.5666672, 121.0473866 14.5666961, 121.0472439 14.5668733, 121.047213 14.5670023, 121.0471852 14.5672675, 121.0471464 14.5678726, 121.0470494 14.5678673))"
,,,,,,,,,,,,,,,,,,,,,,,,,,,,,,,,,,,,,,,,,,,,,,,,,,,,,,,,,,,,,,,,,,,,,,,,"POLYGON ((121.0084475 14.5637792, 121.008204 14.5639399, 121.0081759 14.563901, 121.0084203 14.5637348, 121.0080387 14.5632455, 121.0083264 14.5629252, 121.0086577 14.5626085, 121.0089111 14.5621133, 121.0098016 14.5624248, 121.0099046 14.5621525, 121.0100159 14.5622291, 121.0100873 14.5623748, 121.0103443 14.5632309, 121.0094033 14.5632925, 121.0091501 14.5633712, 121.0084475 14.5637792))"
,swimming_pool,,,,,,,,,,,,,,,,,,,,,,,,,,,,,,,,,,,,,,,,,,,,,,,,,,,,,,,,,,,,,,,,,,,,,,,"POLYGON ((121.038658 14.5658345, 121.038802 14.5658453, 121.0388662 14.5658678, 121.0389076 14.5658672, 121.038937 14.5658424, 121.0389324 14.5657998, 121.0388717 14.5657822, 121.0388111 14.565769, 121.038756 14.5657577, 121.0386602 14.5657328, 121.0386325 14.5657595, 121.0386245 14.5657846, 121.0386245 14.5658112, 121.038658 14.5658345))"
,pitch,,,,,,,yes,asphalt,,,,,,,,,,,private,,,,,,,,,,,,,,,,,,,,,,,,,,,,,,,,,,,,,,,,,,no,,,,,,,,,,"POLYGON ((121.0216449 14.5596164, 121.0216855 14.5594018, 121.0217992 14.5594219, 121.0217585 14.5596365, 121.0216449 14.5596164))"
,pitch,,,,,,,yes,asphalt,,,,,,,,,,,private,,,,,,,,,,,,,,,,,,,,,,,,,,,,,,,,,,,,,,,,,,no,,,,,,,,,,"POLYGON ((121.0217938 14.5596482, 121.0218344 14.5594336, 121.021948 14.5594537, 121.0219074 14.5596683, 121.0217938 14.5596482))"
,park,,,,,,,,,,,,,,,,,,,,,,,,,,,,,,,,,,,,,,,,,,,,,,,,,,,,,,,,,,,,,,,,,,,,,,,"POLYGON ((121.0260852 14.5698378, 121.0257079 14.5694018, 121.0257152 14.5693302, 121.0257567 14.5692983, 121.0260674 14.5692169, 121.0263835 14.5691251, 121.026729 14.5690249, 121.0268952 14.5692224, 121.0266175 14.5693288, 121.0262427 14.5695952, 121.0261907 14.5696758, 121.0260852 14.5698378))"
,park,,,,,,,,,,,,,,,,,,,,,,,,,,,,,,,,,,,,,,,,,,,,,,,,,,,,,,,,,,,,,,,,,,,,,,,"POLYGON ((121.029857 14.5657746, 121.029962 14.5657422, 121.0302687 14.5663662, 121.0301528 14.5663606, 121.029857 14.5657746))"
,pitch,,,,,,,,,,,,,,,,,,,,,,,,,,,,,,,,,,,,,,,,,,,,,,,,,,,,,,,,,,,,,,,,,,,,,,,"POLYGON ((121.0386992 14.5659307, 121.0388503 14.5659657, 121.0387889 14.5662139, 121.0386378 14.5661789, 121.0386992 14.5659307))"
,swimming_pool,,,,,,,,,,,,,,,,,,,,,,,,,,,,,,,,,,,,,,,,,,,,,,,,,,,,,,,,,,,,,,,,,,,,,,,"POLYGON ((121.0384738 14.5664366, 121.0384539 14.566407, 121.0384523 14.5663597, 121.0384824 14.5663192, 121.0385027 14.566326, 121.0385237 14.5663498, 121.0385247 14.5663815, 121.0385188 14.5664168, 121.0385086 14.5664386, 121.0384979 14.5664475, 121.0384738 14.5664366))"
,swimming_pool,,,,,,,yes,,,,outdoor,,,,,,,,private,,,,,,,,,,,,,,,,,,,,,,,,,,,,,,,,,,,,,,,,,,,outdoor,,25,,,,,,,"POLYGON ((121.0385273 14.5667587, 121.0384817 14.5667379, 121.0384533 14.5667053, 121.0384423 14.5666722, 121.0384437 14.5666375, 121.0384572 14.5666053, 121.0384813 14.5665796, 121.038512 14.5665637, 121.0385463 14.5665586, 121.0385673 14.5665588, 121.0385808 14.5665478, 121.0385803 14.5664531, 121.0385808 14.5664417, 121.0385824 14.5664386, 121.0385858 14.5664379, 121.0385931 14.5664375, 121.0387351 14.5664352, 121.0387528 14.5664401, 121.0387678 14.5664503, 121.0387788 14.5664646, 121.0387844 14.5664815, 121.0387842 14.5664993, 121.0387779 14.5665157, 121.0387667 14.5665301, 121.038752 14.5665406, 121.0387388 14.5665546, 121.0387292 14.5665704, 121.0387195 14.5665866, 121.038716 14.566605, 121.038719 14.5666234, 121.0387283 14.5666398, 121.038744 14.5666549, 121.0387591 14.566665, 121.03877 14.5666793, 121.0387757 14.5666963, 121.0387754 14.566714, 121.0387693 14.5667308, 121.038758 14.5667448, 121.0387426 14.5667546, 121.0385273 14.5667587))"
,,,,,,,,,,,,,,,,,,,,,,,,,,,,,,,,,,,,,,,,,,,,,,,,,,,,,,,,,,,,,,,,,,,,,,,,"POLYGON ((121.0234785 14.5566644, 121.0244544 14.5562442, 121.0243107 14.5560357, 121.0234254 14.5565752, 121.0234785 14.5566644))"
,,,,,,,,,,,,,,,,,,,,,,,,,,,,,,,,,,,,,,,,,,,,,,,,,,,,,,,,,,,,,,,,,,,,,,,,"POLYGON ((121.0082399 14.5550928, 121.0085685 14.5552752, 121.0087527 14.554851, 121.0084478 14.5546937, 121.0082399 14.5550928))"
,,,,,,,,,,,,,,,,,,,,,,,,,,,,,,,,,,,,,,,,,,,,,,,,,,,,,,,,,,,,,,,,,,Jackson,,,,,,"POLYGON ((121.0119669 14.5528606, 121.0121561 14.5528352, 121.0121382 14.5527311, 121.0120271 14.552745, 121.0119534 14.5527816, 121.0119669 14.5528606))"
,,,,,,,,,,,,,irregular_settlement,,,,,,,,,,,,,,,,,,,,,,,,,,,,,,,,,,,,,,,,,,,,,,,,,,,,,,,,,,,"POLYGON ((121.0124295 14.5304295, 121.0120111 14.5300621, 121.0122277 14.5299115, 121.0121942 14.5298005, 121.0121184 14.5298025, 121.0119246 14.5300342, 121.0118817 14.5301725, 121.0119038 14.530264, 121.0119829 14.5303321, 121.0122176 14.5303821, 121.0123464 14.5304711, 121.0124295 14.5304295))"
,park,,,,,,,,,,,,,,,,,,,,,,,,,,,,,,,,,,,,,,,,,,,,,,,,,,,,,,,,,,,,,,,,,,,,,,,"POLYGON ((121.0460924 14.5679764, 121.0461139 14.5680715, 121.0464385 14.5679911, 121.0470191 14.5679089, 121.0470494 14.5678673, 121.0470489 14.56783, 121.0470023 14.56781, 121.0466184 14.5678419, 121.0464447 14.5678852, 121.0460924 14.5679764))"
,garden,,,,,,,,,,,,,,,,,,,,landscaping,,,,,,,,,,,,,,,,,,,,,,,,,,,,,,,,,,,,,,,,,,,,,,,,,,,"POLYGON ((121.0372828 14.564186, 121.0372881 14.5642002, 121.037298 14.564212, 121.0373115 14.5642198, 121.0373268 14.5642227, 121.0373413 14.5642208, 121.0373544 14.5642147, 121.0373648 14.5642048, 121.0373715 14.5641923, 121.0373738 14.5641783, 121.0373715 14.5641644, 121.0373648 14.5641519, 121.0373544 14.5641421, 121.0373412 14.5641359, 121.0373268 14.564134, 121.0373114 14.564137, 121.037298 14.5641448, 121.0372881 14.5641565, 121.0372828 14.5641708, 121.0372828 14.564186))"
,garden,,,,,,,,,,,,,,,,,,,,,,,,,,,,,,,,,,,,,,,,,,,,,,,,,,,,,,,,,,,,,,,,,,,,,,,"POLYGON ((121.0373157 14.5647557, 121.0373095 14.5647611, 121.0373056 14.5647683, 121.0373043 14.5647763, 121.0373058 14.5647842, 121.03731 14.5647912, 121.0373161 14.5647964, 121.0373235 14.5647993, 121.0373316 14.5647998, 121.0373393 14.5647978, 121.0373461 14.5647935, 121.037351 14.5647874, 121.0373536 14.56478, 121.0373537 14.5647722, 121.0373512 14.5647648, 121.0373464 14.5647586, 121.0373398 14.5647542, 121.0373317 14.564752, 121.0373234 14.5647525, 121.0373157 14.5647557))"
shrubbery,,,,,,,,,,,,,,,,,,,,,,,,,,,,,,,,,,,,,,,,,,,,,,,,,,,,,,,,,,,,,,,,,,,,,,,,"POLYGON ((121.0336181 14.5471829, 121.0339384 14.5471787, 121.0339891 14.5470927, 121.0339873 14.5469615, 121.033615 14.5469664, 121.0336181 14.5471829))"
tree_row,,,,,,,,,,,,,,,,,,,,,,,,,,,,,,,,,,,,,,,,,,,,,,,,,,,,,,,,,,,,,,,,,,,,,,,,"LINESTRING (121.0336485 14.5471596, 121.0336383 14.5469619, 121.0339834 14.5469533)"
,pitch,,,,,,,,,,,,,,,,,,,,,,,,,,,,,,,,,,,,,,,,,,,,,,,,,,,,,,,,,,,,,,,,,,,,,,,"POLYGON ((121.0250089 14.5536092, 121.0251735 14.5535191, 121.0251259 14.5534377, 121.0249614 14.5535278, 121.0250089 14.5536092))"
,,,,,,,,,,,,,,,,,,,,,,,,,,,,,,,,,,,,,,,,,,,,,,,,,,,,,,,,,,,,,,,,,,,,,,,,"POLYGON ((121.0133317 14.5568494, 121.0132298 14.5573869, 121.0138567 14.557486, 121.0138652 14.5574835, 121.0139707 14.5569489, 121.0133317 14.5568494))"
,swimming_pool,,,,,,,,,,,,,,,,,,,,,,,,,,,,,,,,,,,,,,,,,,,,,,,,,,,,,,,,,,,,,,,,,,,,,,,"POLYGON ((121.015211 14.538031, 121.0152002 14.537985, 121.015166 14.53797, 121.0151754 14.5379454, 121.0152532 14.5379837, 121.0152291 14.538031, 121.015211 14.538031))"
,swimming_pool,,,,,,,,,,,,,,,,,,,,,,,,,,,,,,,,,,,,,,,,,,,,,,,,,,,,,,,,,,,,,,,,,,,,,,,"POLYGON ((121.0163979 14.5345414, 121.0163725 14.5345317, 121.0164026 14.5344581, 121.0164281 14.5344679, 121.0163979 14.5345414))"
,swimming_pool,,,,,,,,,,,,,,,,,,,,,,,,,,,,,,,,,,,,,,,,,,,,,,,,,,,,,,,,,,,,,,,,,,,,,,,"POLYGON ((121.0172112 14.5325053, 121.0172287 14.5324839, 121.0172287 14.5324735, 121.0172159 14.5324599, 121.0172059 14.5324605, 121.0171878 14.5324742, 121.0171643 14.5325079, 121.0171603 14.5325235, 121.0171623 14.5325371, 121.017173 14.5325449, 121.0171898 14.5325469, 121.0172052 14.5325378, 121.0172139 14.5325196, 121.0172112 14.5325053))"
,,,,,,,,,,,,,,,,,,,,,,,,,,,,,,,,,,,,,,,,,,,,,,,,,,,,,,,,,,,,,,,,,,,,,,,,"POLYGON ((121.0063506 14.5632115, 121.006445 14.5630599, 121.0065866 14.5631533, 121.0065115 14.5632987, 121.0063506 14.5632115))"
,,,,,,,,,,,,,,,,,,,,,,,,,,,,,,,,,,,,,,,,,,,,,,,,,,,,,,,,,,,,,,,,,,,,,,,,"POLYGON ((121.0049797 14.5665174, 121.0088447 14.5662513, 121.0085598 14.5649105, 121.0081774 14.5641779, 121.0076964 14.5634927, 121.0069593 14.5627666, 121.0062679 14.5623531, 121.0059333 14.562173, 121.0060691 14.5623728, 121.0056548 14.5625754, 121.0040493 14.5656656, 121.0043792 14.5658499, 121.0046032 14.5660284, 121.0049797 14.5665174))"
,,,,,,,,,,,,,,,,,,,,,,,,,,,,,,,,,,,,,,,,,,,,,,,,,,,,,,,,,,,,,,,,,,,,,,,,"POLYGON ((121.0077433 14.5624866, 121.0077941 14.5622775, 121.0081975 14.5624568, 121.0080233 14.5626744, 121.0079638 14.5626381, 121.0077433 14.5624866))"
,,,,,,,,,,,,,,,,,,,,,,,,,,,,,,,,,,,,,,,,,,,,,,,,,,,,,,,,,,,,,,,,,,,,,,,,"POLYGON ((121.0102378 14.5624638, 121.0105243 14.5624051, 121.010499 14.5622941, 121.0102323 14.5623347, 121.0102345 14.5623923, 121.0102378 14.5624638))"
,,,,,,,,,,,,,,,,,,,,,,,,,,,,,,,,,,,,,,,,,,,,,,,,,,,,,,,,,,,,,,,,,,,,,,,,"POLYGON ((121.0121886 14.5679394, 121.011935 14.5673791, 121.0126228 14.5673633, 121.0125366 14.5678119, 121.0121886 14.5679394))"
grassland,,,,,,,,,,,,,,,,,,,,,,,,,,,,,,,,,,,,,,,,,,,,,,,,,,,,,,,,,,,,,,,,,,,,,,,,"POLYGON ((121.0080053 14.5646059, 121.007953 14.5645141, 121.0082545 14.564325, 121.0083309 14.5644442, 121.0080053 14.5646059))"
grassland,,,,,,,,,,,,,,,,,,,,,,,,,,,,,,,,,,,,,,,,,,,,,,,,,,,,,,,,,,,,,,,,,,,,,,,,"POLYGON ((121.0063278 14.5661453, 121.0063115 14.5660257, 121.0065034 14.5659847, 121.0065278 14.5661154, 121.0063278 14.5661453))"
,,,,,,,,,,,,,,,,,,,,,,,,,,,,,,,,,,,,,,,,,,,,,,,,,,,,,,,,,,,,,,,,,,,,,,,,"POLYGON ((121.0108911 14.5706096, 121.0108339 14.5704906, 121.0109369 14.5704481, 121.0110017 14.5705672, 121.0108911 14.5706096))"
,,,,,,,,,,,,,,,,,,,,,,,,,,,,,,,,,,,,,,,,,,,,,,,,,,,,,,,,,,,,,,,,,,,,,,,,"POLYGON ((121.0151619 14.5691321, 121.0151013 14.5690052, 121.0151693 14.5689762, 121.0152374 14.5690911, 121.0151619 14.5691321))"
,garden,,,,,,,,,,,,,,,,,,,,,,,,,,,,,,,,,,,,,,,,,,,,,,,,,,,,,,,,,,,,,,,,,,,,,,,"POLYGON ((121.0066044 14.5606164, 121.0068102 14.5607112, 121.0068384 14.5606244, 121.0066376 14.560536, 121.0066044 14.5606164))"
,swimming_pool,,,,,,,,,,,,,,,,,,,,,,,,,,,,,,,,,,,,,,,,,,,,,,,,,,,,,,,,,,,,,,,,,,,,,,,"POLYGON ((121.0099374 14.5604112, 121.0100341 14.5604623, 121.010064 14.5604092, 121.0100126 14.560382, 121.0100539 14.5603087, 121.009986 14.5602728, 121.0099744 14.5602935, 121.009997 14.5603054, 121.0099374 14.5604112))"
grassland,,,,,,,,,,,,,,,,,,,,,,,,,,,,,,,,,,,,,,,,,,,,,,,,,,,,,,,,,,,,,,,,,,,,,,,,"POLYGON ((121.007896 14.5619767, 121.0079742 14.5617829, 121.0080238 14.5617922, 121.007999 14.5618642, 121.0080504 14.5618955, 121.0080123 14.5620081, 121.007896 14.5619767))"
grassland,,,,,,,,,,,,,,,,,,,,,,,,,,,,,,,,,,,,,,,,,,,,,,,,,,,,,,,,,,,,,,,,,,,,,,,,"POLYGON ((121.0077904 14.5617857, 121.0078118 14.5617136, 121.0078857 14.5617232, 121.0078446 14.5618075, 121.0077904 14.5617857))"
grassland,,,,,,,,,,,,,,,,,,,,,,,,,,,,,,,,,,,,,,,,,,,,,,,,,,,,,,,,,,,,,,,,,,,,,,,,"POLYGON ((121.0071276 14.5612386, 121.0071682 14.5611085, 121.0073226 14.5611647, 121.0072703 14.561286, 121.0071276 14.5612386))"
,,,,,,,,,,,,,,,,,,,,,,,,,,,,,,,,,,,,,,,,,,,,,,,,,,,,,,,,,,,,,,,,,,,,,,,,"POLYGON ((121.0088001 14.5616434, 121.0088469 14.5615305, 121.0089557 14.5615728, 121.008909 14.5616857, 121.0088001 14.5616434))"
,,,,,,,,,,,,,,,,,,,,,,,,,,,,,,,,,,,,,,,,,,,,,,,,,,,,,,,,,,,,,,,,,,,,,,,,"POLYGON ((121.0088605 14.5615228, 121.0089235 14.5613694, 121.009032 14.5614112, 121.008969 14.5615645, 121.0088605 14.5615228))"
grassland,,,,,,,,,,,,,,,,,,,,,,,,,,,,,,,,,,,,,,,,,,,,,,,,,,,,,,,,,,,,,,,,,,,,,,,,"POLYGON ((121.0086263 14.5633712, 121.0084138 14.5630001, 121.0086645 14.5627398, 121.0088819 14.5623285, 121.0089035 14.5624522, 121.0089749 14.5624265, 121.0090313 14.5624233, 121.0090197 14.5623173, 121.0090197 14.5622434, 121.0093252 14.5623446, 121.0093152 14.5624346, 121.0092652 14.5624766, 121.0092521 14.5624876, 121.0090911 14.5625663, 121.0091193 14.5627447, 121.0088155 14.5627993, 121.0087126 14.5629005, 121.0086794 14.5631495, 121.0087229 14.5634412, 121.0086794 14.563413, 121.0086263 14.5633712))"
grassland,,,,,,,,,,,,,,,,,,,,,,,,,,,,,,,,,,,,,,,,,,,,,,,,,,,,,,,,,,,,,,,,,,,,,,,,"POLYGON ((121.0096256 14.562984, 121.0096057 14.5627993, 121.0099377 14.5627816, 121.0100489 14.5628282, 121.0101452 14.5628523, 121.0101767 14.5629728, 121.0098995 14.5629985, 121.0096256 14.562984))"
grassland,,,,,,,,,,,,,,,,,,,,,,,,,,,,,,,,,,,,,,,,,,,,,,,,,,,,,,,,,,,,,,,,,,,,,,,,"POLYGON ((121.0094663 14.5626149, 121.0096389 14.5626021, 121.0096323 14.5624591, 121.0094473 14.5623991, 121.0094696 14.562541, 121.0093451 14.5625635, 121.0093235 14.5624575, 121.0092687 14.5624992, 121.009287 14.5626358, 121.0094663 14.5626149))"
,,,,,,,,,,,,,,,,,,,,,,,,,,,,,,,,,,,,,,,,,,,,,,,,,,,,,,,,,,,,,,,,,,,,,,,,"POLYGON ((121.0109001 14.5641334, 121.0110813 14.5640577, 121.0110202 14.5639119, 121.0108143 14.5639913, 121.0109001 14.5641334))"
,,,,,,,,,,,,,,,,,,,,,,,,,,,,,,,,,,,,,,,,,,,,,,,,,,,,,,,,,,,,,,,,,,,,,,,,"POLYGON ((121.0120302 14.5648094, 121.0122061 14.5647291, 121.0122692 14.5648432, 121.0120883 14.5649283, 121.0120302 14.5648094))"
,,,,,,,,,,,,,,,,,,,,,,,,,,,,,,,,,,,,,,,,,,,,,,,,,,,,,,,,,,,,,,,,,,,,,,,,"POLYGON ((121.0055004 14.56572, 121.0056365 14.5656509, 121.0055867 14.5655722, 121.0054473 14.5656557, 121.0055004 14.56572))"
,,,,,,,,,,,,,,,,,,,,,,,,,,,,,,,,,,,,,,,,,,,,,,,,,,,,,,,,,,,,,,,,,,,,,,,,"POLYGON ((121.008363 14.5627349, 121.0084294 14.5628021, 121.0085118 14.5627251, 121.0084338 14.5626538, 121.008363 14.5627349))"
,,,,,,,,,,,,,apartments,,,,,,,,,,,,,,,,,,,,,,,,,,,,,,,,,,,,,,,,,,,,,,,,,,,,,,,,,,,"POLYGON ((121.0249286 14.573544, 121.025679 14.5729392, 121.0258842 14.5735219, 121.0256273 14.5737277, 121.0254597 14.5735291, 121.0254101 14.5735635, 121.0253645 14.5735096, 121.0250956 14.5737127, 121.0249286 14.573544))"
,playground,,,,,,,,,,,,,,,,,,,,,,,,,,,,,,,,,,,,,,,,,,,,,,,,,,,,,,,,,,,,,,,,,,,,,,,"POLYGON ((121.0383861 14.5660129, 121.0384127 14.5660421, 121.0384392 14.566054, 121.0384631 14.5660455, 121.0384684 14.5660232, 121.0384755 14.5660001, 121.0384835 14.565983, 121.0384861 14.5659598, 121.0384693 14.5659419, 121.0384401 14.5659384, 121.0384091 14.5659401, 121.0383906 14.565953, 121.0383959 14.5659693, 121.0384198 14.5659804, 121.0384206 14.5660009, 121.0384144 14.5660146, 121.0384083 14.5660206, 121.0383906 14.5660027, 121.0383861 14.5660129))"
,,,,,,,,,,,,,,,,,,,,,,,,,,,,,,,,,,,,,,,,,,,,,,,,,,,,,,,,,,,,,,,,,,,,,,,,"POLYGON ((121.039993 14.5606757, 121.0397399 14.5605175, 121.0398451 14.5603598, 121.0400982 14.5605179, 121.039993 14.5606757))"
,,,,,,,,,,,,,,,,,,,,,,,,,,,,,,,,,,,,,,,,,,,,,,depot,,,,,,,,,,,,,,,,,,,,,,,,,,"POLYGON ((121.0429785 14.5681899, 121.0431274 14.5678556, 121.0433406 14.567929, 121.0432642 14.5682347, 121.0429785 14.5681899))"
,swimming_pool,,,,,,,,,,,,,,,,,,,,,,,,,,,,,,,,,,,,,,,,,,,,,,,,,,,,,,,,,,,,,,,,,,,,,,,"POLYGON ((121.0316625 14.5470929, 121.0316746 14.5470442, 121.0318381 14.5470823, 121.031826 14.547131, 121.0316625 14.5470929))"
,swimming_pool,,,,,,,,,,,,,,,,,,,,,,,,,,,,,,,,,,,,,,,,,,,,,,,,,,,,,,,,,,,,,,,,,,,,,,,"POLYGON ((121.0313611 14.5467652, 121.0313502 14.5468064, 121.0313253 14.5468002, 121.0313223 14.5468117, 121.0312966 14.5468053, 121.0312736 14.5468923, 121.0312847 14.5468951, 121.0312789 14.5469169, 121.0312895 14.5469195, 121.031275 14.5469745, 121.0312341 14.5469644, 121.0312914 14.5467479, 121.0313611 14.5467652))"
,,,,,,,,,,,,,,,,,,,,,,government,,,,,,,,,,,,,,,,,,,,,,,,,,,,,,,,,,,,,,,,,,,,,10,,,,,"POLYGON ((121.0072458 14.5684073, 121.0074629 14.5684877, 121.0075373 14.5682995, 121.0073202 14.5682191, 121.0072458 14.5684073))"
,,,,,,,,,,,989700098652164,,,,,,,,,,,,,,,,,,,,,,,,,,,,,,,,,,,,,,,,,,,,,,,,,,,,,,,,,,,,,"POLYGON ((121.010205 14.5673734, 121.010175 14.5672448, 121.01039 14.567137, 121.0103845 14.5669584, 121.0106542 14.5669357, 121.0107116 14.5670924, 121.0103387 14.5674799, 121.010205 14.5673734))"
,,,,,,,,,,,3243493535919611,,,,,,,,,,,,,,,,,,,,,,,,,,,,,,,,,,,,,,,,,,,,,,,,,,,,,,,,,,,,,"POLYGON ((121.0099431 14.5672144, 121.0098211 14.5669824, 121.0100578 14.5669737, 121.0100678 14.5671489, 121.0099431 14.5672144))"
,,,,,,,,,,,,,,,,,,,,,,,,,,,,,,,,,,,,,,,,,,,,,,,,,,,,,,,,,,,,,,,,,,,,,,,,"POLYGON ((121.0091921 14.5407643, 121.0091036 14.5407143, 121.0089105 14.5402334, 121.0089232 14.5401847, 121.0091063 14.540186, 121.0091532 14.5404469, 121.0091445 14.5406897, 121.0091921 14.5407643))"
,park,,,,,,,,artificial_turf,,,,,,,,,,,,,,,,,,,,,,,,,,,,,,,,,,,,,,,,,,,,,,,,,,,,,,,,,,,,,,,"POLYGON ((121.038607 14.565222, 121.0387052 14.5652409, 121.0388125 14.5652645, 121.0389662 14.5652899, 121.0389936 14.5653694, 121.0390018 14.5654684, 121.038947 14.5655723, 121.0388556 14.5656109, 121.0387809 14.565603, 121.0387144 14.5655759, 121.038635 14.5654866, 121.0386009 14.5654127, 121.0385856 14.5653226, 121.038607 14.565222))"
,,,,,,,,,,,,,,,,,,,,,,,,,,,,,,,,,,,,,,,,,,,,,,,,,,,,,,,,,,,,,,,,,,,,,,,,"POLYGON ((121.0396915 14.5586118, 121.0395473 14.5584908, 121.0396067 14.5584213, 121.0396821 14.5583931, 121.0397958 14.5584914, 121.0396915 14.5586118))"
,,,,,,,,,,,,,,,,,,,,,,,,,,,,,,,,,,,,,,,,,tee,,,,,,,,,,,,,,,,,,,,,,,,,,,,,,,"POLYGON ((121.0410271 14.5481392, 121.0412085 14.5478288, 121.0412754 14.5478654, 121.0410939 14.5481758, 121.0410271 14.5481392))"
,,,,,,,,,,,,,,,,,,,,,,,,,,,,,,,,,,,,,,,,,green,,,,,,,,,,,,,,,,,,,,,,,,,,,,,,,"POLYGON ((121.0432355 14.5498609, 121.0432178 14.5498311, 121.0432168 14.5498031, 121.0432262 14.5497697, 121.043243 14.5497309, 121.0432607 14.5497083, 121.0432831 14.549683, 121.0433083 14.5496568, 121.0433335 14.5496316, 121.0433568 14.5496063, 121.0433785 14.5495914, 121.0433957 14.5495882, 121.0434125 14.5495954, 121.0434176 14.5496117, 121.0434214 14.5496374, 121.0434204 14.5496636, 121.043413 14.5496979, 121.0433999 14.5497377, 121.0433869 14.5497742, 121.0433743 14.5498049, 121.0433463 14.5498307, 121.0433155 14.5498501, 121.0432884 14.5498636, 121.0432637 14.549869, 121.0432355 14.5498609))"
,,,,,,,,,,,,,,,,,,,,,,,,,,,,,,,,,,,,,,,,,tee,,,,,,,,,,,,,,,,,,,,,,,,,,,,,,,"POLYGON ((121.0420105 14.5550723, 121.0419803 14.5549682, 121.0420571 14.5549474, 121.0420873 14.5550514, 121.0420105 14.5550723))"
,park,,,,,,,,,,,,,,,,,,,,,,,,,,,,,,,,,,,,,,,,,,,,,,,,,,,,,,,,,,,,,,,,,,,,,,,"POLYGON ((121.0066878 14.5502587, 121.0066255 14.5502432, 121.006266 14.5503974, 121.0056635 14.5506734, 121.0050666 14.5509583, 121.0044491 14.5512595, 121.0042718 14.5513145, 121.0032902 14.5517292, 121.003283 14.5517422, 121.0032705 14.5517478, 121.0032539 14.5517462, 121.0022118 14.5521766, 121.0017972 14.5524778, 121.0016752 14.5525687, 121.001628 14.5526171, 121.0015877 14.5526787, 121.0015687 14.5527282, 121.0013863 14.553382, 121.0013532 14.5534792, 121.0011724 14.5539278, 121.0011461 14.5539833, 121.0011158 14.5540349, 121.0010534 14.5541152, 121.0010516 14.5541386, 121.0009868 14.5541936, 121.0009069 14.5542319, 121.0008011 14.5542888, 121.0007196 14.5543472, 121.000641 14.5544218, 121.0003739 14.5547151, 121.0004262 14.5547402, 121.0005645 14.5545963, 121.0007059 14.5544492, 121.0007806 14.5543835, 121.0009281 14.5542902, 121.0010101 14.5542347, 121.0010685 14.5541887, 121.0011319 14.5541244, 121.0011629 14.5540866, 121.00119 14.5540451, 121.0012611 14.5539006, 121.001326 14.553749, 121.0014511 14.5534032, 121.0016199 14.552792, 121.0016387 14.5527312, 121.0016598 14.5526877, 121.0016934 14.5526385, 121.0017526 14.552585, 121.0022246 14.5522377, 121.0030062 14.5519106, 121.0032445 14.5518112, 121.0032794 14.551806, 121.0033176 14.5517901, 121.0033511 14.5517678, 121.0033738 14.5517588, 121.0034525 14.5517265, 121.0035171 14.5517098, 121.0042876 14.5513726, 121.004554 14.5512781, 121.0053114 14.5509162, 121.0066878 14.5502587))"
